<?xml version="1.0" encoding="UTF-8" standalone="no"?>
<tool>
    <toolname>ChorusPro4</toolname>
    <package>audio.processing.modulation</package>
    <version>0.1-SNAPSHOT</version>
    <inportnum>1</inportnum>
    <outportnum>1</outportnum>
    <inparam/>
    <outparam/>
    <input>
        <node index="0">
            <type>triana.types.audio.MultipleAudio</type>
        </node>
    </input>
    <output>
        <node index="0">
            <type>triana.types.audio.MultipleAudio</type>
        </node>
    </output>
    <parameters>
        <param name="guiY" type="gui">
            <value>2.1710526315789473</value>
        </param>
        <param name="guiX" type="gui">
            <value>1.9078947368421053</value>
        </param>
        <param name="popUpDescription" type="unknown">
            <value>No description for tool</value>
        </param>
    </parameters>
    <tasks>
        <task>
            <toolname>Chorus3</toolname>
            <package>audio.processing.modulation</package>
            <version>0.1</version>
            <proxy type="Java">
                <param paramname="unitName">
                    <value>VariableDelay</value>
                </param>
                <param paramname="unitPackage">
                    <value>audio.processing.modulation</value>
                </param>
            </proxy>
            <inportnum>1</inportnum>
            <outportnum>1</outportnum>
            <inparam/>
            <outparam/>
            <input>
                <type>triana.types.audio.MultipleAudio</type>
            </input>
            <output>
                <type>triana.types.audio.MultipleAudio</type>
            </output>
            <parameters>
                <param name="delayInMs" type="userAccessible">
                    <value>40.000</value>
                </param>
                <param name="LFOType" type="userAccessible">
                    <value>sinusoidal</value>
                </param>
                <param name="feedback" type="userAccessible">
                    <value>91</value>
                </param>
                <param name="amplitude" type="userAccessible">
                    <value>50</value>
                </param>
                <param name="filterType" type="userAccessible">
                    <value>delay only</value>
                </param>
                <param name="summingType" type="userAccessible">
                    <value>Type 2</value>
                </param>
                <param name="oscillationPeriod" type="userAccessible">
                    <value>44100</value>
                </param>
                <param name="chunked" type="userAccessible">
                    <value>false</value>
                </param>
                <param name="guiY" type="gui">
                    <value>3.7105263157894735</value>
                </param>
                <param name="guiX" type="gui">
                    <value>1.5087719298245614</value>
                </param>
            </parameters>
        </task>
        <task>
            <toolname>Chorus2</toolname>
            <package>audio.processing.modulation</package>
            <version>0.1</version>
            <proxy type="Java">
                <param paramname="unitName">
                    <value>VariableDelay</value>
                </param>
                <param paramname="unitPackage">
                    <value>audio.processing.modulation</value>
                </param>
            </proxy>
            <inportnum>1</inportnum>
            <outportnum>1</outportnum>
            <inparam/>
            <outparam/>
            <input>
                <type>triana.types.audio.MultipleAudio</type>
            </input>
            <output>
                <type>triana.types.audio.MultipleAudio</type>
            </output>
            <parameters>
                <param name="delayInMs" type="userAccessible">
                    <value>35.000</value>
                </param>
                <param name="LFOType" type="userAccessible">
                    <value>sinusoidal</value>
                </param>
                <param name="feedback" type="userAccessible">
                    <value>94</value>
                </param>
                <param name="amplitude" type="userAccessible">
                    <value>56</value>
                </param>
                <param name="filterType" type="userAccessible">
                    <value>delay only</value>
                </param>
                <param name="summingType" type="userAccessible">
                    <value>Type 1</value>
                </param>
                <param name="oscillationPeriod" type="userAccessible">
                    <value>44100</value>
                </param>
                <param name="chunked" type="userAccessible">
                    <value>false</value>
                </param>
                <param name="guiY" type="gui">
                    <value>2.4736842105263155</value>
                </param>
                <param name="guiX" type="gui">
                    <value>1.5087719298245614</value>
                </param>
            </parameters>
        </task>
        <task>
            <toolname>Chorus1</toolname>
            <package>audio.processing.modulation</package>
            <version>0.1</version>
            <proxy type="Java">
                <param paramname="unitName">
                    <value>VariableDelay</value>
                </param>
                <param paramname="unitPackage">
                    <value>audio.processing.modulation</value>
                </param>
            </proxy>
            <inportnum>1</inportnum>
            <outportnum>1</outportnum>
            <inparam/>
            <outparam/>
            <input>
                <type>triana.types.audio.MultipleAudio</type>
            </input>
            <output>
                <type>triana.types.audio.MultipleAudio</type>
            </output>
            <parameters>
                <param name="delayInMs" type="userAccessible">
                    <value>25.000</value>
                </param>
                <param name="LFOType" type="userAccessible">
                    <value>sinusoidal</value>
                </param>
                <param name="feedback" type="userAccessible">
                    <value>88</value>
                </param>
                <param name="amplitude" type="userAccessible">
                    <value>94</value>
                </param>
                <param name="filterType" type="userAccessible">
                    <value>comb</value>
                </param>
                <param name="summingType" type="userAccessible">
                    <value>Type 1</value>
                </param>
                <param name="oscillationPeriod" type="userAccessible">
                    <value>88200</value>
                </param>
                <param name="chunked" type="userAccessible">
                    <value>false</value>
                </param>
                <param name="guiY" type="gui">
                    <value>0.0</value>
                </param>
                <param name="guiX" type="gui">
                    <value>1.5087719298245614</value>
                </param>
            </parameters>
        </task>
        <task>
            <toolname>Fader</toolname>
            <package>audio.processing.tools</package>
            <version>0.1</version>
            <proxy type="Java">
                <param paramname="unitName">
                    <value>Fader</value>
                </param>
                <param paramname="unitPackage">
                    <value>audio.processing.tools</value>
                </param>
            </proxy>
            <inportnum>1</inportnum>
            <outportnum>4</outportnum>
            <inparam/>
            <outparam/>
            <input>
                <type>triana.types.audio.MultipleAudio</type>
            </input>
            <output>
                <type>triana.types.audio.MultipleAudio</type>
            </output>
            <parameters>
                <param name="guiY" type="gui">
                    <value>1.736842105263158</value>
                </param>
                <param name="guiX" type="gui">
                    <value>0.0</value>
                </param>
                <param name="volumeInDB" type="userAccessible">
                    <value>0</value>
                </param>
            </parameters>
        </task>
        <task>
            <toolname>Chorus</toolname>
            <package>audio.processing.modulation</package>
            <version>0.1</version>
            <proxy type="Java">
                <param paramname="unitName">
                    <value>VariableDelay</value>
                </param>
                <param paramname="unitPackage">
                    <value>audio.processing.modulation</value>
                </param>
            </proxy>
            <inportnum>1</inportnum>
            <outportnum>1</outportnum>
            <inparam/>
            <outparam/>
            <input>
                <type>triana.types.audio.MultipleAudio</type>
            </input>
            <output>
                <type>triana.types.audio.MultipleAudio</type>
            </output>
            <parameters>
                <param name="delayInMs" type="userAccessible">
                    <value>30.000</value>
                </param>
                <param name="LFOType" type="userAccessible">
                    <value>sinusoidal</value>
                </param>
                <param name="feedback" type="userAccessible">
                    <value>92</value>
                </param>
                <param name="amplitude" type="userAccessible">
                    <value>84</value>
                </param>
                <param name="filterType" type="userAccessible">
                    <value>delay only</value>
                </param>
                <param name="summingType" type="userAccessible">
                    <value>Type 1</value>
                </param>
                <param name="oscillationPeriod" type="userAccessible">
                    <value>44100</value>
                </param>
                <param name="chunked" type="userAccessible">
                    <value>false</value>
                </param>
                <param name="guiY" type="gui">
                    <value>1.263157894736842</value>
                </param>
                <param name="guiX" type="gui">
                    <value>1.5087719298245614</value>
                </param>
            </parameters>
        </task>
        <task>
            <toolname>NodeMixer</toolname>
            <package>audio.processing.tools</package>
            <version>0.1</version>
            <proxy type="Java">
                <param paramname="unitName">
                    <value>NodeMixer</value>
                </param>
                <param paramname="unitPackage">
                    <value>audio.processing.tools</value>
                </param>
            </proxy>
            <inportnum>4</inportnum>
            <outportnum>1</outportnum>
            <inparam/>
            <outparam/>
            <input>
                <type>triana.types.audio.MultipleAudio</type>
            </input>
            <output>
                <type>triana.types.audio.MultipleAudio</type>
            </output>
            <parameters>
                <param name="guiY" type="gui">
                    <value>1.736842105263158</value>
                </param>
                <param name="guiX" type="gui">
                    <value>3.0964912280701755</value>
                </param>
                <param name="normal" type="userAccessible">
                    <value>100</value>
                </param>
            </parameters>
        </task>
        <connections>
            <connection type="NonRunnable">
                <source node="3" taskname="Fader"/>
                <target node="0" taskname="Chorus3"/>
            </connection>
            <connection type="NonRunnable">
                <source node="0" taskname="Chorus3"/>
                <target node="3" taskname="NodeMixer"/>
            </connection>
            <connection type="NonRunnable">
                <source node="2" taskname="Fader"/>
                <target node="0" taskname="Chorus2"/>
            </connection>
            <connection type="NonRunnable">
                <source node="0" taskname="Chorus2"/>
                <target node="2" taskname="NodeMixer"/>
            </connection>
            <connection type="NonRunnable">
                <source node="0" taskname="Fader"/>
                <target node="0" taskname="Chorus1"/>
            </connection>
            <connection type="NonRunnable">
                <source node="0" taskname="Chorus1"/>
                <target node="0" taskname="NodeMixer"/>
            </connection>
            <connection type="NonRunnable">
                <source node="1" taskname="Fader"/>
                <target node="0" taskname="Chorus"/>
            </connection>
            <connection type="NonRunnable">
                <source node="0" taskname="Chorus"/>
                <target node="1" taskname="NodeMixer"/>
            </connection>
        </connections>
        <groupnodemapping>
            <input>
                <node externalnode="0" node="0" taskname="Fader"/>
            </input>
            <output>
                <node externalnode="0" node="0" taskname="NodeMixer"/>
            </output>
        </groupnodemapping>
    </tasks>
</tool>
