<?xml version="1.0" encoding="UTF-8" standalone="no"?>
<tool>
    <toolname>Large Room</toolname>
    <package>audio.processing.reverb</package>
    <version>0.1-SNAPSHOT</version>
    <inportnum>1</inportnum>
    <outportnum>1</outportnum>
    <inparam/>
    <outparam/>
    <input>
        <node index="0">
            <type>triana.types.audio.MultipleAudio</type>
        </node>
    </input>
    <output>
        <node index="0">
            <type>triana.types.audio.MultipleAudio</type>
        </node>
    </output>
    <parameters>
        <param name="guiY" type="gui">
            <value>2.6052631578947367</value>
        </param>
        <param name="guiX" type="gui">
            <value>1.6228070175438596</value>
        </param>
        <param name="popUpDescription" type="unknown">
            <value>No description for tool</value>
        </param>
    </parameters>
    <tasks>
        <task>
            <toolname>CombDelay3</toolname>
            <package>audio.processing.delay</package>
            <version>0.1</version>
            <proxy type="Java">
                <param paramname="unitName">
                    <value>CombDelay</value>
                </param>
                <param paramname="unitPackage">
                    <value>audio.processing.delay</value>
                </param>
            </proxy>
            <inportnum>1</inportnum>
            <outportnum>1</outportnum>
            <inparam/>
            <outparam/>
            <input>
                <type>triana.types.audio.MultipleAudio</type>
            </input>
            <output>
                <type>triana.types.audio.MultipleAudio</type>
            </output>
            <parameters>
                <param name="filterType" type="userAccessible">
                    <value>Standard Feedback Filter</value>
                </param>
                <param name="feedback" type="userAccessible">
                    <value>59</value>
                </param>
                <param name="guiY" type="gui">
                    <value>4.526315789473684</value>
                </param>
                <param name="guiX" type="gui">
                    <value>1.3070175438596492</value>
                </param>
                <param name="chunked" type="userAccessible">
                    <value>false</value>
                </param>
                <param name="delayInMs" type="userAccessible">
                    <value>53.700</value>
                </param>
            </parameters>
        </task>
        <task>
            <toolname>CombDelay</toolname>
            <package>audio.processing.delay</package>
            <version>0.1</version>
            <proxy type="Java">
                <param paramname="unitName">
                    <value>CombDelay</value>
                </param>
                <param paramname="unitPackage">
                    <value>audio.processing.delay</value>
                </param>
            </proxy>
            <inportnum>1</inportnum>
            <outportnum>1</outportnum>
            <inparam/>
            <outparam/>
            <input>
                <type>triana.types.audio.MultipleAudio</type>
            </input>
            <output>
                <type>triana.types.audio.MultipleAudio</type>
            </output>
            <parameters>
                <param name="filterType" type="userAccessible">
                    <value>Standard Feedback Filter</value>
                </param>
                <param name="feedback" type="userAccessible">
                    <value>60</value>
                </param>
                <param name="guiY" type="gui">
                    <value>0.0</value>
                </param>
                <param name="guiX" type="gui">
                    <value>1.2982456140350878</value>
                </param>
                <param name="chunked" type="userAccessible">
                    <value>false</value>
                </param>
                <param name="delayInMs" type="userAccessible">
                    <value>49.700</value>
                </param>
            </parameters>
        </task>
        <task>
            <toolname>CombDelay2</toolname>
            <package>audio.processing.delay</package>
            <version>0.1</version>
            <proxy type="Java">
                <param paramname="unitName">
                    <value>CombDelay</value>
                </param>
                <param paramname="unitPackage">
                    <value>audio.processing.delay</value>
                </param>
            </proxy>
            <inportnum>1</inportnum>
            <outportnum>1</outportnum>
            <inparam/>
            <outparam/>
            <input>
                <type>triana.types.audio.MultipleAudio</type>
            </input>
            <output>
                <type>triana.types.audio.MultipleAudio</type>
            </output>
            <parameters>
                <param name="filterType" type="userAccessible">
                    <value>Standard Feedback Filter</value>
                </param>
                <param name="feedback" type="userAccessible">
                    <value>61</value>
                </param>
                <param name="guiY" type="gui">
                    <value>2.9736842105263155</value>
                </param>
                <param name="guiX" type="gui">
                    <value>1.3070175438596492</value>
                </param>
                <param name="chunked" type="userAccessible">
                    <value>false</value>
                </param>
                <param name="delayInMs" type="userAccessible">
                    <value>51.100</value>
                </param>
            </parameters>
        </task>
        <task>
            <toolname>CombDelay1</toolname>
            <package>audio.processing.delay</package>
            <version>0.1</version>
            <proxy type="Java">
                <param paramname="unitName">
                    <value>CombDelay</value>
                </param>
                <param paramname="unitPackage">
                    <value>audio.processing.delay</value>
                </param>
            </proxy>
            <inportnum>1</inportnum>
            <outportnum>1</outportnum>
            <inparam/>
            <outparam/>
            <input>
                <type>triana.types.audio.MultipleAudio</type>
            </input>
            <output>
                <type>triana.types.audio.MultipleAudio</type>
            </output>
            <parameters>
                <param name="filterType" type="userAccessible">
                    <value>Standard Feedback Filter</value>
                </param>
                <param name="feedback" type="userAccessible">
                    <value>65</value>
                </param>
                <param name="guiY" type="gui">
                    <value>1.5263157894736843</value>
                </param>
                <param name="guiX" type="gui">
                    <value>1.2982456140350878</value>
                </param>
                <param name="chunked" type="userAccessible">
                    <value>false</value>
                </param>
                <param name="delayInMs" type="userAccessible">
                    <value>47.100</value>
                </param>
            </parameters>
        </task>
        <task>
            <toolname>AllPass</toolname>
            <package>audio.processing.delay</package>
            <version>0.1</version>
            <proxy type="Java">
                <param paramname="unitName">
                    <value>AllPass</value>
                </param>
                <param paramname="unitPackage">
                    <value>audio.processing.delay</value>
                </param>
            </proxy>
            <inportnum>1</inportnum>
            <outportnum>1</outportnum>
            <inparam/>
            <outparam/>
            <input>
                <type>triana.types.audio.MultipleAudio</type>
            </input>
            <output>
                <type>triana.types.audio.MultipleAudio</type>
            </output>
            <parameters>
                <param name="feedback" type="userAccessible">
                    <value>70</value>
                </param>
                <param name="guiY" type="gui">
                    <value>2.131578947368421</value>
                </param>
                <param name="guiX" type="gui">
                    <value>3.956140350877193</value>
                </param>
                <param name="chunked" type="userAccessible">
                    <value>false</value>
                </param>
                <param name="delayInMs" type="userAccessible">
                    <value>9.000</value>
                </param>
            </parameters>
        </task>
        <task>
            <toolname>Fader</toolname>
            <package>audio.processing.tools</package>
            <version>0.1</version>
            <proxy type="Java">
                <param paramname="unitName">
                    <value>Fader</value>
                </param>
                <param paramname="unitPackage">
                    <value>audio.processing.tools</value>
                </param>
            </proxy>
            <inportnum>1</inportnum>
            <outportnum>4</outportnum>
            <inparam/>
            <outparam/>
            <input>
                <type>triana.types.audio.MultipleAudio</type>
            </input>
            <output>
                <type>triana.types.audio.MultipleAudio</type>
            </output>
            <parameters>
                <param name="guiY" type="gui">
                    <value>1.9736842105263157</value>
                </param>
                <param name="guiX" type="gui">
                    <value>0.0</value>
                </param>
                <param name="volumeInDB" type="userAccessible">
                    <value>0</value>
                </param>
            </parameters>
        </task>
        <task>
            <toolname>AllPass1</toolname>
            <package>audio.processing.delay</package>
            <version>0.1</version>
            <proxy type="Java">
                <param paramname="unitName">
                    <value>AllPass</value>
                </param>
                <param paramname="unitPackage">
                    <value>audio.processing.delay</value>
                </param>
            </proxy>
            <inportnum>1</inportnum>
            <outportnum>1</outportnum>
            <inparam/>
            <outparam/>
            <input>
                <type>triana.types.audio.MultipleAudio</type>
            </input>
            <output>
                <type>triana.types.audio.MultipleAudio</type>
            </output>
            <parameters>
                <param name="feedback" type="userAccessible">
                    <value>70</value>
                </param>
                <param name="guiY" type="gui">
                    <value>2.131578947368421</value>
                </param>
                <param name="guiX" type="gui">
                    <value>5.149122807017544</value>
                </param>
                <param name="chunked" type="userAccessible">
                    <value>false</value>
                </param>
                <param name="delayInMs" type="userAccessible">
                    <value>5.000</value>
                </param>
            </parameters>
        </task>
        <task>
            <toolname>NodeMixer</toolname>
            <package>audio.processing.tools</package>
            <version>0.1</version>
            <proxy type="Java">
                <param paramname="unitName">
                    <value>NodeMixer</value>
                </param>
                <param paramname="unitPackage">
                    <value>audio.processing.tools</value>
                </param>
            </proxy>
            <inportnum>4</inportnum>
            <outportnum>1</outportnum>
            <inparam/>
            <outparam/>
            <input>
                <type>triana.types.audio.MultipleAudio</type>
            </input>
            <output>
                <type>triana.types.audio.MultipleAudio</type>
            </output>
            <parameters>
                <param name="guiY" type="gui">
                    <value>1.894736842105263</value>
                </param>
                <param name="guiX" type="gui">
                    <value>2.8157894736842106</value>
                </param>
                <param name="normal" type="userAccessible">
                    <value>100</value>
                </param>
            </parameters>
        </task>
        <connections>
            <connection type="NonRunnable">
                <source node="3" taskname="Fader"/>
                <target node="0" taskname="CombDelay3"/>
            </connection>
            <connection type="NonRunnable">
                <source node="0" taskname="CombDelay3"/>
                <target node="3" taskname="NodeMixer"/>
            </connection>
            <connection type="NonRunnable">
                <source node="0" taskname="Fader"/>
                <target node="0" taskname="CombDelay"/>
            </connection>
            <connection type="NonRunnable">
                <source node="0" taskname="CombDelay"/>
                <target node="0" taskname="NodeMixer"/>
            </connection>
            <connection type="NonRunnable">
                <source node="2" taskname="Fader"/>
                <target node="0" taskname="CombDelay2"/>
            </connection>
            <connection type="NonRunnable">
                <source node="0" taskname="CombDelay2"/>
                <target node="2" taskname="NodeMixer"/>
            </connection>
            <connection type="NonRunnable">
                <source node="1" taskname="Fader"/>
                <target node="0" taskname="CombDelay1"/>
            </connection>
            <connection type="NonRunnable">
                <source node="0" taskname="CombDelay1"/>
                <target node="1" taskname="NodeMixer"/>
            </connection>
            <connection type="NonRunnable">
                <source node="0" taskname="NodeMixer"/>
                <target node="0" taskname="AllPass"/>
            </connection>
            <connection type="NonRunnable">
                <source node="0" taskname="AllPass"/>
                <target node="0" taskname="AllPass1"/>
            </connection>
        </connections>
        <groupnodemapping>
            <input>
                <node externalnode="0" node="0" taskname="Fader"/>
            </input>
            <output>
                <node externalnode="0" node="0" taskname="AllPass1"/>
            </output>
        </groupnodemapping>
    </tasks>
</tool>
