{"tool": {"outputExtensions": [{"must_be_larger_than": null, "must_exist": null, "file_extension__pattern": "*"}], "display_name": "select file", "name": "fileselector", "parameter_list": [{"default_value": "selected files", "mandatory": true, "use_output_filename__switch": null, "output_file": false, "possible_values": null, "rank": 1, "switch_use__description": "Only the value will be passed in the argument list (ie. the switch won't be used)", "switch_use__formatstring": "%(value)s", "switch": "files", "acceptedExtensionList": ["*"], "helptext": null, "batch_bundle_files": false, "file_assignment": "batch", "hidden": false, "id": 977, "switch_use__display_text": "valueOnly"}], "accepts_input": false, "job_type": "", "enabled": true, "cpus": "", "fs_backend": "nullbackend", "queue": "", "module": "", "max_memory": null, "inputExtensions": ["*"], "path": "", "backend": "nullbackend", "walltime": "", "description": "Select a file from your workspace directory."}}