<?xml version="1.0" encoding="UTF-8" ?>
<!DOCTYPE mapper PUBLIC "-//mybatis.org//DTD Mapper 3.0//EN" "http://mybatis.org/dtd/mybatis-3-mapper.dtd" >
<mapper namespace="cz.metacentrum.perun.cabinet.dao.mybatis.CategoryMapper" >
    <resultMap id="BaseResultMap" type="cz.metacentrum.perun.cabinet.model.Category" >
        <!--
          WARNING - @mbggenerated
          This element is automatically generated by MyBatis Generator, do not modify.
          This element was generated on Wed Nov 02 13:52:56 CET 2011.
        -->
        <id column="id" property="id" jdbcType="INTEGER" />
        <result column="name" property="name" jdbcType="VARCHAR" />
        <result column="rank" property="rank" jdbcType="DOUBLE" />
    </resultMap>
    <sql id="Example_Where_Clause" >
        <!--
          WARNING - @mbggenerated
          This element is automatically generated by MyBatis Generator, do not modify.
          This element was generated on Wed Nov 02 13:52:56 CET 2011.
        -->
        <where >
            <foreach collection="oredCriteria" item="criteria" separator="or" >
                <if test="criteria.valid" >
                    <trim prefix="(" suffix=")" prefixOverrides="and" >
                        <foreach collection="criteria.criteria" item="criterion" >
                            <choose >
                                <when test="criterion.noValue" >
                                    and ${criterion.condition}
                                </when>
                                <when test="criterion.singleValue" >
                                    and ${criterion.condition} #{criterion.value}
                                </when>
                                <when test="criterion.betweenValue" >
                                    and ${criterion.condition} #{criterion.value} and #{criterion.secondValue}
                                </when>
                                <when test="criterion.listValue" >
                                    and ${criterion.condition}
                                    <foreach collection="criterion.value" item="listItem" open="(" close=")" separator="," >
                                        #{listItem}
                                    </foreach>
                                </when>
                            </choose>
                        </foreach>
                    </trim>
                </if>
            </foreach>
        </where>
    </sql>
    <sql id="Update_By_Example_Where_Clause" >
        <!--
          WARNING - @mbggenerated
          This element is automatically generated by MyBatis Generator, do not modify.
          This element was generated on Wed Nov 02 13:52:56 CET 2011.
        -->
        <where >
            <foreach collection="example.oredCriteria" item="criteria" separator="or" >
                <if test="criteria.valid" >
                    <trim prefix="(" suffix=")" prefixOverrides="and" >
                        <foreach collection="criteria.criteria" item="criterion" >
                            <choose >
                                <when test="criterion.noValue" >
                                    and ${criterion.condition}
                                </when>
                                <when test="criterion.singleValue" >
                                    and ${criterion.condition} #{criterion.value}
                                </when>
                                <when test="criterion.betweenValue" >
                                    and ${criterion.condition} #{criterion.value} and #{criterion.secondValue}
                                </when>
                                <when test="criterion.listValue" >
                                    and ${criterion.condition}
                                    <foreach collection="criterion.value" item="listItem" open="(" close=")" separator="," >
                                        #{listItem}
                                    </foreach>
                                </when>
                            </choose>
                        </foreach>
                    </trim>
                </if>
            </foreach>
        </where>
    </sql>
    <sql id="Base_Column_List" >
        <!--
          WARNING - @mbggenerated
          This element is automatically generated by MyBatis Generator, do not modify.
          This element was generated on Wed Nov 02 13:52:56 CET 2011.
        -->
        id, name, rank
    </sql>
    <select id="selectByExample" resultMap="BaseResultMap" parameterType="cz.metacentrum.perun.cabinet.dao.mybatis.CategoryExample" >
        <!--
          WARNING - @mbggenerated
          This element is automatically generated by MyBatis Generator, do not modify.
          This element was generated on Wed Nov 02 13:52:56 CET 2011.
        -->
        select
        <if test="distinct" >
            distinct
        </if>
        <include refid="Base_Column_List" />
        from CABINET_CATEGORIES
        <if test="_parameter != null" >
            <include refid="Example_Where_Clause" />
        </if>
        <if test="orderByClause != null" >
            order by ${orderByClause}
        </if>
    </select>
    <select id="selectByPrimaryKey" resultMap="BaseResultMap" parameterType="java.lang.Integer" >
        <!--
          WARNING - @mbggenerated
          This element is automatically generated by MyBatis Generator, do not modify.
          This element was generated on Wed Nov 02 13:52:56 CET 2011.
        -->
        select
        <include refid="Base_Column_List" />
        from CABINET_CATEGORIES
        where id = #{id,jdbcType=INTEGER}
    </select>
    <delete id="deleteByPrimaryKey" parameterType="java.lang.Integer" >
        <!--
          WARNING - @mbggenerated
          This element is automatically generated by MyBatis Generator, do not modify.
          This element was generated on Wed Nov 02 13:52:56 CET 2011.
        -->
        delete from CABINET_CATEGORIES
        where id = #{id,jdbcType=INTEGER}
    </delete>
    <delete id="deleteByExample" parameterType="cz.metacentrum.perun.cabinet.dao.mybatis.CategoryExample" >
        <!--
          WARNING - @mbggenerated
          This element is automatically generated by MyBatis Generator, do not modify.
          This element was generated on Wed Nov 02 13:52:56 CET 2011.
        -->
        delete from CABINET_CATEGORIES
        <if test="_parameter != null" >
            <include refid="Example_Where_Clause" />
        </if>
    </delete>
    <insert id="insert" useGeneratedKeys="true"  keyProperty="id" parameterType="cz.metacentrum.perun.cabinet.model.Category">
        <!--
          WARNING - @mbggenerated
          This element is automatically generated by MyBatis Generator, do not modify.
          This element was generated on Wed Nov 02 13:52:56 CET 2011.
         -->
        <selectKey keyProperty="id" order="BEFORE" resultType="java.lang.Integer">
            <if test="_databaseId == 'oracle'">
                SELECT CABINET_CATEGORIES_ID_SEQ.NEXTVAL id FROM DUAL
            </if>
            <if test="_databaseId == 'postgresql'">
                SELECT nextval('CABINET_CATEGORIES_ID_SEQ')
            </if>
            <if test="_databaseId == 'hsql'">
                call next value for cabinet_categories_id_seq
            </if>
        </selectKey>
        insert into CABINET_CATEGORIES (id, name, rank
        )
        values (#{id,jdbcType=INTEGER}, #{name,jdbcType=VARCHAR}, #{rank,jdbcType=DOUBLE}
        )
        <!--       <selectKey keyProperty="id" resultType="int" order="AFTER"> select last_insert_id()</selectKey> -->
    </insert>


    <insert id="insertSelective" parameterType="cz.metacentrum.perun.cabinet.model.Category" >
        <!--
          WARNING - @mbggenerated
          This element is automatically generated by MyBatis Generator, do not modify.
          This element was generated on Wed Nov 02 13:52:56 CET 2011.
        -->
        <selectKey keyProperty="id" order="BEFORE" resultType="java.lang.Integer">
            <if test="_databaseId == 'oracle'">
                SELECT CABINET_CATEGORIES_ID_SEQ.NEXTVAL id FROM DUAL
            </if>
            <if test="_databaseId == 'postgresql'">
                SELECT nextval('CABINET_CATEGORIES_ID_SEQ')
            </if>
            <if test="_databaseId == 'hsql'">
                call next value for cabinet_categories_id_seq
            </if>
        </selectKey>
        insert into CABINET_CATEGORIES
        <trim prefix="(" suffix=")" suffixOverrides="," >
            <if test="id != null" >
                id,
            </if>
            <if test="name != null" >
                name,
            </if>
            <if test="rank != null" >
                rank,
            </if>
        </trim>
        <trim prefix="values (" suffix=")" suffixOverrides="," >
            <if test="id != null" >
                #{id,jdbcType=INTEGER},
            </if>
            <if test="name != null" >
                #{name,jdbcType=VARCHAR},
            </if>
            <if test="rank != null" >
                #{rank,jdbcType=DOUBLE},
            </if>
        </trim>
    </insert>
    <select id="countByExample" parameterType="cz.metacentrum.perun.cabinet.dao.mybatis.CategoryExample" resultType="java.lang.Integer" >
        <!--
          WARNING - @mbggenerated
          This element is automatically generated by MyBatis Generator, do not modify.
          This element was generated on Wed Nov 02 13:52:56 CET 2011.
        -->
        select count(*) from CABINET_CATEGORIES
        <if test="_parameter != null" >
            <include refid="Example_Where_Clause" />
        </if>
    </select>
    <update id="updateByExampleSelective" parameterType="map" >
        <!--
          WARNING - @mbggenerated
          This element is automatically generated by MyBatis Generator, do not modify.
          This element was generated on Wed Nov 02 13:52:56 CET 2011.
        -->
        update CABINET_CATEGORIES
        <set >
            <if test="record.id != null" >
                id = #{record.id,jdbcType=INTEGER},
            </if>
            <if test="record.name != null" >
                name = #{record.name,jdbcType=VARCHAR},
            </if>
            <if test="record.rank != null" >
                rank = #{record.rank,jdbcType=DOUBLE},
            </if>
        </set>
        <if test="_parameter != null" >
            <include refid="Update_By_Example_Where_Clause" />
        </if>
    </update>
    <update id="updateByExample" parameterType="map" >
        <!--
          WARNING - @mbggenerated
          This element is automatically generated by MyBatis Generator, do not modify.
          This element was generated on Wed Nov 02 13:52:56 CET 2011.
        -->
        update CABINET_CATEGORIES
        set id = #{record.id,jdbcType=INTEGER},
        name = #{record.name,jdbcType=VARCHAR},
        rank = #{record.rank,jdbcType=DOUBLE}
        <if test="_parameter != null" >
            <include refid="Update_By_Example_Where_Clause" />
        </if>
    </update>
    <update id="updateByPrimaryKeySelective" parameterType="cz.metacentrum.perun.cabinet.model.Category" >
        <!--
          WARNING - @mbggenerated
          This element is automatically generated by MyBatis Generator, do not modify.
          This element was generated on Wed Nov 02 13:52:56 CET 2011.
        -->
        update CABINET_CATEGORIES
        <set >
            <if test="name != null" >
                name = #{name,jdbcType=VARCHAR},
            </if>
            <if test="rank != null" >
                rank = #{rank,jdbcType=DOUBLE},
            </if>
        </set>
        where id = #{id,jdbcType=INTEGER}
    </update>
    <update id="updateByPrimaryKey" parameterType="cz.metacentrum.perun.cabinet.model.Category" >
        <!--
          WARNING - @mbggenerated
          This element is automatically generated by MyBatis Generator, do not modify.
          This element was generated on Wed Nov 02 13:52:56 CET 2011.
        -->
        update CABINET_CATEGORIES
        set name = #{name,jdbcType=VARCHAR},
        rank = #{rank,jdbcType=DOUBLE}
        where id = #{id,jdbcType=INTEGER}
    </update>
</mapper>