<?xml version="1.0" encoding="UTF-8" ?>
<!DOCTYPE mapper PUBLIC "-//mybatis.org//DTD Mapper 3.0//EN" "http://mybatis.org/dtd/mybatis-3-mapper.dtd" >
<mapper namespace="cz.metacentrum.perun.cabinet.dao.mybatis.PublicationSystemMapper" >
    <resultMap id="BaseResultMap" type="cz.metacentrum.perun.cabinet.model.PublicationSystem" >
        <!--
          WARNING - @mbggenerated
          This element is automatically generated by MyBatis Generator, do not modify.
          This element was generated on Tue Aug 09 16:18:52 CEST 2011.
        -->
        <id column="id" property="id" jdbcType="INTEGER" />
        <result column="friendlyName" property="friendlyName" jdbcType="VARCHAR" />
        <result column="url" property="url" jdbcType="VARCHAR" />
        <result column="username" property="username" jdbcType="VARCHAR" />
        <result column="password" property="password" jdbcType="VARCHAR" />
        <result column="loginNamespace" property="loginNamespace" jdbcType="VARCHAR" />
        <result column="type" property="type" jdbcType="VARCHAR" />
    </resultMap>
    <sql id="Example_Where_Clause" >
        <!--
          WARNING - @mbggenerated
          This element is automatically generated by MyBatis Generator, do not modify.
          This element was generated on Tue Aug 09 16:18:52 CEST 2011.
        -->
        <where >
            <foreach collection="oredCriteria" item="criteria" separator="or" >
                <if test="criteria.valid" >
                    <trim prefix="(" suffix=")" prefixOverrides="and" >
                        <foreach collection="criteria.criteria" item="criterion" >
                            <choose >
                                <when test="criterion.noValue" >
                                    and ${criterion.condition}
                                </when>
                                <when test="criterion.singleValue" >
                                    and ${criterion.condition} #{criterion.value}
                                </when>
                                <when test="criterion.betweenValue" >
                                    and ${criterion.condition} #{criterion.value} and #{criterion.secondValue}
                                </when>
                                <when test="criterion.listValue" >
                                    and ${criterion.condition}
                                    <foreach collection="criterion.value" item="listItem" open="(" close=")" separator="," >
                                        #{listItem}
                                    </foreach>
                                </when>
                            </choose>
                        </foreach>
                    </trim>
                </if>
            </foreach>
        </where>
    </sql>
    <sql id="Update_By_Example_Where_Clause" >
        <!--
          WARNING - @mbggenerated
          This element is automatically generated by MyBatis Generator, do not modify.
          This element was generated on Tue Aug 09 16:18:52 CEST 2011.
        -->
        <where >
            <foreach collection="example.oredCriteria" item="criteria" separator="or" >
                <if test="criteria.valid" >
                    <trim prefix="(" suffix=")" prefixOverrides="and" >
                        <foreach collection="criteria.criteria" item="criterion" >
                            <choose >
                                <when test="criterion.noValue" >
                                    and ${criterion.condition}
                                </when>
                                <when test="criterion.singleValue" >
                                    and ${criterion.condition} #{criterion.value}
                                </when>
                                <when test="criterion.betweenValue" >
                                    and ${criterion.condition} #{criterion.value} and #{criterion.secondValue}
                                </when>
                                <when test="criterion.listValue" >
                                    and ${criterion.condition}
                                    <foreach collection="criterion.value" item="listItem" open="(" close=")" separator="," >
                                        #{listItem}
                                    </foreach>
                                </when>
                            </choose>
                        </foreach>
                    </trim>
                </if>
            </foreach>
        </where>
    </sql>
    <sql id="Base_Column_List" >
        <!--
          WARNING - @mbggenerated
          This element is automatically generated by MyBatis Generator, do not modify.
          This element was generated on Tue Aug 09 16:18:52 CEST 2011.
        -->
        id, friendlyName, url, username, password, loginNamespace, type
    </sql>

    <select id="findPublicationSystemsByFilter"  resultMap="BaseResultMap" parameterType="cz.metacentrum.perun.cabinet.model.PublicationSystem" >
        select
        <include refid="Base_Column_List" />
        from CABINET_PUBLICATION_SYSTEMS
        where
        <if test="id != null">
            id = #{id,jdbcType=INTEGER} AND
        </if>
        <if test="loginNamespace != null">
            loginNamespace = #{loginNamespace,jdbcType=VARCHAR} AND
        </if>
        <if test="username != null">
            username = #{username,jdbcType=INTEGER} AND
        </if>
        <if test="password != null">
            password = #{password,jdbcType=INTEGER} AND
        </if>
        <if test="type != null">
            type = #{type,jdbcType=INTEGER} AND
        </if>
        <if test="friendlyName != null">
            friendlyName = #{friendlyName,jdbcType=INTEGER} AND
        </if>
        <if test="url != null">
            url = #{url,jdbcType=INTEGER} AND
        </if>
        1 = 1

    </select>
    <select id="selectByExample" resultMap="BaseResultMap" parameterType="cz.metacentrum.perun.cabinet.dao.mybatis.PublicationSystemExample" >
        <!--
          WARNING - @mbggenerated
          This element is automatically generated by MyBatis Generator, do not modify.
          This element was generated on Tue Aug 09 16:18:52 CEST 2011.
        -->
        select
        <if test="distinct" >
            distinct
        </if>
        <include refid="Base_Column_List" />
        from CABINET_PUBLICATION_SYSTEMS
        <if test="_parameter != null" >
            <include refid="Example_Where_Clause" />
        </if>
        <if test="orderByClause != null" >
            order by ${orderByClause}
        </if>
    </select>
    <select id="selectByPrimaryKey" resultMap="BaseResultMap" parameterType="java.lang.Integer" >
        <!--
          WARNING - @mbggenerated
          This element is automatically generated by MyBatis Generator, do not modify.
          This element was generated on Tue Aug 09 16:18:52 CEST 2011.
        -->
        select
        <include refid="Base_Column_List" />
        from CABINET_PUBLICATION_SYSTEMS
        where id = #{id,jdbcType=INTEGER}
    </select>
    <delete id="deleteByPrimaryKey" parameterType="java.lang.Integer" >
        <!--
          WARNING - @mbggenerated
          This element is automatically generated by MyBatis Generator, do not modify.
          This element was generated on Tue Aug 09 16:18:52 CEST 2011.
        -->
        delete from CABINET_PUBLICATION_SYSTEMS
        where id = #{id,jdbcType=INTEGER}
    </delete>
    <delete id="deleteByExample" parameterType="cz.metacentrum.perun.cabinet.dao.mybatis.PublicationSystemExample" >
        <!--
          WARNING - @mbggenerated
          This element is automatically generated by MyBatis Generator, do not modify.
          This element was generated on Tue Aug 09 16:18:52 CEST 2011.
        -->
        delete from CABINET_PUBLICATION_SYSTEMS
        <if test="_parameter != null" >
            <include refid="Example_Where_Clause" />
        </if>
    </delete>
    <insert id="insert" useGeneratedKeys="true" parameterType="cz.metacentrum.perun.cabinet.model.PublicationSystem" >
        <!--
          WARNING - @mbggenerated
          This element is automatically generated by MyBatis Generator, do not modify.
          This element was generated on Tue Aug 09 16:18:52 CEST 2011.
        -->
        <selectKey keyProperty="id" order="BEFORE" resultType="java.lang.Integer">
            <if test="_databaseId == 'oracle'">
                SELECT CABINET_PUB_SYS_ID_SEQ.NEXTVAL id FROM DUAL
            </if>
            <if test="_databaseId == 'postgresql'">
                SELECT nextval('CABINET_PUB_SYS_ID_SEQ')
            </if>
            <if test="_databaseId == 'hsql'">
                call next value for cabinet_pub_sys_id_seq
            </if>
        </selectKey>
        insert into CABINET_PUBLICATION_SYSTEMS (id, friendlyName, url,
        username, password, loginNamespace,
        type)
        values (#{id,jdbcType=INTEGER}, #{friendlyName,jdbcType=VARCHAR}, #{url,jdbcType=VARCHAR},
        #{username,jdbcType=VARCHAR}, #{password,jdbcType=VARCHAR}, #{loginNamespace,jdbcType=VARCHAR},
        #{type,jdbcType=VARCHAR})

    </insert>
    <insert id="insertSelective" parameterType="cz.metacentrum.perun.cabinet.model.PublicationSystem" >
        <!--
          WARNING - @mbggenerated
          This element is automatically generated by MyBatis Generator, do not modify.
          This element was generated on Tue Aug 09 16:18:52 CEST 2011.
        -->
        <selectKey keyProperty="id" order="BEFORE" resultType="java.lang.Integer">
            <if test="_databaseId == 'oracle'">
                SELECT CABINET_PUB_SYS_ID_SEQ.NEXTVAL id FROM DUAL
            </if>
            <if test="_databaseId == 'postgresql'">
                SELECT nextval('CABINET_PUB_SYS_ID_SEQ')
            </if>
            <if test="_databaseId == 'hsql'">
                call next value for cabinet_pub_sys_id_seq
            </if>
        </selectKey>

        insert into CABINET_PUBLICATION_SYSTEMS
        <trim prefix="(" suffix=")" suffixOverrides="," >
            <if test="id != null" >
                id,
            </if>
            <if test="friendlyName != null" >
                friendlyName,
            </if>
            <if test="url != null" >
                url,
            </if>
            <if test="username != null" >
                username,
            </if>
            <if test="password != null" >
                password,
            </if>
            <if test="loginNamespace != null" >
                loginNamespace,
            </if>
            <if test="type != null" >
                type,
            </if>
        </trim>
        <trim prefix="values (" suffix=")" suffixOverrides="," >
            <if test="id != null" >
                #{id,jdbcType=INTEGER},
            </if>
            <if test="friendlyName != null" >
                #{friendlyName,jdbcType=VARCHAR},
            </if>
            <if test="url != null" >
                #{url,jdbcType=VARCHAR},
            </if>
            <if test="username != null" >
                #{username,jdbcType=VARCHAR},
            </if>
            <if test="password != null" >
                #{password,jdbcType=VARCHAR},
            </if>
            <if test="loginNamespace != null" >
                #{loginNamespace,jdbcType=VARCHAR},
            </if>
            <if test="type != null" >
                #{type,jdbcType=VARCHAR},
            </if>
        </trim>
    </insert>
    <select id="countByExample" parameterType="cz.metacentrum.perun.cabinet.dao.mybatis.PublicationSystemExample" resultType="java.lang.Integer" >
        <!--
          WARNING - @mbggenerated
          This element is automatically generated by MyBatis Generator, do not modify.
          This element was generated on Tue Aug 09 16:18:52 CEST 2011.
        -->
        select count(*) from CABINET_PUBLICATION_SYSTEMS
        <if test="_parameter != null" >
            <include refid="Example_Where_Clause" />
        </if>
    </select>
    <update id="updateByExampleSelective" parameterType="map" >
        <!--
          WARNING - @mbggenerated
          This element is automatically generated by MyBatis Generator, do not modify.
          This element was generated on Tue Aug 09 16:18:52 CEST 2011.
        -->
        update CABINET_PUBLICATION_SYSTEMS
        <set >
            <if test="record.id != null" >
                id = #{record.id,jdbcType=INTEGER},
            </if>
            <if test="record.friendlyName != null" >
                friendlyName = #{record.friendlyName,jdbcType=VARCHAR},
            </if>
            <if test="record.url != null" >
                url = #{record.url,jdbcType=VARCHAR},
            </if>
            <if test="record.username != null" >
                username = #{record.username,jdbcType=VARCHAR},
            </if>
            <if test="record.password != null" >
                password = #{record.password,jdbcType=VARCHAR},
            </if>
            <if test="record.loginNamespace != null" >
                loginNamespace = #{record.loginNamespace,jdbcType=VARCHAR},
            </if>
            <if test="record.type != null" >
                type = #{record.type,jdbcType=VARCHAR},
            </if>
        </set>
        <if test="_parameter != null" >
            <include refid="Update_By_Example_Where_Clause" />
        </if>
    </update>
    <update id="updateByExample" parameterType="map" >
        <!--
          WARNING - @mbggenerated
          This element is automatically generated by MyBatis Generator, do not modify.
          This element was generated on Tue Aug 09 16:18:52 CEST 2011.
        -->
        update CABINET_PUBLICATION_SYSTEMS
        set id = #{record.id,jdbcType=INTEGER},
        friendlyName = #{record.friendlyName,jdbcType=VARCHAR},
        url = #{record.url,jdbcType=VARCHAR},
        username = #{record.username,jdbcType=VARCHAR},
        password = #{record.password,jdbcType=VARCHAR},
        loginNamespace = #{record.loginNamespace,jdbcType=VARCHAR},
        type = #{record.type,jdbcType=VARCHAR}
        <if test="_parameter != null" >
            <include refid="Update_By_Example_Where_Clause" />
        </if>
    </update>
    <update id="updateByPrimaryKeySelective" parameterType="cz.metacentrum.perun.cabinet.model.PublicationSystem" >
        <!--
          WARNING - @mbggenerated
          This element is automatically generated by MyBatis Generator, do not modify.
          This element was generated on Tue Aug 09 16:18:52 CEST 2011.
        -->
        update CABINET_PUBLICATION_SYSTEMS
        <set >
            <if test="friendlyName != null" >
                friendlyName = #{friendlyName,jdbcType=VARCHAR},
            </if>
            <if test="url != null" >
                url = #{url,jdbcType=VARCHAR},
            </if>
            <if test="username != null" >
                username = #{username,jdbcType=VARCHAR},
            </if>
            <if test="password != null" >
                password = #{password,jdbcType=VARCHAR},
            </if>
            <if test="loginNamespace != null" >
                loginNamespace = #{loginNamespace,jdbcType=VARCHAR},
            </if>
            <if test="type != null" >
                type = #{type,jdbcType=VARCHAR},
            </if>
        </set>
        where id = #{id,jdbcType=INTEGER}
    </update>
    <update id="updateByPrimaryKey" parameterType="cz.metacentrum.perun.cabinet.model.PublicationSystem" >
        <!--
          WARNING - @mbggenerated
          This element is automatically generated by MyBatis Generator, do not modify.
          This element was generated on Tue Aug 09 16:18:52 CEST 2011.
        -->
        update CABINET_PUBLICATION_SYSTEMS
        set friendlyName = #{friendlyName,jdbcType=VARCHAR},
        url = #{url,jdbcType=VARCHAR},
        username = #{username,jdbcType=VARCHAR},
        password = #{password,jdbcType=VARCHAR},
        loginNamespace = #{loginNamespace,jdbcType=VARCHAR},
        type = #{type,jdbcType=VARCHAR}
        where id = #{id,jdbcType=INTEGER}
    </update>
</mapper>