<?xml version="1.0" encoding="UTF-8" ?>
<!DOCTYPE mapper PUBLIC "-//mybatis.org//DTD Mapper 3.0//EN" "http://mybatis.org/dtd/mybatis-3-mapper.dtd" >
<mapper namespace="cz.metacentrum.perun.cabinet.dao.mybatis.ThanksMapper" >
    <resultMap id="BaseResultMap" type="cz.metacentrum.perun.cabinet.model.Thanks" >
        <!--
          WARNING - @mbggenerated
          This element is automatically generated by MyBatis Generator, do not modify.
          This element was generated on Fri Nov 04 19:38:27 CET 2011.
        -->
        <id column="id" property="id" jdbcType="INTEGER" />
        <result column="publicationId" property="publicationId" jdbcType="INTEGER" />
        <result column="ownerId" property="ownerId" jdbcType="INTEGER" />
        <result column="createdBy" property="createdBy" jdbcType="VARCHAR" />
        <result column="createdDate" property="createdDate" jdbcType="TIMESTAMP" />
        <result column="created_by_uid" property="createdByUid" jdbcType="INTEGER" />
    </resultMap>
    <sql id="Example_Where_Clause" >
        <!--
          WARNING - @mbggenerated
          This element is automatically generated by MyBatis Generator, do not modify.
          This element was generated on Fri Nov 04 19:38:27 CET 2011.
        -->
        <where >
            <foreach collection="oredCriteria" item="criteria" separator="or" >
                <if test="criteria.valid" >
                    <trim prefix="(" suffix=")" prefixOverrides="and" >
                        <foreach collection="criteria.criteria" item="criterion" >
                            <choose >
                                <when test="criterion.noValue" >
                                    and ${criterion.condition}
                                </when>
                                <when test="criterion.singleValue" >
                                    and ${criterion.condition} #{criterion.value}
                                </when>
                                <when test="criterion.betweenValue" >
                                    and ${criterion.condition} #{criterion.value} and #{criterion.secondValue}
                                </when>
                                <when test="criterion.listValue" >
                                    and ${criterion.condition}
                                    <foreach collection="criterion.value" item="listItem" open="(" close=")" separator="," >
                                        #{listItem}
                                    </foreach>
                                </when>
                            </choose>
                        </foreach>
                    </trim>
                </if>
            </foreach>
        </where>
    </sql>
    <sql id="Update_By_Example_Where_Clause" >
        <!--
          WARNING - @mbggenerated
          This element is automatically generated by MyBatis Generator, do not modify.
          This element was generated on Fri Nov 04 19:38:27 CET 2011.
        -->
        <where >
            <foreach collection="example.oredCriteria" item="criteria" separator="or" >
                <if test="criteria.valid" >
                    <trim prefix="(" suffix=")" prefixOverrides="and" >
                        <foreach collection="criteria.criteria" item="criterion" >
                            <choose >
                                <when test="criterion.noValue" >
                                    and ${criterion.condition}
                                </when>
                                <when test="criterion.singleValue" >
                                    and ${criterion.condition} #{criterion.value}
                                </when>
                                <when test="criterion.betweenValue" >
                                    and ${criterion.condition} #{criterion.value} and #{criterion.secondValue}
                                </when>
                                <when test="criterion.listValue" >
                                    and ${criterion.condition}
                                    <foreach collection="criterion.value" item="listItem" open="(" close=")" separator="," >
                                        #{listItem}
                                    </foreach>
                                </when>
                            </choose>
                        </foreach>
                    </trim>
                </if>
            </foreach>
        </where>
    </sql>
    <sql id="Base_Column_List" >
        <!--
          WARNING - @mbggenerated
          This element is automatically generated by MyBatis Generator, do not modify.
          This element was generated on Fri Nov 04 19:38:27 CET 2011.
        -->
        id, publicationId, ownerId, createdBy, createdDate, created_by_uid
    </sql>
    <select id="findThanksByFilter" resultType="cz.metacentrum.perun.cabinet.model.Thanks" parameterType="cz.metacentrum.perun.cabinet.model.Thanks">
        SELECT
        <include refid="Base_Column_List" />
        from CABINET_THANKS where
        <if test="id != null">
            id = #{id,jdbcType=INTEGER} AND
        </if>
        <if test="publicationId != null">
            publicationId = #{publicationId,jdbcType=INTEGER} AND
        </if>
        <if test="ownerId != null">
            ownerId = #{ownerId,jdbcType=INTEGER} AND
        </if>
        <if test="createdBy != null">
            createdBy = #{createdBy,jdbcType=VARCHAR} AND
        </if>
        <if test="createdByUid != null">
            created_by_uid = #{createdByUid,jdbcType=INTEGER} AND
        </if>
        <if test="createdDate != null">
            createdDate = #{createdDate,jdbcType=TIMESTAMP} AND
        </if>
        1 = 1
    </select>

    <select id="selectByExample" resultMap="BaseResultMap" parameterType="cz.metacentrum.perun.cabinet.dao.mybatis.ThanksExample" >
        <!--
          WARNING - @mbggenerated
          This element is automatically generated by MyBatis Generator, do not modify.
          This element was generated on Fri Nov 04 19:38:27 CET 2011.
        -->
        select
        <if test="distinct" >
            distinct
        </if>
        <include refid="Base_Column_List" />
        from CABINET_THANKS
        <if test="_parameter != null" >
            <include refid="Example_Where_Clause" />
        </if>
        <if test="orderByClause != null" >
            order by ${orderByClause}
        </if>
    </select>


    <!-- RESULT MAP FOR RICH THANKS -->

    <resultMap id="richResultMap" type="cz.metacentrum.perun.cabinet.model.ThanksForGUI">
        <id column="id" property="id" jdbcType="INTEGER" />
        <result column="publicationId" property="publicationId" jdbcType="INTEGER" />
        <result column="ownerId" property="ownerId" jdbcType="INTEGER" />
        <result column="createdBy" property="createdBy" jdbcType="VARCHAR" />
        <result column="createdDate" property="createdDate" jdbcType="TIMESTAMP" />
        <result column="created_by_uid" property="createdByUid" jdbcType="INTEGER" />
        <result column="o_name" property="ownerName" jdbcType="VARCHAR" />

    </resultMap>

    <!-- SELECT QUERY FOR RICH THANKS -->

    <select id="selectRichByExample" resultMap="richResultMap" parameterType="cz.metacentrum.perun.cabinet.dao.mybatis.ThanksExample">

        select

        T.id,
        T.publicationId,
        T.ownerId,
        T.createdBy,
        T.created_by_uid,
        T.createdDate,
        O.id as o_id,
        O.name as o_name

        from CABINET_THANKS T

        left outer join OWNERS O on T.ownerId = O.id

        <if test="_parameter != null">
            <include refid="Example_Where_Clause" />
        </if>
        <if test="orderByClause != null">
            order by ${orderByClause}
        </if>
    </select>

    <select id="selectByPrimaryKey" resultMap="BaseResultMap" parameterType="java.lang.Integer" >
        <!--
          WARNING - @mbggenerated
          This element is automatically generated by MyBatis Generator, do not modify.
          This element was generated on Fri Nov 04 19:38:27 CET 2011.
        -->
        select
        <include refid="Base_Column_List" />
        from CABINET_THANKS
        where id = #{id,jdbcType=INTEGER}
    </select>

    <!-- SELECT ALL THANKS OF USER -->

    <select id="selectAllRichByUserId" resultMap="richResultMap" parameterType="java.lang.Integer">

        select

        T.id,
        T.publicationId,
        T.ownerId,
        T.createdBy,
        T.created_by_uid,
        T.createdDate,
        O.id as o_id,
        O.name as o_name

        from CABINET_THANKS T

        left outer join OWNERS O on T.ownerId = O.id

        where T.publicationId in (select publicationId from CABINET_AUTHORSHIPS where userId = #{user,jdbcType=INTEGER})

    </select>

    <delete id="deleteByPrimaryKey" parameterType="java.lang.Integer" >
        <!--
          WARNING - @mbggenerated
          This element is automatically generated by MyBatis Generator, do not modify.
          This element was generated on Fri Nov 04 19:38:27 CET 2011.
        -->
        delete from CABINET_THANKS
        where id = #{id,jdbcType=INTEGER}
    </delete>
    <delete id="deleteByExample" parameterType="cz.metacentrum.perun.cabinet.dao.mybatis.ThanksExample" >
        <!--
          WARNING - @mbggenerated
          This element is automatically generated by MyBatis Generator, do not modify.
          This element was generated on Fri Nov 04 19:38:27 CET 2011.
        -->
        delete from CABINET_THANKS
        <if test="_parameter != null" >
            <include refid="Example_Where_Clause" />
        </if>
    </delete>
    <insert id="insert" parameterType="cz.metacentrum.perun.cabinet.model.Thanks" >
        <!--
          WARNING - @mbggenerated
          This element is automatically generated by MyBatis Generator, do not modify.
          This element was generated on Fri Nov 04 19:38:27 CET 2011.
        -->
        <selectKey keyProperty="id" order="BEFORE" resultType="java.lang.Integer">
            <if test="_databaseId == 'oracle'">
                SELECT CABINET_THANKS_ID_SEQ.NEXTVAL id FROM DUAL
            </if>
            <if test="_databaseId == 'postgresql'">
                SELECT nextval('CABINET_THANKS_ID_SEQ')
            </if>
            <if test="_databaseId == 'hsql'">
                call next value for cabinet_thanks_id_seq
            </if>
        </selectKey>
        insert into CABINET_THANKS (id, publicationId, ownerId,
        createdBy, createdDate, created_by_uid)
        values (#{id,jdbcType=INTEGER}, #{publicationId,jdbcType=INTEGER}, #{ownerId,jdbcType=INTEGER},
        #{createdBy,jdbcType=VARCHAR}, #{createdDate,jdbcType=TIMESTAMP}, #{createdByUid,jdbcType=INTEGER})
    </insert>
    <insert id="insertSelective" parameterType="cz.metacentrum.perun.cabinet.model.Thanks" >
        <!--
          WARNING - @mbggenerated
          This element is automatically generated by MyBatis Generator, do not modify.
          This element was generated on Fri Nov 04 19:38:27 CET 2011.
        -->
        <selectKey keyProperty="id" order="BEFORE" resultType="java.lang.Integer">
            <if test="_databaseId == 'oracle'">
                SELECT CABINET_THANKS_ID_SEQ.NEXTVAL id FROM DUAL
            </if>
            <if test="_databaseId == 'postgresql'">
                SELECT nextval('CABINET_THANKS_ID_SEQ')
            </if>
            <if test="_databaseId == 'hsql'">
                call next value for cabinet_thanks_id_seq
            </if>
        </selectKey>
        insert into CABINET_THANKS
        <trim prefix="(" suffix=")" suffixOverrides="," >
            <if test="id != null" >
                id,
            </if>
            <if test="publicationId != null" >
                publicationId,
            </if>
            <if test="ownerId != null" >
                ownerId,
            </if>
            <if test="createdBy != null" >
                createdBy,
            </if>
            <if test="createdDate != null" >
                createdDate,
            </if>
            <if test="createdByUid != null" >
                created_by_uid,
            </if>
        </trim>
        <trim prefix="values (" suffix=")" suffixOverrides="," >
            <if test="id != null" >
                #{id,jdbcType=INTEGER},
            </if>
            <if test="publicationId != null" >
                #{publicationId,jdbcType=INTEGER},
            </if>
            <if test="ownerId != null" >
                #{ownerId,jdbcType=INTEGER},
            </if>
            <if test="createdBy != null" >
                #{createdBy,jdbcType=VARCHAR},
            </if>
            <if test="createdDate != null" >
                #{createdDate,jdbcType=TIMESTAMP},
            </if>
            <if test="createdByUid != null" >
                #{createdByUid,jdbcType=INTEGER},
            </if>
        </trim>
    </insert>
    <select id="countByExample" parameterType="cz.metacentrum.perun.cabinet.dao.mybatis.ThanksExample" resultType="java.lang.Integer" >
        <!--
          WARNING - @mbggenerated
          This element is automatically generated by MyBatis Generator, do not modify.
          This element was generated on Fri Nov 04 19:38:27 CET 2011.
        -->
        select count(*) from CABINET_THANKS
        <if test="_parameter != null" >
            <include refid="Example_Where_Clause" />
        </if>
    </select>
    <update id="updateByExampleSelective" parameterType="map" >
        <!--
          WARNING - @mbggenerated
          This element is automatically generated by MyBatis Generator, do not modify.
          This element was generated on Fri Nov 04 19:38:27 CET 2011.
        -->
        update CABINET_THANKS
        <set >
            <if test="record.id != null" >
                id = #{record.id,jdbcType=INTEGER},
            </if>
            <if test="record.publicationId != null" >
                publicationId = #{record.publicationId,jdbcType=INTEGER},
            </if>
            <if test="record.ownerId != null" >
                ownerId = #{record.ownerId,jdbcType=INTEGER},
            </if>
            <if test="record.createdBy != null" >
                createdBy = #{record.createdBy,jdbcType=VARCHAR},
            </if>
            <if test="record.createdDate != null" >
                createdDate = #{record.createdDate,jdbcType=TIMESTAMP},
            </if>
            <if test="record.createdByUid != null" >
                created_by_uid = #{record.createdByUid,jdbcType=INTEGER},
            </if>
        </set>
        <if test="_parameter != null" >
            <include refid="Update_By_Example_Where_Clause" />
        </if>
    </update>
    <update id="updateByExample" parameterType="map" >
        <!--
          WARNING - @mbggenerated
          This element is automatically generated by MyBatis Generator, do not modify.
          This element was generated on Fri Nov 04 19:38:27 CET 2011.
        -->
        update CABINET_THANKS
        set id = #{record.id,jdbcType=INTEGER},
        publicationId = #{record.publicationId,jdbcType=INTEGER},
        ownerId = #{record.ownerId,jdbcType=INTEGER},
        createdBy = #{record.createdBy,jdbcType=VARCHAR},
        created_by_uid = #{record.createdByUid,jdbcType=INTEGER},
        createdDate = #{record.createdDate,jdbcType=TIMESTAMP}
        <if test="_parameter != null" >
            <include refid="Update_By_Example_Where_Clause" />
        </if>
    </update>
    <update id="updateByPrimaryKeySelective" parameterType="cz.metacentrum.perun.cabinet.model.Thanks" >
        <!--
          WARNING - @mbggenerated
          This element is automatically generated by MyBatis Generator, do not modify.
          This element was generated on Fri Nov 04 19:38:27 CET 2011.
        -->
        update CABINET_THANKS
        <set >
            <if test="publicationId != null" >
                publicationId = #{publicationId,jdbcType=INTEGER},
            </if>
            <if test="ownerId != null" >
                ownerId = #{ownerId,jdbcType=INTEGER},
            </if>
            <if test="createdBy != null" >
                createdBy = #{createdBy,jdbcType=VARCHAR},
            </if>
            <if test="createdDate != null" >
                createdDate = #{createdDate,jdbcType=TIMESTAMP},
            </if>
            <if test="createdByUid != null" >
                created_by_uid = #{createdByUid,jdbcType=INTEGER},
            </if>
        </set>
        where id = #{id,jdbcType=INTEGER}
    </update>
    <update id="updateByPrimaryKey" parameterType="cz.metacentrum.perun.cabinet.model.Thanks" >
        <!--
          WARNING - @mbggenerated
          This element is automatically generated by MyBatis Generator, do not modify.
          This element was generated on Fri Nov 04 19:38:27 CET 2011.
        -->
        update CABINET_THANKS
        set publicationId = #{publicationId,jdbcType=INTEGER},
        ownerId = #{ownerId,jdbcType=INTEGER},
        createdBy = #{createdBy,jdbcType=VARCHAR},
        created_by_uid = #{createdByUid,jdbcType=INTEGER},
        createdDate = #{createdDate,jdbcType=TIMESTAMP}
        where id = #{id,jdbcType=INTEGER}
    </update>
</mapper>