{"tool": {"outputExtensions": [{"must_be_larger_than": null, "must_exist": true, "file_extension__pattern": "*.geo"}], "display_name": "modisL1A to GEO", "name": "ccg-modisL1AtoGEO", "parameter_list": [{"default_value": "", "mandatory": true, "use_output_filename__switch": null, "output_file": false, "possible_values": "", "rank": 1, "switch_use__description": "Only the value will be passed in the argument list (ie. the switch won't be used)", "switch_use__formatstring": "%(value)s", "switch": "inputFile=", "acceptedExtensionList": ["*.hdf"], "helptext": "", "batch_bundle_files": false, "file_assignment": "batch", "hidden": false, "id": 1535, "switch_use__display_text": "valueOnly"}, {"default_value": "", "mandatory": false, "use_output_filename__switch": null, "output_file": true, "possible_values": "", "rank": 2, "switch_use__description": "Both the switch and the value will be passed in the argument list. They will be separated by a space.", "switch_use__formatstring": "%(switch)s %(value)s", "switch": "-o", "acceptedExtensionList": [], "helptext": null, "batch_bundle_files": false, "file_assignment": "none", "hidden": false, "id": 1536, "switch_use__display_text": "both"}], "accepts_input": true, "job_type": "single", "enabled": true, "cpus": "", "fs_backend": "nullbackend", "queue": "testing", "module": "seadas/6.1", "max_memory": null, "inputExtensions": ["*.hdf"], "path": "modis_L1A_to_GEO.csh", "backend": "nullbackend", "walltime": "", "description": "Generate geolocation file."}}