{"tool": {"outputExtensions": [{"must_be_larger_than": null, "must_exist": true, "file_extension__pattern": "*.hdf"}], "display_name": "modisL2", "name": "ccg-modisL2", "parameter_list": [{"default_value": "", "mandatory": true, "use_output_filename__switch": null, "output_file": false, "possible_values": "", "rank": 1, "switch_use__description": "Both the switch and the value will be passed in the argument list. They will be joined together with no space between them.", "switch_use__formatstring": "%(switch)s%(value)s", "switch": "inputFile1KM=", "acceptedExtensionList": ["*.1km"], "helptext": null, "batch_bundle_files": false, "file_assignment": "batch", "hidden": false, "id": 1540, "switch_use__display_text": "combined"}, {"default_value": "", "mandatory": true, "use_output_filename__switch": null, "output_file": false, "possible_values": "", "rank": 2, "switch_use__description": "Both the switch and the value will be passed in the argument list. They will be joined together with no space between them.", "switch_use__formatstring": "%(switch)s%(value)s", "switch": "inputFileGEO=", "acceptedExtensionList": ["*.geo"], "helptext": null, "batch_bundle_files": true, "file_assignment": "batch", "hidden": false, "id": 1541, "switch_use__display_text": "combined"}, {"default_value": "", "mandatory": false, "use_output_filename__switch": null, "output_file": true, "possible_values": "", "rank": 3, "switch_use__description": "Both the switch and the value will be passed in the argument list. They will be joined together with no space between them.", "switch_use__formatstring": "%(switch)s%(value)s", "switch": "outputFile=", "acceptedExtensionList": [], "helptext": null, "batch_bundle_files": false, "file_assignment": "none", "hidden": false, "id": 1542, "switch_use__display_text": "combined"}], "accepts_input": true, "job_type": null, "enabled": true, "cpus": "", "fs_backend": "nullbackend", "queue": null, "module": null, "max_memory": null, "inputExtensions": ["*.1km", "*.geo"], "path": "", "backend": "nullbackend", "walltime": "", "description": "Combine outputs."}}