{"tool": {"outputExtensions": [{"must_be_larger_than": null, "must_exist": false, "file_extension__pattern": "*.L1B_LAC"}, {"must_be_larger_than": null, "must_exist": false, "file_extension__pattern": "*.hdf"}], "display_name": "destripe", "name": "destripe", "parameter_list": [{"default_value": "", "mandatory": true, "use_output_filename__switch": null, "output_file": false, "possible_values": "", "rank": 1, "switch_use__description": "Both the switch and the value will be passed in the argument list. They will be separated by a space.", "switch_use__formatstring": "%(switch)s %(value)s", "switch": "-f", "acceptedExtensionList": ["*.L1B_LAC", "*.hdf"], "helptext": "", "batch_bundle_files": false, "file_assignment": "batch", "hidden": false, "id": 3447, "switch_use__display_text": "both"}], "accepts_input": true, "job_type": "", "enabled": true, "cpus": "", "fs_backend": "nullbackend", "queue": "", "module": "csdw-scripts/41", "max_memory": null, "inputExtensions": ["*.L1B_LAC", "*.hdf"], "path": "destriping_wrapper.py", "backend": "nullbackend", "walltime": "", "description": ""}}