{"tool": {"outputExtensions": [{"must_be_larger_than": null, "must_exist": true, "file_extension__pattern": "*.hdf"}], "display_name": "Dust Algorithms (6.1)", "name": "dust_algorithms.pl", "parameter_list": [{"default_value": "dust_algorithms.pl", "mandatory": true, "use_output_filename__switch": null, "output_file": false, "possible_values": null, "rank": 1, "switch_use__description": "Only the value will be passed in the argument list (ie. the switch won't be used)", "switch_use__formatstring": "%(value)s", "switch": "programName", "acceptedExtensionList": [], "helptext": "", "batch_bundle_files": false, "file_assignment": "none", "hidden": false, "id": 3365, "switch_use__display_text": "valueOnly"}, {"default_value": "", "mandatory": true, "use_output_filename__switch": null, "output_file": false, "possible_values": "", "rank": 2, "switch_use__description": "Both the switch and the value will be passed in the argument list. They will be separated by a space.", "switch_use__formatstring": "%(switch)s %(value)s", "switch": "-i", "acceptedExtensionList": ["*.L1B_LAC"], "helptext": "", "batch_bundle_files": false, "file_assignment": "batch", "hidden": false, "id": 3366, "switch_use__display_text": "both"}, {"default_value": "", "mandatory": true, "use_output_filename__switch": null, "output_file": false, "possible_values": "", "rank": 3, "switch_use__description": "Both the switch and the value will be passed in the argument list. They will be separated by a space.", "switch_use__formatstring": "%(switch)s %(value)s", "switch": "-g", "acceptedExtensionList": ["*.geo"], "helptext": "", "batch_bundle_files": false, "file_assignment": "batch", "hidden": false, "id": 3367, "switch_use__display_text": "both"}], "accepts_input": true, "job_type": "single", "enabled": true, "cpus": "", "fs_backend": "nullbackend", "queue": "normal", "module": "csdw-scripts/20", "max_memory": null, "inputExtensions": ["*.geo", "*.L1B_LAC"], "path": "seadasHeadless", "backend": "nullbackend", "walltime": "", "description": ""}}