{"tool": {"outputExtensions": [{"must_be_larger_than": null, "must_exist": true, "file_extension__pattern": "*.hdf"}], "display_name": "L2 Gridding", "name": "GRID_L2_LAND.pl", "parameter_list": [{"default_value": "", "mandatory": true, "use_output_filename__switch": null, "output_file": false, "possible_values": "", "rank": 2, "switch_use__description": "Both the switch and the value will be passed in the argument list. They will be separated by a space.", "switch_use__formatstring": "%(switch)s %(value)s", "switch": "-i", "acceptedExtensionList": ["*.hdf"], "helptext": "Any hdf file.", "batch_bundle_files": false, "file_assignment": "batch", "hidden": false, "id": 3371, "switch_use__display_text": "both"}, {"default_value": "", "mandatory": true, "use_output_filename__switch": null, "output_file": false, "possible_values": "", "rank": 3, "switch_use__description": "Both the switch and the value will be passed in the argument list. They will be separated by a space.", "switch_use__formatstring": "%(switch)s %(value)s", "switch": "-g", "acceptedExtensionList": ["*.geo", "*.hdf"], "helptext": "", "batch_bundle_files": false, "file_assignment": "batch", "hidden": false, "id": 3372, "switch_use__display_text": "both"}], "accepts_input": true, "job_type": "single", "enabled": true, "cpus": "", "fs_backend": "nullbackend", "queue": "testing", "module": "csdw-scripts/33", "max_memory": null, "inputExtensions": ["*.geo", "*.hdf"], "path": "seadasHeadless GRID_L2_LAND.pl", "backend": "nullbackend", "walltime": "", "description": ""}}