{
    "tool": {
        "outputExtensions": [
            {
                "must_be_larger_than": null, 
                "must_exist": true, 
                "file_extension__pattern": "*.jpg"
            }
        ], 
        "display_name": "L1 Map Generation (6.1)", 
        "name": "l1mapgen.xe.ivec.org", 
        "parameter_list": [
            {
                "default_value": "", 
                "mandatory": true, 
                "input_file": true, 
                "use_output_filename__switch": null, 
                "output_file": false, 
                "possible_values": "", 
                "rank": null, 
                "switch_use__description": "Both the switch and the value will be passed in the argument list. They will be separated by a space.", 
                "switch_use__formatstring": "%(switch)s %(value)s", 
                "batch_param": true, 
                "switch": "-i", 
                "acceptedExtensionList": [
                    "*.L1B_LAC"
                ], 
                "helptext": "", 
                "batch_bundle_files": false, 
                "hidden": false, 
                "id": 1836, 
                "switch_use__display_text": "both"
            }, 
            {
                "default_value": "", 
                "mandatory": true, 
                "input_file": true, 
                "use_output_filename__switch": null, 
                "output_file": false, 
                "possible_values": "", 
                "rank": null, 
                "switch_use__description": "Both the switch and the value will be passed in the argument list. They will be separated by a space.", 
                "switch_use__formatstring": "%(switch)s %(value)s", 
                "batch_param": true, 
                "switch": "-g", 
                "acceptedExtensionList": [
                    "*.GEO"
                ], 
                "helptext": "", 
                "batch_bundle_files": false, 
                "hidden": false, 
                "id": 1837, 
                "switch_use__display_text": "both"
            }
        ], 
        "accepts_input": true, 
        "job_type": "single", 
        "enabled": true, 
        "cpus": "", 
        "fs_backend": "gridftp/gsissh hybrid xe-gt4.ivec.org", 
        "queue": "normal", 
        "module": "csdw-scripts/17", 
        "max_memory": null, 
        "inputExtensions": [
            "*.GEO", 
            "*.L1B_LAC"
        ], 
        "path": "l1mapgen.pl", 
        "backend": "globus xe-gt4.ivec.org", 
        "walltime": "", 
        "description": ""
    }
}