{"tool": {"outputExtensions": [{"must_be_larger_than": null, "must_exist": false, "file_extension__pattern": "*.hdf"}], "display_name": "lst", "name": "lst", "parameter_list": [{"default_value": "", "mandatory": true, "use_output_filename__switch": null, "output_file": false, "possible_values": "", "rank": 1, "switch_use__description": "Both the switch and the value will be passed in the argument list. They will be separated by a space.", "switch_use__formatstring": "%(switch)s %(value)s", "switch": "--1km", "acceptedExtensionList": ["*.L1B_LAC", "*.hdf"], "helptext": "", "batch_bundle_files": false, "file_assignment": "batch", "hidden": false, "id": 3444, "switch_use__display_text": "both"}, {"default_value": "", "mandatory": true, "use_output_filename__switch": null, "output_file": false, "possible_values": "", "rank": 2, "switch_use__description": "Both the switch and the value will be passed in the argument list. They will be separated by a space.", "switch_use__formatstring": "%(switch)s %(value)s", "switch": "--geo", "acceptedExtensionList": ["*.geo", "*.hdf"], "helptext": "", "batch_bundle_files": false, "file_assignment": "batch", "hidden": false, "id": 3445, "switch_use__display_text": "both"}, {"default_value": "lst.hdf", "extension_param": "*.hdf", "mandatory": true, "use_output_filename__switch": null, "output_file": true, "possible_values": "", "rank": 3, "switch_use__description": "Both the switch and the value will be passed in the argument list. They will be separated by a space.", "switch_use__formatstring": "%(switch)s %(value)s", "switch": "--out", "acceptedExtensionList": [], "helptext": "Output file.", "batch_bundle_files": false, "file_assignment": "none", "hidden": false, "id": 3446, "switch_use__display_text": "both"}], "accepts_input": true, "job_type": "", "enabled": true, "cpus": "", "fs_backend": "nullbackend", "queue": "", "module": "csdw-scripts/37", "max_memory": null, "inputExtensions": ["*.geo", "*.L1B_LAC", "*.hdf"], "path": "LST.pl", "backend": "nullbackend", "walltime": "", "description": ""}}