{
    "tool": {
        "outputExtensions": [
            {
                "must_be_larger_than": null, 
                "must_exist": false, 
                "file_extension__pattern": "*.hdf"
            }
        ], 
        "display_name": "Fire Mapping", 
        "name": "mod14_fire_hotspots.pl", 
        "parameter_list": [
            {
                "default_value": "", 
                "mandatory": true, 
                "input_file": true, 
                "use_output_filename__switch": null, 
                "output_file": false, 
                "possible_values": "", 
                "rank": null, 
                "switch_use__description": "Both the switch and the value will be passed in the argument list. They will be separated by a space.", 
                "switch_use__formatstring": "%(switch)s %(value)s", 
                "batch_param": false, 
                "switch": "-i", 
                "acceptedExtensionList": [
                    "*.L1B_LAC", 
                    "*.hdf"
                ], 
                "helptext": "L1B file.", 
                "batch_bundle_files": false, 
                "hidden": false, 
                "id": 2245, 
                "switch_use__display_text": "both"
            }, 
            {
                "default_value": "", 
                "mandatory": true, 
                "input_file": true, 
                "use_output_filename__switch": null, 
                "output_file": false, 
                "possible_values": "", 
                "rank": null, 
                "switch_use__description": "Both the switch and the value will be passed in the argument list. They will be separated by a space.", 
                "switch_use__formatstring": "%(switch)s %(value)s", 
                "batch_param": false, 
                "switch": "-g", 
                "acceptedExtensionList": [
                    "*.geo", 
                    "*.GEO", 
                    "*.hdf"
                ], 
                "helptext": "Geo file.", 
                "batch_bundle_files": false, 
                "hidden": false, 
                "id": 2246, 
                "switch_use__display_text": "both"
            }
        ], 
        "accepts_input": true, 
        "job_type": "single", 
        "enabled": true, 
        "cpus": "", 
        "fs_backend": "gridftp/gsissh hybrid xe-gt4.ivec.org", 
        "queue": "normal", 
        "module": "csdw-scripts/30", 
        "max_memory": null, 
        "inputExtensions": [
            "*.geo", 
            "*.GEO", 
            "*.L1B_LAC", 
            "*.hdf"
        ], 
        "path": "mod14_fire_hotspots.pl", 
        "backend": "globus xe-gt4.ivec.org", 
        "walltime": "", 
        "description": "Produces fire hotspot information using the IPOPP MOD14 executable."
    }
}