{"tool": {"outputExtensions": [{"must_be_larger_than": null, "must_exist": false, "file_extension__pattern": "*.hdf"}], "display_name": "Fire Mapping", "name": "mod14_fire_hotspots.pl", "parameter_list": [{"default_value": "", "mandatory": true, "use_output_filename__switch": null, "output_file": false, "possible_values": "", "rank": null, "switch_use__description": "Both the switch and the value will be passed in the argument list. They will be separated by a space.", "switch_use__formatstring": "%(switch)s %(value)s", "switch": "-i", "acceptedExtensionList": ["*.L1B_LAC", "*.hdf"], "helptext": "L1B file.", "batch_bundle_files": false, "file_assignment": "batch", "hidden": false, "id": 3368, "switch_use__display_text": "both"}, {"default_value": "", "mandatory": true, "use_output_filename__switch": null, "output_file": false, "possible_values": "", "rank": null, "switch_use__description": "Both the switch and the value will be passed in the argument list. They will be separated by a space.", "switch_use__formatstring": "%(switch)s %(value)s", "switch": "-g", "acceptedExtensionList": ["*.geo", "*.hdf"], "helptext": "Geo file.", "batch_bundle_files": false, "file_assignment": "batch", "hidden": false, "id": 3369, "switch_use__display_text": "both"}], "accepts_input": true, "job_type": "single", "enabled": true, "cpus": "", "fs_backend": "nullbackend", "queue": "testing", "module": "csdw-scripts/30", "max_memory": null, "inputExtensions": ["*.geo", "*.L1B_LAC", "*.hdf"], "path": "mod14_fire_hotspots.pl", "backend": "nullbackend", "walltime": "", "description": "Produces fire hotspot information using the IPOPP MOD14 executable."}}