{
    "tool": {
        "outputExtensions": [
            {
                "must_be_larger_than": null, 
                "must_exist": true, 
                "file_extension__pattern": "*.GEO"
            }
        ], 
        "display_name": "modis L1A to GEO (6.1)", 
        "name": "modis_L1A_to_GEO.xe.ivec.org", 
        "parameter_list": [
            {
                "default_value": "", 
                "mandatory": true, 
                "input_file": true, 
                "use_output_filename__switch": null, 
                "output_file": false, 
                "possible_values": "", 
                "rank": 1, 
                "switch_use__description": "Only the value will be passed in the argument list (ie. the switch won't be used)", 
                "switch_use__formatstring": "%(value)s", 
                "batch_param": true, 
                "switch": "inputFile=", 
                "acceptedExtensionList": [
                    "*.hdf"
                ], 
                "helptext": "", 
                "batch_bundle_files": false, 
                "hidden": false, 
                "id": 1828, 
                "switch_use__display_text": "valueOnly"
            }, 
            {
                "default_value": "", 
                "mandatory": false, 
                "input_file": false, 
                "use_output_filename__switch": null, 
                "output_file": true, 
                "possible_values": "", 
                "rank": 2, 
                "switch_use__description": "Both the switch and the value will be passed in the argument list. They will be separated by a space.", 
                "switch_use__formatstring": "%(switch)s %(value)s", 
                "batch_param": false, 
                "switch": "-o", 
                "acceptedExtensionList": [], 
                "helptext": "", 
                "batch_bundle_files": false, 
                "hidden": false, 
                "id": 1829, 
                "switch_use__display_text": "both"
            }
        ], 
        "accepts_input": true, 
        "job_type": "single", 
        "enabled": true, 
        "cpus": "", 
        "fs_backend": "gridftp/gsissh hybrid xe-gt4.ivec.org", 
        "queue": "normal", 
        "module": "seadas/6.1", 
        "max_memory": null, 
        "inputExtensions": [
            "*.hdf"
        ], 
        "path": "modis_L1A_to_GEO.csh", 
        "backend": "globus xe-gt4.ivec.org", 
        "walltime": "", 
        "description": "Generate geolocation file"
    }
}