{"tool": {"outputExtensions": [{"must_be_larger_than": null, "must_exist": false, "file_extension__pattern": "*.hdf"}], "display_name": "processL2ocean", "name": "processL2ocean", "parameter_list": [{"default_value": "", "mandatory": true, "use_output_filename__switch": null, "output_file": false, "possible_values": "", "rank": 1, "switch_use__description": "Both the switch and the value will be passed in the argument list. They will be separated by a space.", "switch_use__formatstring": "%(switch)s %(value)s", "switch": "-i", "acceptedExtensionList": ["*.L1B_LAC", "*.hdf"], "helptext": "L1B file.", "batch_bundle_files": false, "file_assignment": "batch", "hidden": false, "id": 3416, "switch_use__display_text": "both"}, {"default_value": "", "mandatory": true, "use_output_filename__switch": null, "output_file": false, "possible_values": "", "rank": 2, "switch_use__description": "Both the switch and the value will be passed in the argument list. They will be separated by a space.", "switch_use__formatstring": "%(switch)s %(value)s", "switch": "-g", "acceptedExtensionList": ["*.geo", "*.hdf"], "helptext": "Geo file.", "batch_bundle_files": false, "file_assignment": "batch", "hidden": false, "id": 3417, "switch_use__display_text": "both"}, {"default_value": "", "mandatory": false, "use_output_filename__switch": null, "output_file": false, "possible_values": "", "rank": 3, "switch_use__description": "Both the switch and the value will be passed in the argument list. They will be separated by a space.", "switch_use__formatstring": "%(switch)s %(value)s", "switch": "-s", "acceptedExtensionList": [], "helptext": "Sst product (Longwave algorithm).", "batch_bundle_files": false, "file_assignment": "none", "hidden": false, "id": 3418, "switch_use__display_text": "both"}, {"default_value": "", "mandatory": false, "use_output_filename__switch": null, "output_file": false, "possible_values": "", "rank": 4, "switch_use__description": "Both the switch and the value will be passed in the argument list. They will be separated by a space.", "switch_use__formatstring": "%(switch)s %(value)s", "switch": "-q", "acceptedExtensionList": [], "helptext": "Quality flags for sst product.", "batch_bundle_files": false, "file_assignment": "none", "hidden": false, "id": 3419, "switch_use__display_text": "both"}, {"default_value": "", "mandatory": false, "use_output_filename__switch": null, "output_file": false, "possible_values": "", "rank": 5, "switch_use__description": "Both the switch and the value will be passed in the argument list. They will be separated by a space.", "switch_use__formatstring": "%(switch)s %(value)s", "switch": "-c", "acceptedExtensionList": [], "helptext": "Chl_a product (OC3v5 algorithm).", "batch_bundle_files": false, "file_assignment": "none", "hidden": false, "id": 3420, "switch_use__display_text": "both"}, {"default_value": "", "mandatory": false, "use_output_filename__switch": null, "output_file": false, "possible_values": "", "rank": 6, "switch_use__description": "Both the switch and the value will be passed in the argument list. They will be separated by a space.", "switch_use__formatstring": "%(switch)s %(value)s", "switch": "-k", "acceptedExtensionList": [], "helptext": "Kd_490 product (KD2 algorithm).", "batch_bundle_files": false, "file_assignment": "none", "hidden": false, "id": 3421, "switch_use__display_text": "both"}, {"default_value": "", "mandatory": false, "use_output_filename__switch": null, "output_file": false, "possible_values": "", "rank": 7, "switch_use__description": "Both the switch and the value will be passed in the argument list. They will be separated by a space.", "switch_use__formatstring": "%(switch)s %(value)s", "switch": "-L", "acceptedExtensionList": [], "helptext": "Mask for land. Default =  1.", "batch_bundle_files": false, "file_assignment": "none", "hidden": false, "id": 3422, "switch_use__display_text": "both"}, {"default_value": "", "mandatory": false, "use_output_filename__switch": null, "output_file": false, "possible_values": "", "rank": 8, "switch_use__description": "Both the switch and the value will be passed in the argument list. They will be separated by a space.", "switch_use__formatstring": "%(switch)s %(value)s", "switch": "-B", "acceptedExtensionList": [], "helptext": "Mask for bathymetry. Default =  0.", "batch_bundle_files": false, "file_assignment": "none", "hidden": false, "id": 3423, "switch_use__display_text": "both"}, {"default_value": "", "mandatory": false, "use_output_filename__switch": null, "output_file": false, "possible_values": "", "rank": 9, "switch_use__description": "Both the switch and the value will be passed in the argument list. They will be separated by a space.", "switch_use__formatstring": "%(switch)s %(value)s", "switch": "-C", "acceptedExtensionList": [], "helptext": "Mask for cloud. Default =  1.", "batch_bundle_files": false, "file_assignment": "none", "hidden": false, "id": 3424, "switch_use__display_text": "both"}, {"default_value": "", "mandatory": false, "use_output_filename__switch": null, "output_file": false, "possible_values": "", "rank": 10, "switch_use__description": "Both the switch and the value will be passed in the argument list. They will be separated by a space.", "switch_use__formatstring": "%(switch)s %(value)s", "switch": "-G", "acceptedExtensionList": [], "helptext": "Mask for sunglint. Default =  0.", "batch_bundle_files": false, "file_assignment": "none", "hidden": false, "id": 3425, "switch_use__display_text": "both"}, {"default_value": "", "mandatory": false, "use_output_filename__switch": null, "output_file": false, "possible_values": "", "rank": 11, "switch_use__description": "Both the switch and the value will be passed in the argument list. They will be separated by a space.", "switch_use__formatstring": "%(switch)s %(value)s", "switch": "-U", "acceptedExtensionList": [], "helptext": "Mask for sun zenith angle. Default =  0.", "batch_bundle_files": false, "file_assignment": "none", "hidden": false, "id": 3426, "switch_use__display_text": "both"}, {"default_value": "", "mandatory": false, "use_output_filename__switch": null, "output_file": false, "possible_values": "", "rank": 12, "switch_use__description": "Both the switch and the value will be passed in the argument list. They will be separated by a space.", "switch_use__formatstring": "%(switch)s %(value)s", "switch": "-A", "acceptedExtensionList": [], "helptext": "Mask for satellite zenith angle. Default =  0.", "batch_bundle_files": false, "file_assignment": "none", "hidden": false, "id": 3427, "switch_use__display_text": "both"}, {"default_value": "", "mandatory": false, "use_output_filename__switch": null, "output_file": false, "possible_values": "", "rank": 13, "switch_use__description": "Both the switch and the value will be passed in the argument list. They will be separated by a space.", "switch_use__formatstring": "%(switch)s %(value)s", "switch": "-H", "acceptedExtensionList": [], "helptext": "Mask for high radiance values. Default =  1.", "batch_bundle_files": false, "file_assignment": "none", "hidden": false, "id": 3428, "switch_use__display_text": "both"}, {"default_value": "", "mandatory": false, "use_output_filename__switch": null, "output_file": false, "possible_values": "", "rank": 14, "switch_use__description": "Both the switch and the value will be passed in the argument list. They will be separated by a space.", "switch_use__formatstring": "%(switch)s %(value)s", "switch": "-S", "acceptedExtensionList": [], "helptext": "Mask for stray light. Default =  0.", "batch_bundle_files": false, "file_assignment": "none", "hidden": false, "id": 3429, "switch_use__display_text": "both"}], "accepts_input": true, "job_type": "", "enabled": true, "cpus": "", "fs_backend": "nullbackend", "queue": "", "module": "csdw-scripts/37", "max_memory": null, "inputExtensions": ["*.geo", "*.L1B_LAC", "*.hdf"], "path": "processL2ocean", "backend": "nullbackend", "walltime": "", "description": ""}}