{"tool": {"outputExtensions": [{"must_be_larger_than": null, "must_exist": false, "file_extension__pattern": "*.hdf"}], "display_name": "processL2vegindex", "name": "processL2vegindex", "parameter_list": [{"default_value": "", "mandatory": true, "use_output_filename__switch": null, "output_file": false, "possible_values": "", "rank": 1, "switch_use__description": "Both the switch and the value will be passed in the argument list. They will be separated by a space.", "switch_use__formatstring": "%(switch)s %(value)s", "switch": "-i", "acceptedExtensionList": ["*.hdf"], "helptext": "L1B 1KM file.", "batch_bundle_files": false, "file_assignment": "batch", "hidden": false, "id": 3430, "switch_use__display_text": "both"}, {"default_value": "", "mandatory": true, "use_output_filename__switch": null, "output_file": false, "possible_values": "", "rank": 2, "switch_use__description": "Both the switch and the value will be passed in the argument list. They will be separated by a space.", "switch_use__formatstring": "%(switch)s %(value)s", "switch": "-h", "acceptedExtensionList": ["*.hdf"], "helptext": "L1B HKM file.", "batch_bundle_files": false, "file_assignment": "batch", "hidden": false, "id": 3431, "switch_use__display_text": "both"}, {"default_value": "", "mandatory": true, "use_output_filename__switch": null, "output_file": false, "possible_values": "", "rank": 3, "switch_use__description": "Both the switch and the value will be passed in the argument list. They will be separated by a space.", "switch_use__formatstring": "%(switch)s %(value)s", "switch": "-q", "acceptedExtensionList": ["*.hdf"], "helptext": "L1B QKM file.", "batch_bundle_files": false, "file_assignment": "batch", "hidden": false, "id": 3432, "switch_use__display_text": "both"}], "accepts_input": true, "job_type": "single", "enabled": true, "cpus": "", "fs_backend": "nullbackend", "queue": "testing", "module": "csdw-scripts/37", "max_memory": null, "inputExtensions": ["*.hdf"], "path": "processL2vegindex", "backend": "nullbackend", "walltime": "", "description": ""}}