{
    "tool": {
        "outputExtensions": [
            {
                "must_be_larger_than": null, 
                "must_exist": false, 
                "file_extension__pattern": "*.cvs"
            }
        ], 
        "display_name": "hdf2csv", 
        "name": "wrapper_HDF_to_ascii_to_csv.perl", 
        "parameter_list": [
            {
                "default_value": "", 
                "mandatory": true, 
                "input_file": true, 
                "use_output_filename__switch": null, 
                "output_file": false, 
                "possible_values": "", 
                "rank": 2, 
                "switch_use__description": "Both the switch and the value will be passed in the argument list. They will be separated by a space.", 
                "switch_use__formatstring": "%(switch)s %(value)s", 
                "batch_param": false, 
                "switch": "-i", 
                "acceptedExtensionList": [
                    "*.L1B_LAC", 
                    "*.hdf"
                ], 
                "helptext": "Input file (MODIS L1B or L2 HDF file) note that the input file must be mapped using any type of cylindrical projection.", 
                "batch_bundle_files": false, 
                "hidden": false, 
                "id": 2250, 
                "switch_use__display_text": "both"
            }, 
            {
                "default_value": "", 
                "mandatory": false, 
                "input_file": false, 
                "use_output_filename__switch": null, 
                "output_file": true, 
                "possible_values": "", 
                "rank": 3, 
                "switch_use__description": "Both the switch and the value will be passed in the argument list. They will be separated by a space.", 
                "switch_use__formatstring": "%(switch)s %(value)s", 
                "batch_param": false, 
                "switch": "-o", 
                "acceptedExtensionList": [], 
                "helptext": "Output csv file.", 
                "batch_bundle_files": false, 
                "hidden": false, 
                "id": 2251, 
                "switch_use__display_text": "both"
            }, 
            {
                "default_value": "", 
                "mandatory": true, 
                "input_file": false, 
                "use_output_filename__switch": null, 
                "output_file": false, 
                "possible_values": null, 
                "rank": 6, 
                "switch_use__description": "Both the switch and the value will be passed in the argument list. They will be separated by a space.", 
                "switch_use__formatstring": "%(switch)s %(value)s", 
                "batch_param": false, 
                "switch": "-p", 
                "acceptedExtensionList": [], 
                "helptext": "Product list e.g.  -p rhos_645,rhos_859,rhos_2130  (do not include spaces)", 
                "batch_bundle_files": false, 
                "hidden": false, 
                "id": 2252, 
                "switch_use__display_text": "both"
            }, 
            {
                "default_value": "", 
                "mandatory": true, 
                "input_file": false, 
                "use_output_filename__switch": null, 
                "output_file": false, 
                "possible_values": null, 
                "rank": 4, 
                "switch_use__description": "Both the switch and the value will be passed in the argument list. They will be separated by a space.", 
                "switch_use__formatstring": "%(switch)s %(value)s", 
                "batch_param": false, 
                "switch": "-l", 
                "acceptedExtensionList": [], 
                "helptext": "Lattitude and Longitude of a point in degrees, [lat,long] e.g.   -l '33.1,124'  for a point having a 'lat,long' of 33.1N/124E.", 
                "batch_bundle_files": false, 
                "hidden": false, 
                "id": 2253, 
                "switch_use__display_text": "both"
            }, 
            {
                "default_value": "", 
                "mandatory": true, 
                "input_file": false, 
                "use_output_filename__switch": null, 
                "output_file": false, 
                "possible_values": null, 
                "rank": 5, 
                "switch_use__description": "Both the switch and the value will be passed in the argument list. They will be separated by a space.", 
                "switch_use__formatstring": "%(switch)s %(value)s", 
                "batch_param": false, 
                "switch": "-s", 
                "acceptedExtensionList": [], 
                "helptext": "Square width. e.g. -s 9 for a 9 pixel x 9 pixel square region surrounding the lattitude longitude point specified.\r\n", 
                "batch_bundle_files": false, 
                "hidden": false, 
                "id": 2254, 
                "switch_use__display_text": "both"
            }, 
            {
                "default_value": "", 
                "mandatory": false, 
                "input_file": false, 
                "use_output_filename__switch": null, 
                "output_file": false, 
                "possible_values": "", 
                "rank": null, 
                "switch_use__description": "Both the switch and the value will be passed in the argument list. They will be separated by a space.", 
                "switch_use__formatstring": "%(switch)s %(value)s", 
                "batch_param": false, 
                "switch": "-k", 
                "acceptedExtensionList": [], 
                "helptext": "Keyword that will be appended to the end of the filename.", 
                "batch_bundle_files": false, 
                "hidden": false, 
                "id": 2310, 
                "switch_use__display_text": "both"
            }
        ], 
        "accepts_input": true, 
        "job_type": "single", 
        "enabled": true, 
        "cpus": "", 
        "fs_backend": "gridftp/gsissh hybrid xe-gt4.ivec.org", 
        "queue": "normal", 
        "module": "csdw-scripts/44", 
        "max_memory": null, 
        "inputExtensions": [
            "*.L1B_LAC", 
            "*.hdf"
        ], 
        "path": "seadasHeadless wrapper_HDF_to_ascii_to_csv.perl", 
        "backend": "globus xe-gt4.ivec.org", 
        "walltime": "", 
        "description": "Wrapper script to run HDF_ascii_gen_YABI.perl and ascii_to_csv_XE.py on an hdf file."
    }
}