{"tool": {"outputExtensions": [{"must_be_larger_than": null, "must_exist": false, "file_extension__pattern": "*.cvs"}], "display_name": "hdf2csv", "name": "wrapper_HDF_to_ascii_to_csv.perl", "parameter_list": [{"default_value": "", "mandatory": true, "use_output_filename__switch": null, "output_file": false, "possible_values": "", "rank": 2, "switch_use__description": "Both the switch and the value will be passed in the argument list. They will be separated by a space.", "switch_use__formatstring": "%(switch)s %(value)s", "switch": "-i", "acceptedExtensionList": ["*.L1B_LAC", "*.hdf"], "helptext": "Input file (MODIS L1B or L2 HDF file) note that the input file must be mapped using any type of cylindrical projection.", "batch_bundle_files": false, "file_assignment": "batch", "hidden": false, "id": 3448, "switch_use__display_text": "both"}, {"default_value": "", "mandatory": false, "use_output_filename__switch": null, "output_file": true, "possible_values": null, "rank": 3, "switch_use__description": "Both the switch and the value will be passed in the argument list. They will be separated by a space.", "switch_use__formatstring": "%(switch)s %(value)s", "switch": "-o", "acceptedExtensionList": [], "helptext": "Output csv file.", "batch_bundle_files": false, "file_assignment": "none", "hidden": false, "id": 3449, "switch_use__display_text": "both"}, {"default_value": "", "mandatory": true, "use_output_filename__switch": null, "output_file": false, "possible_values": null, "rank": 6, "switch_use__description": "Both the switch and the value will be passed in the argument list. They will be separated by a space.", "switch_use__formatstring": "%(switch)s %(value)s", "switch": "-p", "acceptedExtensionList": [], "helptext": "Product list e.g.  -p rhos_645,rhos_859,rhos_2130  (do not include spaces)", "batch_bundle_files": false, "file_assignment": "none", "hidden": false, "id": 3450, "switch_use__display_text": "both"}, {"default_value": "", "mandatory": true, "use_output_filename__switch": null, "output_file": false, "possible_values": null, "rank": 4, "switch_use__description": "Both the switch and the value will be passed in the argument list. They will be separated by a space.", "switch_use__formatstring": "%(switch)s %(value)s", "switch": "-l", "acceptedExtensionList": [], "helptext": "Lattitude and Longitude of a point in degrees, [lat,long] e.g.   -l '33.1,124'  for a point having a 'lat,long' of 33.1N/124E.", "batch_bundle_files": false, "file_assignment": "none", "hidden": false, "id": 3451, "switch_use__display_text": "both"}, {"default_value": "", "mandatory": true, "use_output_filename__switch": null, "output_file": false, "possible_values": null, "rank": 5, "switch_use__description": "Both the switch and the value will be passed in the argument list. They will be separated by a space.", "switch_use__formatstring": "%(switch)s %(value)s", "switch": "-s", "acceptedExtensionList": [], "helptext": "Square width. e.g. -s 9 for a 9 pixel x 9 pixel square region surrounding the lattitude longitude point specified.\r\n", "batch_bundle_files": false, "file_assignment": "none", "hidden": false, "id": 3452, "switch_use__display_text": "both"}, {"default_value": "", "mandatory": false, "use_output_filename__switch": null, "output_file": false, "possible_values": null, "rank": null, "switch_use__description": "Both the switch and the value will be passed in the argument list. They will be separated by a space.", "switch_use__formatstring": "%(switch)s %(value)s", "switch": "-k", "acceptedExtensionList": [], "helptext": "Keyword that will be appended to the end of the filename.", "batch_bundle_files": false, "file_assignment": "none", "hidden": false, "id": 3453, "switch_use__display_text": "both"}], "accepts_input": true, "job_type": "single", "enabled": true, "cpus": "", "fs_backend": "nullbackend", "queue": "normal", "module": "csdw-scripts/44", "max_memory": null, "inputExtensions": ["*.L1B_LAC", "*.hdf"], "path": "seadasHeadless wrapper_HDF_to_ascii_to_csv.perl", "backend": "nullbackend", "walltime": "7200", "description": "Wrapper script to run HDF_ascii_gen_YABI.perl and ascii_to_csv_XE.py on an hdf file."}}