{"tool": {"outputExtensions": [{"must_be_larger_than": null, "must_exist": null, "file_extension__pattern": "*.txt"}], "display_name": "aragorn", "name": "aragorn", "parameter_list": [{"default_value": "", "mandatory": false, "use_output_filename__switch": null, "output_file": false, "possible_values": "", "rank": 1, "switch_use__description": "Only the switch will be passed in the argument list.", "switch_use__formatstring": "%(switch)s", "switch": "-m", "acceptedExtensionList": [], "helptext": "Search for tmRNA genes only.", "batch_bundle_files": false, "file_assignment": "none", "hidden": false, "id": 3225, "switch_use__display_text": "switchOnly"}, {"default_value": "", "mandatory": false, "use_output_filename__switch": null, "output_file": false, "possible_values": "", "rank": 1, "switch_use__description": "Only the switch will be passed in the argument list.", "switch_use__formatstring": "%(switch)s", "switch": "-t", "acceptedExtensionList": [], "helptext": "Search for tRNA genes only. By default, both are detected.", "batch_bundle_files": false, "file_assignment": "none", "hidden": false, "id": 3226, "switch_use__display_text": "switchOnly"}, {"default_value": "", "mandatory": false, "use_output_filename__switch": null, "output_file": false, "possible_values": "", "rank": 1, "switch_use__description": "Both the switch and the value will be passed in the argument list. They will be joined together with no space between them.", "switch_use__formatstring": "%(switch)s%(value)s", "switch": "-i", "acceptedExtensionList": [], "helptext": "Search for tRNA genes with introns in anticodon loop with maximum length <max> bases, and minimum length <min> bases. Ignored if -m is specified. Value should be <min>,<max>. Values of 0,3000 are sensible defaults.\r\n", "batch_bundle_files": false, "file_assignment": "none", "hidden": false, "id": 3250, "switch_use__display_text": "combined"}, {"default_value": "", "mandatory": false, "use_output_filename__switch": null, "output_file": false, "possible_values": "", "rank": 1, "switch_use__description": "Only the switch will be passed in the argument list.", "switch_use__formatstring": "%(switch)s", "switch": "-c", "acceptedExtensionList": [], "helptext": "Assume that each sequence has a circular topology. Search wraps around each end. Default setting.\r\n", "batch_bundle_files": false, "file_assignment": "none", "hidden": false, "id": 3254, "switch_use__display_text": "switchOnly"}, {"default_value": "", "mandatory": false, "use_output_filename__switch": null, "output_file": false, "possible_values": "", "rank": 1, "switch_use__description": "Only the switch will be passed in the argument list.", "switch_use__formatstring": "%(switch)s", "switch": "-l", "acceptedExtensionList": [], "helptext": "Assume that each sequence has a linear topology. Search does not wrap.\r\n", "batch_bundle_files": false, "file_assignment": "none", "hidden": false, "id": 3255, "switch_use__display_text": "switchOnly"}, {"default_value": "", "mandatory": false, "use_output_filename__switch": null, "output_file": false, "possible_values": "", "rank": 1, "switch_use__description": "Only the switch will be passed in the argument list.", "switch_use__formatstring": "%(switch)s", "switch": "-d", "acceptedExtensionList": [], "helptext": "Double. Search both strands of each sequence. Default setting.\r\n", "batch_bundle_files": false, "file_assignment": "none", "hidden": false, "id": 3256, "switch_use__display_text": "switchOnly"}, {"default_value": "", "mandatory": false, "use_output_filename__switch": null, "output_file": false, "possible_values": "", "rank": 1, "switch_use__description": "Only the switch will be passed in the argument list.", "switch_use__formatstring": "%(switch)s", "switch": "-s", "acceptedExtensionList": [], "helptext": "Single. Do not search the complementary strand of each sequence.\r\n", "batch_bundle_files": false, "file_assignment": "none", "hidden": false, "id": 3257, "switch_use__display_text": "switchOnly"}, {"default_value": "", "mandatory": false, "use_output_filename__switch": null, "output_file": false, "possible_values": "", "rank": 1, "switch_use__description": "Only the switch will be passed in the argument list.", "switch_use__formatstring": "%(switch)s", "switch": "-seq", "acceptedExtensionList": [], "helptext": "Print out primary sequence.", "batch_bundle_files": false, "file_assignment": "none", "hidden": false, "id": 3258, "switch_use__display_text": "switchOnly"}, {"default_value": "", "mandatory": false, "use_output_filename__switch": null, "output_file": false, "possible_values": "", "rank": 1, "switch_use__description": "Only the switch will be passed in the argument list.", "switch_use__formatstring": "%(switch)s", "switch": "-v", "acceptedExtensionList": [], "helptext": "Verbose. Prints out search progress to STDERR.\r\n", "batch_bundle_files": false, "file_assignment": "none", "hidden": false, "id": 3273, "switch_use__display_text": "switchOnly"}, {"default_value": "", "mandatory": false, "use_output_filename__switch": null, "output_file": false, "possible_values": "", "rank": 1, "switch_use__description": "Only the switch will be passed in the argument list.", "switch_use__formatstring": "%(switch)s", "switch": "-a", "acceptedExtensionList": [], "helptext": "Print out tRNA domain for tmRNA genes.", "batch_bundle_files": false, "file_assignment": "none", "hidden": false, "id": 3274, "switch_use__display_text": "switchOnly"}, {"default_value": "aragorn_output.txt", "mandatory": true, "use_output_filename__switch": null, "output_file": true, "possible_values": "", "rank": 1, "switch_use__description": "Both the switch and the value will be passed in the argument list. They will be separated by a space.", "switch_use__formatstring": "%(switch)s %(value)s", "switch": "-o", "acceptedExtensionList": [], "helptext": "Print output into outfile.", "batch_bundle_files": false, "file_assignment": "none", "hidden": false, "id": 3275, "switch_use__display_text": "both"}, {"default_value": "", "mandatory": false, "use_output_filename__switch": null, "output_file": false, "possible_values": "", "rank": 1, "switch_use__description": "Only the switch will be passed in the argument list.", "switch_use__formatstring": "%(switch)s", "switch": "-w", "acceptedExtensionList": [], "helptext": "Print out genes in batch mode.", "batch_bundle_files": false, "file_assignment": "none", "hidden": false, "id": 3276, "switch_use__display_text": "switchOnly"}, {"default_value": "", "mandatory": true, "use_output_filename__switch": null, "output_file": false, "possible_values": "", "rank": 99, "switch_use__description": "Only the value will be passed in the argument list (ie. the switch won't be used)", "switch_use__formatstring": "%(value)s", "switch": "inputFile", "acceptedExtensionList": ["*.fna", "*.ffn", "*.fasta", "*.fa", "*.faa", "*.frn"], "helptext": "Sequence file.", "batch_bundle_files": false, "file_assignment": "batch", "hidden": false, "id": 3277, "switch_use__display_text": "valueOnly"}], "accepts_input": true, "job_type": "", "enabled": true, "cpus": "", "fs_backend": "nullbackend", "queue": "", "module": "aragorn", "max_memory": null, "inputExtensions": ["*.fna", "*.ffn", "*.fasta", "*.fa", "*.faa", "*.frn"], "path": "aragorn", "backend": "nullbackend", "walltime": "", "description": "ARAGORN detects tRNA and tmRNA genes. "}}