{"tool": {"outputExtensions": [{"must_be_larger_than": null, "must_exist": false, "file_extension__pattern": "*.fa"}, {"must_be_larger_than": null, "must_exist": false, "file_extension__pattern": "*.qual"}], "display_name": "bartab", "name": "bartab", "parameter_list": [{"default_value": "", "mandatory": true, "use_output_filename__switch": null, "output_file": false, "possible_values": "", "rank": 1, "switch_use__description": "Both the switch and the value will be passed in the argument list. They will be separated by a space.", "switch_use__formatstring": "%(switch)s %(value)s", "switch": "-in", "acceptedExtensionList": ["*.fna", "*.ffn", "*.fasta", "*.fa", "*.faa", "*.frn"], "helptext": "Fasta sequence file to process.", "batch_bundle_files": false, "file_assignment": "batch", "hidden": false, "id": 3018, "switch_use__display_text": "both"}, {"default_value": "", "mandatory": true, "use_output_filename__switch": null, "output_file": false, "possible_values": "", "rank": 2, "switch_use__description": "Both the switch and the value will be passed in the argument list. They will be separated by a space.", "switch_use__formatstring": "%(switch)s %(value)s", "switch": "-qin", "acceptedExtensionList": ["*.qual"], "helptext": "Quality scores associated with sequences.", "batch_bundle_files": false, "file_assignment": "batch", "hidden": false, "id": 3019, "switch_use__display_text": "both"}, {"default_value": "", "mandatory": true, "use_output_filename__switch": null, "output_file": false, "possible_values": "", "rank": 3, "switch_use__description": "Both the switch and the value will be passed in the argument list. They will be separated by a space.", "switch_use__formatstring": "%(switch)s %(value)s", "switch": "-map", "acceptedExtensionList": ["*.map"], "helptext": "Tab delimited file listing barcodes and associated metadata.", "batch_bundle_files": false, "file_assignment": "batch", "hidden": false, "id": 3020, "switch_use__display_text": "both"}, {"default_value": "", "mandatory": true, "use_output_filename__switch": null, "output_file": true, "possible_values": "", "rank": 4, "switch_use__description": "Both the switch and the value will be passed in the argument list. They will be separated by a space.", "switch_use__formatstring": "%(switch)s %(value)s", "switch": "-out", "acceptedExtensionList": [], "helptext": "Base name for output files.", "batch_bundle_files": false, "file_assignment": "none", "hidden": false, "id": 3021, "switch_use__display_text": "both"}, {"default_value": "", "mandatory": false, "use_output_filename__switch": null, "output_file": false, "possible_values": "", "rank": null, "switch_use__description": "Both the switch and the value will be passed in the argument list. They will be separated by a space.", "switch_use__formatstring": "%(switch)s %(value)s", "switch": "-for", "acceptedExtensionList": [], "helptext": "Forward primer sequence.", "batch_bundle_files": false, "file_assignment": "none", "hidden": false, "id": 3022, "switch_use__display_text": "both"}, {"default_value": "", "mandatory": false, "use_output_filename__switch": null, "output_file": false, "possible_values": "", "rank": null, "switch_use__description": "Both the switch and the value will be passed in the argument list. They will be separated by a space.", "switch_use__formatstring": "%(switch)s %(value)s", "switch": "-rev", "acceptedExtensionList": [], "helptext": "Reverse primer sequence.", "batch_bundle_files": false, "file_assignment": "none", "hidden": false, "id": 3023, "switch_use__display_text": "both"}, {"default_value": "", "mandatory": false, "use_output_filename__switch": null, "output_file": false, "possible_values": "", "rank": null, "switch_use__description": "Both the switch and the value will be passed in the argument list. They will be separated by a space.", "switch_use__formatstring": "%(switch)s %(value)s", "switch": "-rnm", "acceptedExtensionList": [], "helptext": "Toggle on renaming of sequences based on column of barcode file named by specified string.", "batch_bundle_files": false, "file_assignment": "none", "hidden": false, "id": 3024, "switch_use__display_text": "both"}, {"default_value": "", "mandatory": false, "use_output_filename__switch": null, "output_file": false, "possible_values": "", "rank": null, "switch_use__description": "Both the switch and the value will be passed in the argument list. They will be separated by a space.", "switch_use__formatstring": "%(switch)s %(value)s", "switch": "-spl", "acceptedExtensionList": [], "helptext": "Toggle on splitting sequences into individual files based on column of barcode file named by \r\nspecified string.", "batch_bundle_files": false, "file_assignment": "none", "hidden": false, "id": 3025, "switch_use__display_text": "both"}, {"default_value": "", "mandatory": false, "use_output_filename__switch": null, "output_file": false, "possible_values": "", "rank": null, "switch_use__description": "Only the switch will be passed in the argument list.", "switch_use__formatstring": "%(switch)s", "switch": "-rep", "acceptedExtensionList": [], "helptext": "Toggle on dereplication of output sequence file(s).", "batch_bundle_files": false, "file_assignment": "none", "hidden": false, "id": 3026, "switch_use__display_text": "switchOnly"}, {"default_value": "", "mandatory": false, "use_output_filename__switch": null, "output_file": false, "possible_values": "", "rank": null, "switch_use__description": "Both the switch and the value will be passed in the argument list. They will be separated by a space.", "switch_use__formatstring": "%(switch)s %(value)s", "switch": "-st", "acceptedExtensionList": [], "helptext": "Position of barcode in sequence.", "batch_bundle_files": false, "file_assignment": "none", "hidden": false, "id": 3027, "switch_use__display_text": "both"}, {"default_value": "", "mandatory": false, "use_output_filename__switch": null, "output_file": false, "possible_values": "", "rank": null, "switch_use__description": "Both the switch and the value will be passed in the argument list. They will be separated by a space.", "switch_use__formatstring": "%(switch)s %(value)s", "switch": "-qu", "acceptedExtensionList": [], "helptext": "Minimum acceptable quality score, averaged over window.", "batch_bundle_files": false, "file_assignment": "none", "hidden": false, "id": 3028, "switch_use__display_text": "both"}, {"default_value": "", "mandatory": false, "use_output_filename__switch": null, "output_file": false, "possible_values": "", "rank": null, "switch_use__description": "Both the switch and the value will be passed in the argument list. They will be separated by a space.", "switch_use__formatstring": "%(switch)s %(value)s", "switch": "-win", "acceptedExtensionList": [], "helptext": "Window for calculation of mean quality score.", "batch_bundle_files": false, "file_assignment": "none", "hidden": false, "id": 3029, "switch_use__display_text": "both"}, {"default_value": "", "mandatory": false, "use_output_filename__switch": null, "output_file": false, "possible_values": "", "rank": null, "switch_use__description": "Both the switch and the value will be passed in the argument list. They will be separated by a space.", "switch_use__formatstring": "%(switch)s %(value)s", "switch": "-min", "acceptedExtensionList": [], "helptext": "Minimum acceptable sequence length.", "batch_bundle_files": false, "file_assignment": "none", "hidden": false, "id": 3030, "switch_use__display_text": "both"}, {"default_value": "", "mandatory": false, "use_output_filename__switch": null, "output_file": false, "possible_values": "", "rank": null, "switch_use__description": "Both the switch and the value will be passed in the argument list. They will be separated by a space.", "switch_use__formatstring": "%(switch)s %(value)s", "switch": "-amb", "acceptedExtensionList": [], "helptext": "Maximum acceptable number of ambiguous bases.", "batch_bundle_files": false, "file_assignment": "none", "hidden": false, "id": 3031, "switch_use__display_text": "both"}, {"default_value": "", "mandatory": false, "use_output_filename__switch": null, "output_file": false, "possible_values": "", "rank": null, "switch_use__description": "Only the switch will be passed in the argument list.", "switch_use__formatstring": "%(switch)s", "switch": "-xbar", "acceptedExtensionList": [], "helptext": "Toggle off removal of barcodes from sequences.", "batch_bundle_files": false, "file_assignment": "none", "hidden": false, "id": 3032, "switch_use__display_text": "switchOnly"}, {"default_value": "", "mandatory": false, "use_output_filename__switch": null, "output_file": false, "possible_values": "", "rank": null, "switch_use__description": "Only the switch will be passed in the argument list.", "switch_use__formatstring": "%(switch)s", "switch": "-v", "acceptedExtensionList": [], "helptext": "Verbose output to stdout.", "batch_bundle_files": false, "file_assignment": "none", "hidden": false, "id": 3033, "switch_use__display_text": "switchOnly"}, {"default_value": "", "mandatory": false, "use_output_filename__switch": null, "output_file": false, "possible_values": "", "rank": null, "switch_use__description": "Only the switch will be passed in the argument list.", "switch_use__formatstring": "%(switch)s", "switch": "-dry", "acceptedExtensionList": [], "helptext": "Dry run - report sequence statistics then quit.", "batch_bundle_files": false, "file_assignment": "none", "hidden": false, "id": 3034, "switch_use__display_text": "switchOnly"}, {"default_value": "", "mandatory": false, "use_output_filename__switch": null, "output_file": false, "possible_values": "", "rank": null, "switch_use__description": "Only the switch will be passed in the argument list.", "switch_use__formatstring": "%(switch)s", "switch": "-h", "acceptedExtensionList": [], "helptext": "Display help.", "batch_bundle_files": false, "file_assignment": "none", "hidden": false, "id": 3035, "switch_use__display_text": "switchOnly"}], "accepts_input": true, "job_type": "single", "enabled": true, "cpus": "", "fs_backend": "nullbackend", "queue": "normal", "module": "xstk", "max_memory": null, "inputExtensions": ["*.fna", "*.qual", "*.ffn", "*.fasta", "*.fa", "*.faa", "*.map", "*.frn"], "path": "bartab", "backend": "nullbackend", "walltime": "", "description": "Utility to deconvolute and annotate barcoded sequences."}}