{"tool": {"outputExtensions": [{"must_be_larger_than": null, "must_exist": true, "file_extension__pattern": "*.xml"}], "display_name": "blast top hits", "name": "blasttophits", "parameter_list": [{"default_value": "", "mandatory": true, "use_output_filename__switch": null, "output_file": false, "possible_values": null, "rank": 1, "switch_use__description": "Only the value will be passed in the argument list (ie. the switch won't be used)", "switch_use__formatstring": "%(value)s", "switch": "inputFiles", "acceptedExtensionList": ["*.bls"], "helptext": null, "batch_bundle_files": false, "file_assignment": "batch", "hidden": false, "id": 118, "switch_use__display_text": "valueOnly"}, {"default_value": "", "mandatory": true, "use_output_filename__switch": null, "output_file": false, "possible_values": null, "rank": 2, "switch_use__description": "Only the value will be passed in the argument list (ie. the switch won't be used)", "switch_use__formatstring": "%(value)s", "switch": "hitCount", "acceptedExtensionList": [], "helptext": null, "batch_bundle_files": false, "file_assignment": "none", "hidden": false, "id": 119, "switch_use__display_text": "valueOnly"}], "accepts_input": true, "job_type": "", "enabled": true, "cpus": "", "fs_backend": "nullbackend", "queue": "", "module": "yabi-tools/andrew", "max_memory": null, "inputExtensions": ["*.bls"], "path": "ccg-blastparser", "backend": "nullbackend", "walltime": "", "description": "Parse a blast report and convert to yabixml format for use by other tools. This file outputs yabixml format for use with tools that require yabixml such as 'get KEGG Id'."}}