{"tool": {"outputExtensions": [{"must_be_larger_than": null, "must_exist": true, "file_extension__pattern": "*.aln"}], "display_name": "xe novo2aln", "name": "ccg-novo2aln", "parameter_list": [{"default_value": "", "mandatory": true, "use_output_filename__switch": null, "output_file": false, "possible_values": "", "rank": 1, "switch_use__description": "Only the switch will be passed in the argument list.", "switch_use__formatstring": "%(switch)s", "switch": "novoalignFile", "acceptedExtensionList": ["*.nov"], "helptext": null, "batch_bundle_files": false, "file_assignment": "batch", "hidden": false, "id": 1587, "switch_use__display_text": "switchOnly"}], "accepts_input": true, "job_type": null, "enabled": true, "cpus": "", "fs_backend": "nullbackend", "queue": null, "module": null, "max_memory": null, "inputExtensions": ["*.nov"], "path": "", "backend": "nullbackend", "walltime": "", "description": "Convert from novo format to aln format."}}