{"tool": {"outputExtensions": [{"must_be_larger_than": null, "must_exist": false, "file_extension__pattern": "*.index"}], "display_name": "novoalign", "name": "ccg-novoalign", "parameter_list": [{"default_value": "", "mandatory": true, "use_output_filename__switch": null, "output_file": false, "possible_values": "", "rank": null, "switch_use__description": "Both the switch and the value will be passed in the argument list. They will be separated by a space.", "switch_use__formatstring": "%(switch)s %(value)s", "switch": "-d", "acceptedExtensionList": ["*.index"], "helptext": null, "batch_bundle_files": false, "file_assignment": "batch", "hidden": false, "id": 1593, "switch_use__display_text": "both"}, {"default_value": "", "mandatory": true, "use_output_filename__switch": null, "output_file": false, "possible_values": "", "rank": null, "switch_use__description": "Both the switch and the value will be passed in the argument list. They will be separated by a space.", "switch_use__formatstring": "%(switch)s %(value)s", "switch": "-f", "acceptedExtensionList": ["*.fna", "*.ffn", "*.fasta", "*.fa", "*.faa", "*.frn"], "helptext": null, "batch_bundle_files": false, "file_assignment": "batch", "hidden": false, "id": 1594, "switch_use__display_text": "both"}, {"default_value": "", "mandatory": false, "use_output_filename__switch": null, "output_file": false, "possible_values": "", "rank": null, "switch_use__description": "Both the switch and the value will be passed in the argument list. They will be separated by a space.", "switch_use__formatstring": "%(switch)s %(value)s", "switch": "-p", "acceptedExtensionList": ["*.fna", "*.ffn", "*.fasta", "*.fa", "*.faa", "*.frn"], "helptext": null, "batch_bundle_files": false, "file_assignment": "batch", "hidden": false, "id": 1595, "switch_use__display_text": "both"}, {"default_value": "", "mandatory": false, "use_output_filename__switch": null, "output_file": false, "possible_values": "", "rank": null, "switch_use__description": "Both the switch and the value will be passed in the argument list. They will be separated by a space.", "switch_use__formatstring": "%(switch)s %(value)s", "switch": "-F", "acceptedExtensionList": [], "helptext": null, "batch_bundle_files": false, "file_assignment": "none", "hidden": false, "id": 1598, "switch_use__display_text": "both"}, {"default_value": "", "mandatory": false, "use_output_filename__switch": null, "output_file": false, "possible_values": "", "rank": null, "switch_use__description": "Both the switch and the value will be passed in the argument list. They will be separated by a space.", "switch_use__formatstring": "%(switch)s %(value)s", "switch": "-n", "acceptedExtensionList": [], "helptext": null, "batch_bundle_files": false, "file_assignment": "none", "hidden": false, "id": 1599, "switch_use__display_text": "both"}, {"default_value": "", "mandatory": false, "use_output_filename__switch": null, "output_file": false, "possible_values": "", "rank": null, "switch_use__description": "Both the switch and the value will be passed in the argument list. They will be separated by a space.", "switch_use__formatstring": "%(switch)s %(value)s", "switch": "-a", "acceptedExtensionList": [], "helptext": null, "batch_bundle_files": false, "file_assignment": "none", "hidden": false, "id": 1600, "switch_use__display_text": "both"}, {"default_value": "", "mandatory": false, "use_output_filename__switch": null, "output_file": false, "possible_values": "", "rank": null, "switch_use__description": "Both the switch and the value will be passed in the argument list. They will be separated by a space.", "switch_use__formatstring": "%(switch)s %(value)s", "switch": "-A", "acceptedExtensionList": [], "helptext": null, "batch_bundle_files": false, "file_assignment": "none", "hidden": false, "id": 1601, "switch_use__display_text": "both"}, {"default_value": "", "mandatory": false, "use_output_filename__switch": null, "output_file": false, "possible_values": "", "rank": null, "switch_use__description": "Both the switch and the value will be passed in the argument list. They will be separated by a space.", "switch_use__formatstring": "%(switch)s %(value)s", "switch": "-H", "acceptedExtensionList": [], "helptext": null, "batch_bundle_files": false, "file_assignment": "none", "hidden": false, "id": 1602, "switch_use__display_text": "both"}, {"default_value": "", "mandatory": false, "use_output_filename__switch": null, "output_file": false, "possible_values": "", "rank": null, "switch_use__description": "Both the switch and the value will be passed in the argument list. They will be separated by a space.", "switch_use__formatstring": "%(switch)s %(value)s", "switch": "-I", "acceptedExtensionList": [], "helptext": null, "batch_bundle_files": false, "file_assignment": "none", "hidden": false, "id": 1603, "switch_use__display_text": "both"}, {"default_value": "", "mandatory": false, "use_output_filename__switch": null, "output_file": false, "possible_values": "", "rank": null, "switch_use__description": "Both the switch and the value will be passed in the argument list. They will be separated by a space.", "switch_use__formatstring": "%(switch)s %(value)s", "switch": "-t", "acceptedExtensionList": [], "helptext": null, "batch_bundle_files": false, "file_assignment": "none", "hidden": false, "id": 1604, "switch_use__display_text": "both"}, {"default_value": "", "mandatory": false, "use_output_filename__switch": null, "output_file": false, "possible_values": "", "rank": null, "switch_use__description": "Both the switch and the value will be passed in the argument list. They will be separated by a space.", "switch_use__formatstring": "%(switch)s %(value)s", "switch": "-g", "acceptedExtensionList": [], "helptext": null, "batch_bundle_files": false, "file_assignment": "none", "hidden": false, "id": 1605, "switch_use__display_text": "both"}, {"default_value": "", "mandatory": false, "use_output_filename__switch": null, "output_file": false, "possible_values": "", "rank": null, "switch_use__description": "Both the switch and the value will be passed in the argument list. They will be separated by a space.", "switch_use__formatstring": "%(switch)s %(value)s", "switch": "-x", "acceptedExtensionList": [], "helptext": null, "batch_bundle_files": false, "file_assignment": "none", "hidden": false, "id": 1606, "switch_use__display_text": "both"}, {"default_value": "", "mandatory": false, "use_output_filename__switch": null, "output_file": false, "possible_values": "", "rank": null, "switch_use__description": "Both the switch and the value will be passed in the argument list. They will be separated by a space.", "switch_use__formatstring": "%(switch)s %(value)s", "switch": "-u", "acceptedExtensionList": [], "helptext": null, "batch_bundle_files": false, "file_assignment": "none", "hidden": false, "id": 1607, "switch_use__display_text": "both"}, {"default_value": "2", "mandatory": false, "use_output_filename__switch": null, "output_file": false, "possible_values": {"value": [{"display": "2", "value": "2"}, {"display": "4", "value": "4"}]}, "rank": null, "switch_use__description": "Both the switch and the value will be passed in the argument list. They will be separated by a space.", "switch_use__formatstring": "%(switch)s %(value)s", "switch": "-b", "acceptedExtensionList": [], "helptext": null, "batch_bundle_files": false, "file_assignment": "none", "hidden": false, "id": 1608, "switch_use__display_text": "both"}, {"default_value": "", "mandatory": false, "use_output_filename__switch": null, "output_file": false, "possible_values": "", "rank": null, "switch_use__description": "Both the switch and the value will be passed in the argument list. They will be separated by a space.", "switch_use__formatstring": "%(switch)s %(value)s", "switch": "-N", "acceptedExtensionList": [], "helptext": null, "batch_bundle_files": false, "file_assignment": "none", "hidden": false, "id": 1609, "switch_use__display_text": "both"}, {"default_value": "Native", "mandatory": false, "use_output_filename__switch": null, "output_file": false, "possible_values": {"value": [{"display": "Native", "value": "Native"}, {"display": "Pairwise", "value": "Pairwise"}, {"display": "SAM", "value": "SAM"}]}, "rank": null, "switch_use__description": "Both the switch and the value will be passed in the argument list. They will be separated by a space.", "switch_use__formatstring": "%(switch)s %(value)s", "switch": "-o", "acceptedExtensionList": [], "helptext": null, "batch_bundle_files": false, "file_assignment": "none", "hidden": false, "id": 1610, "switch_use__display_text": "both"}, {"default_value": "", "mandatory": false, "use_output_filename__switch": null, "output_file": false, "possible_values": "", "rank": null, "switch_use__description": "Both the switch and the value will be passed in the argument list. They will be separated by a space.", "switch_use__formatstring": "%(switch)s %(value)s", "switch": "--o-readgroup", "acceptedExtensionList": [], "helptext": null, "batch_bundle_files": false, "file_assignment": "none", "hidden": false, "id": 1611, "switch_use__display_text": "both"}, {"default_value": "", "mandatory": false, "use_output_filename__switch": null, "output_file": false, "possible_values": "", "rank": null, "switch_use__description": "Both the switch and the value will be passed in the argument list. They will be separated by a space.", "switch_use__formatstring": "%(switch)s %(value)s", "switch": "-R", "acceptedExtensionList": [], "helptext": null, "batch_bundle_files": false, "file_assignment": "none", "hidden": false, "id": 1612, "switch_use__display_text": "both"}, {"default_value": "None", "mandatory": false, "use_output_filename__switch": null, "output_file": false, "possible_values": {"value": [{"display": "None", "value": "None"}, {"display": "Random", "value": "Random"}, {"display": "All", "value": "All"}, {"display": "Exhaustive", "value": "Exhaustive"}]}, "rank": null, "switch_use__description": "Both the switch and the value will be passed in the argument list. They will be separated by a space.", "switch_use__formatstring": "%(switch)s %(value)s", "switch": "-r", "acceptedExtensionList": [], "helptext": null, "batch_bundle_files": false, "file_assignment": "none", "hidden": false, "id": 1613, "switch_use__display_text": "both"}, {"default_value": "", "mandatory": false, "use_output_filename__switch": null, "output_file": false, "possible_values": "", "rank": null, "switch_use__description": "Both the switch and the value will be passed in the argument list. They will be separated by a space.", "switch_use__formatstring": "%(switch)s %(value)s", "switch": "--strategy-limit", "acceptedExtensionList": [], "helptext": null, "batch_bundle_files": false, "file_assignment": "none", "hidden": false, "id": 1614, "switch_use__display_text": "both"}, {"default_value": "", "mandatory": false, "use_output_filename__switch": null, "output_file": false, "possible_values": "", "rank": null, "switch_use__description": "Both the switch and the value will be passed in the argument list. They will be separated by a space.", "switch_use__formatstring": "%(switch)s %(value)s", "switch": "-Q", "acceptedExtensionList": [], "helptext": null, "batch_bundle_files": false, "file_assignment": "none", "hidden": false, "id": 1615, "switch_use__display_text": "both"}, {"default_value": "", "mandatory": false, "use_output_filename__switch": null, "output_file": false, "possible_values": "", "rank": null, "switch_use__description": "Both the switch and the value will be passed in the argument list. They will be separated by a space.", "switch_use__formatstring": "%(switch)s %(value)s", "switch": "-e", "acceptedExtensionList": [], "helptext": null, "batch_bundle_files": false, "file_assignment": "none", "hidden": false, "id": 1616, "switch_use__display_text": "both"}, {"default_value": "", "mandatory": false, "use_output_filename__switch": null, "output_file": false, "possible_values": "", "rank": null, "switch_use__description": "Both the switch and the value will be passed in the argument list. They will be separated by a space.", "switch_use__formatstring": "%(switch)s %(value)s", "switch": "-q", "acceptedExtensionList": [], "helptext": null, "batch_bundle_files": false, "file_assignment": "none", "hidden": false, "id": 1617, "switch_use__display_text": "both"}, {"default_value": "", "mandatory": false, "use_output_filename__switch": null, "output_file": false, "possible_values": "", "rank": null, "switch_use__description": "Both the switch and the value will be passed in the argument list. They will be separated by a space.", "switch_use__formatstring": "%(switch)s %(value)s", "switch": "-K", "acceptedExtensionList": [], "helptext": null, "batch_bundle_files": false, "file_assignment": "none", "hidden": false, "id": 1618, "switch_use__display_text": "both"}, {"default_value": "", "mandatory": false, "use_output_filename__switch": null, "output_file": false, "possible_values": "", "rank": null, "switch_use__description": "Both the switch and the value will be passed in the argument list. They will be separated by a space.", "switch_use__formatstring": "%(switch)s %(value)s", "switch": "--K-file", "acceptedExtensionList": [], "helptext": null, "batch_bundle_files": false, "file_assignment": "batch", "hidden": false, "id": 1619, "switch_use__display_text": "both"}, {"default_value": "", "mandatory": false, "use_output_filename__switch": null, "output_file": false, "possible_values": "", "rank": null, "switch_use__description": "Both the switch and the value will be passed in the argument list. They will be separated by a space.", "switch_use__formatstring": "%(switch)s %(value)s", "switch": "--i1", "acceptedExtensionList": [], "helptext": null, "batch_bundle_files": false, "file_assignment": "none", "hidden": false, "id": 1620, "switch_use__display_text": "both"}, {"default_value": "", "mandatory": false, "use_output_filename__switch": null, "output_file": false, "possible_values": "", "rank": null, "switch_use__description": "Both the switch and the value will be passed in the argument list. They will be separated by a space.", "switch_use__formatstring": "%(switch)s %(value)s", "switch": "--i2", "acceptedExtensionList": [], "helptext": null, "batch_bundle_files": false, "file_assignment": "none", "hidden": false, "id": 1621, "switch_use__display_text": "both"}, {"default_value": "", "mandatory": false, "use_output_filename__switch": null, "output_file": false, "possible_values": "", "rank": null, "switch_use__description": "Both the switch and the value will be passed in the argument list. They will be separated by a space.", "switch_use__formatstring": "%(switch)s %(value)s", "switch": "--v1", "acceptedExtensionList": [], "helptext": null, "batch_bundle_files": false, "file_assignment": "none", "hidden": false, "id": 1622, "switch_use__display_text": "both"}, {"default_value": "", "mandatory": false, "use_output_filename__switch": null, "output_file": false, "possible_values": "", "rank": null, "switch_use__description": "Both the switch and the value will be passed in the argument list. They will be separated by a space.", "switch_use__formatstring": "%(switch)s %(value)s", "switch": "--v2", "acceptedExtensionList": [], "helptext": null, "batch_bundle_files": false, "file_assignment": "none", "hidden": false, "id": 1623, "switch_use__display_text": "both"}, {"default_value": "", "mandatory": false, "use_output_filename__switch": null, "output_file": false, "possible_values": "", "rank": null, "switch_use__description": "Both the switch and the value will be passed in the argument list. They will be separated by a space.", "switch_use__formatstring": "%(switch)s %(value)s", "switch": "--v3", "acceptedExtensionList": [], "helptext": null, "batch_bundle_files": false, "file_assignment": "none", "hidden": false, "id": 1624, "switch_use__display_text": "both"}, {"default_value": "", "mandatory": false, "use_output_filename__switch": null, "output_file": false, "possible_values": "", "rank": null, "switch_use__description": "Both the switch and the value will be passed in the argument list. They will be separated by a space.", "switch_use__formatstring": "%(switch)s %(value)s", "switch": "--regex", "acceptedExtensionList": [], "helptext": null, "batch_bundle_files": false, "file_assignment": "none", "hidden": false, "id": 1625, "switch_use__display_text": "both"}, {"default_value": "", "mandatory": false, "use_output_filename__switch": null, "output_file": false, "possible_values": "", "rank": null, "switch_use__description": "Only the switch will be passed in the argument list.", "switch_use__formatstring": "%(switch)s", "switch": "-m", "acceptedExtensionList": [], "helptext": null, "batch_bundle_files": false, "file_assignment": "none", "hidden": false, "id": 1626, "switch_use__display_text": "switchOnly"}, {"default_value": "", "mandatory": false, "use_output_filename__switch": null, "output_file": false, "possible_values": "", "rank": null, "switch_use__description": "Both the switch and the value will be passed in the argument list. They will be separated by a space.", "switch_use__formatstring": "%(switch)s %(value)s", "switch": "-M", "acceptedExtensionList": [], "helptext": null, "batch_bundle_files": false, "file_assignment": "none", "hidden": false, "id": 1627, "switch_use__display_text": "both"}, {"default_value": "", "mandatory": false, "use_output_filename__switch": null, "output_file": false, "possible_values": "", "rank": null, "switch_use__description": "Both the switch and the value will be passed in the argument list. They will be separated by a space.", "switch_use__formatstring": "%(switch)s %(value)s", "switch": "-s", "acceptedExtensionList": [], "helptext": null, "batch_bundle_files": false, "file_assignment": "none", "hidden": false, "id": 1628, "switch_use__display_text": "both"}], "accepts_input": true, "job_type": "single", "enabled": true, "cpus": "", "fs_backend": "nullbackend", "queue": "testing", "module": "novocraft/2.05.17,python/2.6.4", "max_memory": 8196, "inputExtensions": ["*.fna", "*.ffn", "*.fasta", "*.fa", "*.faa", "*.index", "*.frn"], "path": "ccg_novoalign_wrapper.py", "backend": "nullbackend", "walltime": "", "description": ""}}