{"tool": {"outputExtensions": [{"must_be_larger_than": null, "must_exist": false, "file_extension__pattern": "*.dat"}], "display_name": "Mascot", "name": "ccg.mascotRun.py", "parameter_list": [{"default_value": "", "mandatory": true, "use_output_filename__switch": null, "output_file": false, "possible_values": "", "rank": 99, "switch_use__description": "Both the switch and the value will be passed in the argument list. They will be separated by a space.", "switch_use__formatstring": "%(switch)s %(value)s", "switch": "-f", "acceptedExtensionList": ["*.mgf"], "helptext": "", "batch_bundle_files": false, "file_assignment": "batch", "hidden": false, "id": 2717, "switch_use__display_text": "both"}, {"default_value": "Yabi-user", "mandatory": true, "use_output_filename__switch": null, "output_file": false, "possible_values": "", "rank": 2, "switch_use__description": "Both the switch and the value will be passed in the argument list. They will be separated by a space.", "switch_use__formatstring": "%(switch)s %(value)s", "switch": "-u", "acceptedExtensionList": [], "helptext": "Identifier for user of service.", "batch_bundle_files": false, "file_assignment": "none", "hidden": false, "id": 2718, "switch_use__display_text": "both"}, {"default_value": "Yabi search", "mandatory": true, "use_output_filename__switch": null, "output_file": false, "possible_values": "", "rank": 3, "switch_use__description": "Both the switch and the value will be passed in the argument list. They will be separated by a space.", "switch_use__formatstring": "%(switch)s %(value)s", "switch": "-t", "acceptedExtensionList": [], "helptext": "Search title.", "batch_bundle_files": false, "file_assignment": "none", "hidden": false, "id": 2719, "switch_use__display_text": "both"}, {"default_value": "", "mandatory": true, "use_output_filename__switch": null, "output_file": false, "possible_values": {"value": [{"display": "Tigr_bmgi", "value": "Tigr_bmgi"}, {"display": "SwissProt", "value": "SwissProt"}, {"display": "IPI_human", "value": "IPI_human"}]}, "rank": 4, "switch_use__description": "Both the switch and the value will be passed in the argument list. They will be separated by a space.", "switch_use__formatstring": "%(switch)s %(value)s", "switch": "-d", "acceptedExtensionList": [], "helptext": "Database to search.", "batch_bundle_files": false, "file_assignment": "none", "hidden": false, "id": 2720, "switch_use__display_text": "both"}, {"default_value": "0.65", "mandatory": true, "use_output_filename__switch": null, "output_file": false, "possible_values": "", "rank": 5, "switch_use__description": "Both the switch and the value will be passed in the argument list. They will be separated by a space.", "switch_use__formatstring": "%(switch)s %(value)s", "switch": "-p", "acceptedExtensionList": [], "helptext": "Peptide tolerance.", "batch_bundle_files": false, "file_assignment": "none", "hidden": false, "id": 2721, "switch_use__display_text": "both"}, {"default_value": "0.65", "mandatory": true, "use_output_filename__switch": null, "output_file": false, "possible_values": "", "rank": 6, "switch_use__description": "Both the switch and the value will be passed in the argument list. They will be separated by a space.", "switch_use__formatstring": "%(switch)s %(value)s", "switch": "-i", "acceptedExtensionList": [], "helptext": "MS/ION Tolerance", "batch_bundle_files": false, "file_assignment": "none", "hidden": false, "id": 2722, "switch_use__display_text": "both"}, {"default_value": "", "mandatory": true, "use_output_filename__switch": null, "output_file": false, "possible_values": {"value": [{"display": "PMF", "value": "PMF"}, {"display": "SQ", "value": "SQ"}, {"display": "MIS", "value": "MIS"}]}, "rank": 7, "switch_use__description": "Both the switch and the value will be passed in the argument list. They will be separated by a space.", "switch_use__formatstring": "%(switch)s %(value)s", "switch": "-s", "acceptedExtensionList": [], "helptext": "Type of search.", "batch_bundle_files": false, "file_assignment": "none", "hidden": false, "id": 2723, "switch_use__display_text": "both"}, {"default_value": "", "mandatory": true, "use_output_filename__switch": null, "output_file": false, "possible_values": {"value": [{"display": "ESI-QUAD-TOF", "value": "ESI-QUAD-TOF"}, {"display": "MALDI-TOF-PSD", "value": "MALDI-TOF-PSD"}, {"display": "ESI-TRAP", "value": "ESI-TRAP"}, {"display": "ESI-QUAD", "value": "ESI-QUAD"}, {"display": "ESI-FTICR", "value": "ESI-FTICR"}, {"display": "MALDI-TOF-TOF", "value": "MALDI-TOF-TOF"}, {"display": "ESI-4SECTOR", "value": "ESI-4SECTOR"}, {"display": "FTMS-ECD", "value": "FTMS-ECD"}, {"display": "ETD-TRAP", "value": "ETD-TRAP"}, {"display": "MALDI-QUAD-TOF", "value": "MALDI-QUAD-TOF"}, {"display": "MALDI-QIT-TOF", "value": "MALDI-QIT-TOF"}]}, "rank": 8, "switch_use__description": "Both the switch and the value will be passed in the argument list. They will be separated by a space.", "switch_use__formatstring": "%(switch)s %(value)s", "switch": "-I", "acceptedExtensionList": [], "helptext": "Type of instrument used.", "batch_bundle_files": false, "file_assignment": "none", "hidden": false, "id": 2724, "switch_use__display_text": "both"}, {"default_value": "", "mandatory": true, "use_output_filename__switch": null, "output_file": false, "possible_values": {"value": [{"display": "Acetyl (K)", "value": "'Acetyl (K)'"}, {"display": "Biotin (K)", "value": "'Biotin (K)'"}, {"display": "Carbamidomethyl (C)", "value": "'Carbamidomethyl (C)'"}, {"display": "Biotin (N-term)", "value": "'Biotin (N-term)'"}, {"display": "Oxidation (M)", "value": "'Oxidation (M)'"}, {"display": "Phospho (Y)", "value": "'Phospho (Y)'"}, {"display": "Formyl (N-term)", "value": "'Formyl (N-term)'"}]}, "rank": 9, "switch_use__description": "Both the switch and the value will be passed in the argument list. They will be separated by a space.", "switch_use__formatstring": "%(switch)s %(value)s", "switch": "-F", "acceptedExtensionList": [], "helptext": "Fixed modifications", "batch_bundle_files": false, "file_assignment": "none", "hidden": false, "id": 2725, "switch_use__display_text": "both"}, {"default_value": "", "mandatory": true, "use_output_filename__switch": null, "output_file": false, "possible_values": {"value": [{"display": "Acetyl (K)", "value": "'Acetyl (K)'"}, {"display": "Biotin (K)", "value": "'Biotin (K)'"}, {"display": "Carbamidomethyl (C)", "value": "'Carbamidomethyl (C)'"}, {"display": "Biotin (N-term)", "value": "'Biotin (N-term)'"}, {"display": "Oxidation (M)", "value": "'Oxidation (M)'"}, {"display": "Phospho (Y)", "value": "'Phospho (Y)'"}, {"display": "Formyl (N-term)", "value": "'Formyl (N-term)'"}]}, "rank": 10, "switch_use__description": "Both the switch and the value will be passed in the argument list. They will be separated by a space.", "switch_use__formatstring": "%(switch)s %(value)s", "switch": "-V", "acceptedExtensionList": [], "helptext": "Variable modifications.", "batch_bundle_files": false, "file_assignment": "none", "hidden": false, "id": 2726, "switch_use__display_text": "both"}, {"default_value": "", "mandatory": true, "use_output_filename__switch": null, "output_file": false, "possible_values": {"value": [{"display": "8-", "value": "'8-'"}, {"display": "7-", "value": "'7-'"}, {"display": "6-", "value": "'6-'"}, {"display": "5-", "value": "'5-'"}, {"display": "4-", "value": "'4-'"}, {"display": "3-", "value": "'3-'"}, {"display": "2-", "value": "'2-'"}, {"display": "2- and 3-", "value": "'2- and 3-'"}, {"display": "1-", "value": "'1-'"}, {"display": "1-, 2- and 3-", "value": "'1-, 2- and 3-'"}, {"display": "Mr", "value": "'Mr'"}, {"display": "1+", "value": "'1+'"}, {"display": "1+, 2+ and 3+", "value": "'1+, 2+ and 3+'"}, {"display": "2+", "value": "'2+'"}, {"display": "2+ and 3+", "value": "'2+ and 3+'"}, {"display": "3+", "value": "'3+'"}, {"display": "4+", "value": "'4+'"}, {"display": "5+", "value": "'5+'"}, {"display": "6+", "value": "'6+'"}, {"display": "7+", "value": "'7+'"}, {"display": "8+", "value": "'8+'"}]}, "rank": 11, "switch_use__description": "Both the switch and the value will be passed in the argument list. They will be separated by a space.", "switch_use__formatstring": "%(switch)s %(value)s", "switch": "-c", "acceptedExtensionList": [], "helptext": "", "batch_bundle_files": false, "file_assignment": "none", "hidden": false, "id": 2737, "switch_use__display_text": "both"}], "accepts_input": true, "job_type": "", "enabled": true, "cpus": "", "fs_backend": "nullbackend", "queue": "", "module": "mascot", "max_memory": null, "inputExtensions": ["*.mgf"], "path": "mascotRun.py", "backend": "nullbackend", "walltime": "", "description": ""}}