{"tool": {"outputExtensions": [{"must_be_larger_than": null, "must_exist": false, "file_extension__pattern": "*.xml"}], "display_name": "Mascot2XML", "name": "ccg.mascot2XML", "parameter_list": [{"default_value": "", "mandatory": true, "use_output_filename__switch": null, "output_file": false, "possible_values": "", "rank": 1, "switch_use__description": "Only the value will be passed in the argument list (ie. the switch won't be used)", "switch_use__formatstring": "%(value)s", "switch": "inputFiles", "acceptedExtensionList": ["*.dat"], "helptext": "", "batch_bundle_files": false, "file_assignment": "batch", "hidden": false, "id": 2727, "switch_use__display_text": "valueOnly"}, {"default_value": "", "mandatory": true, "use_output_filename__switch": null, "output_file": false, "possible_values": "", "rank": null, "switch_use__description": "Both the switch and the value will be passed in the argument list. They will be separated by a space.", "switch_use__formatstring": "%(switch)s %(value)s", "switch": "-D", "acceptedExtensionList": ["*.fna", "*.ffn", "*.fasta", "*.fa", "*.faa", "*.frn"], "helptext": "The database used, in fasta format.", "batch_bundle_files": false, "file_assignment": "batch", "hidden": false, "id": 2728, "switch_use__display_text": "both"}, {"default_value": "", "mandatory": false, "use_output_filename__switch": null, "output_file": false, "possible_values": "", "rank": null, "switch_use__description": "Only the switch will be passed in the argument list.", "switch_use__formatstring": "%(switch)s", "switch": "-pI", "acceptedExtensionList": [], "helptext": "Compute the peptide pI values.", "batch_bundle_files": false, "file_assignment": "none", "hidden": false, "id": 2729, "switch_use__display_text": "switchOnly"}, {"default_value": "trypsin", "mandatory": true, "use_output_filename__switch": null, "output_file": false, "possible_values": {"value": [{"display": "nonspecific", "value": "nonspecific"}, {"display": "argc", "value": "argc"}, {"display": "aspn", "value": "aspn"}, {"display": "chymotrypsin", "value": "chymotrypsin"}, {"display": "clostripain", "value": "clostripain"}, {"display": "cnbr", "value": "cnbr"}, {"display": "elastase", "value": "elastase"}, {"display": "formicacid", "value": "formicacid"}, {"display": "gluc", "value": "gluc"}, {"display": "gluc_bicarb", "value": "gluc_bicarb"}, {"display": "iodosobenzoate", "value": "iodosobenzoate"}, {"display": "lysc", "value": "lysc"}, {"display": "lysc-p", "value": "lysc-p"}, {"display": "lysn", "value": "lysn"}, {"display": "lysn_promisc", "value": "lysn_promisc"}, {"display": "pepsina", "value": "pepsina"}, {"display": "protein_endopeptidase", "value": "protein_endopeptidase"}, {"display": "staph_protease", "value": "staph_protease"}, {"display": "tca", "value": "tca"}, {"display": "trypsin", "value": "trypsin"}, {"display": "trypsin/cnbr", "value": "trypsin/cnbr"}, {"display": "trypsin_gluc", "value": "trypsin_gluc"}, {"display": "trypsin_k", "value": "trypsin_k"}, {"display": "trypsin_r", "value": "trypsin_r"}, {"display": "thermolysin", "value": "thermolysin"}]}, "rank": null, "switch_use__description": "Both the switch and the value will be passed in the argument list. They will be joined together with no space between them.", "switch_use__formatstring": "%(switch)s%(value)s", "switch": "-E", "acceptedExtensionList": [], "helptext": "Enzyme used.", "batch_bundle_files": false, "file_assignment": "none", "hidden": false, "id": 2730, "switch_use__display_text": "combined"}, {"default_value": "", "mandatory": false, "use_output_filename__switch": null, "output_file": false, "possible_values": "", "rank": null, "switch_use__description": "Only the switch will be passed in the argument list.", "switch_use__formatstring": "%(switch)s", "switch": "-notgz", "acceptedExtensionList": [], "helptext": "Does not generate the .tgz files which are a compressed archive of .dat and .out files.", "batch_bundle_files": false, "file_assignment": "none", "hidden": false, "id": 2731, "switch_use__display_text": "switchOnly"}, {"default_value": "", "mandatory": false, "use_output_filename__switch": null, "output_file": false, "possible_values": "", "rank": null, "switch_use__description": "Only the switch will be passed in the argument list.", "switch_use__formatstring": "%(switch)s", "switch": "-desc", "acceptedExtensionList": [], "helptext": "Generates a protein description in the pepXML output.", "batch_bundle_files": false, "file_assignment": "none", "hidden": false, "id": 2732, "switch_use__display_text": "switchOnly"}, {"default_value": "", "mandatory": false, "use_output_filename__switch": null, "output_file": false, "possible_values": "", "rank": null, "switch_use__description": "Only the switch will be passed in the argument list.", "switch_use__formatstring": "%(switch)s", "switch": "-shortid", "acceptedExtensionList": [], "helptext": "Uses short protein id as per Mascot results, instead of the full protein ids in fasta files.", "batch_bundle_files": false, "file_assignment": "none", "hidden": false, "id": 2733, "switch_use__display_text": "switchOnly"}], "accepts_input": true, "job_type": "", "enabled": true, "cpus": "", "fs_backend": "nullbackend", "queue": "", "module": "mascot", "max_memory": null, "inputExtensions": ["*.fna", "*.dat", "*.ffn", "*.fasta", "*.fa", "*.faa", "*.frn"], "path": "Mascot2XML", "backend": "nullbackend", "walltime": "", "description": ""}}