{"tool": {"outputExtensions": [{"must_be_larger_than": null, "must_exist": true, "file_extension__pattern": "*.mgf"}], "display_name": "MzXML2Search", "name": "ccg.mzxml2search", "parameter_list": [{"default_value": "", "mandatory": true, "use_output_filename__switch": null, "output_file": false, "possible_values": "", "rank": 99, "switch_use__description": "Only the value will be passed in the argument list (ie. the switch won't be used)", "switch_use__formatstring": "%(value)s", "switch": "inputFiles", "acceptedExtensionList": ["*.mzXML", "*.mzxml"], "helptext": "", "batch_bundle_files": false, "file_assignment": "batch", "hidden": false, "id": 2712, "switch_use__display_text": "valueOnly"}, {"default_value": "-mfg", "mandatory": true, "use_output_filename__switch": null, "output_file": false, "possible_values": {"value": [{"display": "mgf format", "value": "-mgf"}, {"display": "dta format", "value": "-dta"}]}, "rank": 2, "switch_use__description": "Only the value will be passed in the argument list (ie. the switch won't be used)", "switch_use__formatstring": "%(value)s", "switch": "outputFormat", "acceptedExtensionList": [], "helptext": "Output format.", "batch_bundle_files": false, "file_assignment": "none", "hidden": false, "id": 2713, "switch_use__display_text": "valueOnly"}, {"default_value": "", "mandatory": true, "use_output_filename__switch": null, "output_file": false, "possible_values": {"value": [{"display": "Collision Ion Detection", "value": "CID"}, {"display": "Electron Transfer Dissociation", "value": "ETD"}]}, "rank": 3, "switch_use__description": "Both the switch and the value will be passed in the argument list. They will be joined together with no space between them.", "switch_use__formatstring": "%(switch)s%(value)s", "switch": "-A", "acceptedExtensionList": [], "helptext": "Activation method.", "batch_bundle_files": false, "file_assignment": "none", "hidden": false, "id": 2714, "switch_use__display_text": "combined"}, {"default_value": "", "mandatory": true, "use_output_filename__switch": null, "output_file": false, "possible_values": {"value": [{"display": "1", "value": "1"}, {"display": "2", "value": "2"}, {"display": "1-3", "value": "1-3"}, {"display": "2-6", "value": "2-6"}]}, "rank": 4, "switch_use__description": "Both the switch and the value will be passed in the argument list. They will be joined together with no space between them.", "switch_use__formatstring": "%(switch)s%(value)s", "switch": "-M", "acceptedExtensionList": [], "helptext": "MS level.", "batch_bundle_files": false, "file_assignment": "none", "hidden": false, "id": 2715, "switch_use__display_text": "combined"}, {"default_value": "output.mgf", "mandatory": true, "use_output_filename__switch": null, "output_file": false, "possible_values": "", "rank": 5, "switch_use__description": "Both the switch and the value will be passed in the argument list. They will be joined together with no space between them.", "switch_use__formatstring": "%(switch)s%(value)s", "switch": "-O", "acceptedExtensionList": [], "helptext": "Output file.", "batch_bundle_files": false, "file_assignment": "none", "hidden": false, "id": 2716, "switch_use__display_text": "combined"}], "accepts_input": true, "job_type": "", "enabled": true, "cpus": "", "fs_backend": "nullbackend", "queue": "", "module": "tpp/4.3.1", "max_memory": null, "inputExtensions": ["*.mzXML", "*.mzxml"], "path": "MzXML2Search", "backend": "nullbackend", "walltime": "", "description": ""}}