{"tool": {"outputExtensions": [{"must_be_larger_than": null, "must_exist": false, "file_extension__pattern": "*.xml"}], "display_name": "xinteract", "name": "ccg.xinteract", "parameter_list": [{"default_value": "", "mandatory": true, "use_output_filename__switch": null, "output_file": false, "possible_values": "", "rank": 99, "switch_use__description": "Only the value will be passed in the argument list (ie. the switch won't be used)", "switch_use__formatstring": "%(value)s", "switch": "inputFiles", "acceptedExtensionList": ["*.xml"], "helptext": "", "batch_bundle_files": false, "file_assignment": "batch", "hidden": false, "id": 2740, "switch_use__display_text": "valueOnly"}, {"default_value": "interact.pep.xml", "mandatory": true, "use_output_filename__switch": null, "output_file": true, "possible_values": "", "rank": 1, "switch_use__description": "Both the switch and the value will be passed in the argument list. They will be joined together with no space between them.", "switch_use__formatstring": "%(switch)s%(value)s", "switch": "-N", "acceptedExtensionList": [], "helptext": "Write output to file of this name.", "batch_bundle_files": false, "file_assignment": "none", "hidden": false, "id": 2741, "switch_use__display_text": "combined"}, {"default_value": "", "mandatory": false, "use_output_filename__switch": null, "output_file": false, "possible_values": "", "rank": 1, "switch_use__description": "Both the switch and the value will be passed in the argument list. They will be joined together with no space between them.", "switch_use__formatstring": "%(switch)s%(value)s", "switch": "-p", "acceptedExtensionList": [], "helptext": "Do not discard search results with PeptideProphet probabilities below this value.", "batch_bundle_files": false, "file_assignment": "none", "hidden": false, "id": 2742, "switch_use__display_text": "combined"}, {"default_value": "", "mandatory": false, "use_output_filename__switch": null, "output_file": false, "possible_values": "", "rank": 1, "switch_use__description": "Both the switch and the value will be passed in the argument list. They will be joined together with no space between them.", "switch_use__formatstring": "%(switch)s%(value)s", "switch": "-l", "acceptedExtensionList": [], "helptext": "Minimum peptide length considered in the analysis (default 7).", "batch_bundle_files": false, "file_assignment": "none", "hidden": false, "id": 2743, "switch_use__display_text": "combined"}, {"default_value": "", "mandatory": false, "use_output_filename__switch": null, "output_file": false, "possible_values": {"value": [{"display": "", "value": ""}, {"display": "Use icat information in PeptideProphet.", "value": "i"}, {"display": "Do not use icat information in PeptideProphet.", "value": "f"}, {"display": "Use N-glyc motif information in PeptideProphet.", "value": "g"}, {"display": "Maldi data.", "value": "m"}, {"display": "Use pI information in PeptideProphet.", "value": "I"}, {"display": "Use Hydrophobicity / RT information in PeptideProphet.", "value": "R"}, {"display": "Force the fitting of the mixture model, bypass automatic mixture model checks.", "value": "F"}, {"display": "Use accurate mass binning in PeptideProphet.", "value": "A"}, {"display": "Warning instead of exit with error if instrument types between runs is different.", "value": "w"}, {"display": "Exclude all entries with asterisked score values in PeptideProphet.", "value": "x"}, {"display": "Leave alone all entries with asterisked score values in PeptideProphet.", "value": "l"}, {"display": "Use hardcoded default initialization parameters of the distributions.", "value": "n"}, {"display": "Use Non-parametric model, can only be used with decoy option.", "value": "P"}, {"display": "Do not use the NTT model.", "value": "N"}, {"display": "Do not use the NMC model.", "value": "M"}, {"display": "Use Gamma Distribution to model the Negatives (applies only to X!Tandem data).", "value": "G"}, {"display": "Only use Expect Score as the Discriminant(applies only to X!Tandem data, helpful for data with homologous top hits e.g. phospho or glyco).", "value": "E"}, {"display": "Report decoy hits with a computed probability based on the model learned.", "value": "d"}, {"display": "Run ProteinProphet afterwards.", "value": "p"}, {"display": "Do not create png data plot.", "value": "t"}, {"display": "Do not assemble protein groups in ProteinProphet analysis.", "value": "u"}, {"display": "Do not use Occam's Razor in ProteinProphet analysis to derive the simplest protein list to explain observed peptides.", "value": "s"}]}, "rank": 1, "switch_use__description": "Both the switch and the value will be passed in the argument list. They will be joined together with no space between them.", "switch_use__formatstring": "%(switch)s%(value)s", "switch": "-O", "acceptedExtensionList": [], "helptext": "PeptideProphet options.", "batch_bundle_files": false, "file_assignment": "none", "hidden": false, "id": 2744, "switch_use__display_text": "combined"}, {"default_value": "", "mandatory": false, "use_output_filename__switch": null, "output_file": false, "possible_values": {"value": [{"display": "", "value": ""}, {"display": "Run ProteinProphet on the iProphet results.", "value": "p"}, {"display": "Do not use number replicate spectra model.", "value": "R"}, {"display": "Do not use number sibling ions model.", "value": "I"}, {"display": "Do not use number sibling mods model.", "value": "M"}, {"display": "Do not use numbe of sibling searches model.", "value": "S"}, {"display": "Do not use number of sibling MS/MS runs model.", "value": "E"}]}, "rank": 1, "switch_use__description": "Both the switch and the value will be passed in the argument list. They will be joined together with no space between them.", "switch_use__formatstring": "%(switch)s%(value)s", "switch": "-i", "acceptedExtensionList": [], "helptext": "iProphet options.", "batch_bundle_files": false, "file_assignment": "none", "hidden": false, "id": 2745, "switch_use__display_text": "combined"}, {"default_value": "condition.xml-1", "mandatory": false, "use_output_filename__switch": null, "output_file": false, "possible_values": {"value": [{"display": "condition.xml-1", "value": "condition.xml-1"}]}, "rank": 98, "switch_use__description": "Both the switch and the value will be passed in the argument list. They will be joined together with no space between them.", "switch_use__formatstring": "%(switch)s%(value)s", "switch": "-L", "acceptedExtensionList": [], "helptext": "", "batch_bundle_files": false, "file_assignment": "none", "hidden": false, "id": 2746, "switch_use__display_text": "combined"}, {"default_value": "", "mandatory": false, "use_output_filename__switch": null, "output_file": false, "possible_values": "", "rank": 20, "switch_use__description": "Only the switch will be passed in the argument list.", "switch_use__formatstring": "%(switch)s", "switch": "-X", "acceptedExtensionList": [], "helptext": "Run XPRESS.", "batch_bundle_files": false, "file_assignment": "none", "hidden": false, "id": 2747, "switch_use__display_text": "switchOnly"}, {"default_value": "", "mandatory": false, "use_output_filename__switch": null, "output_file": false, "possible_values": "", "rank": 21, "switch_use__description": "Both the switch and the value will be passed in the argument list. They will be joined together with no space between them.", "switch_use__formatstring": "%(switch)s%(value)s", "switch": "-m", "acceptedExtensionList": [], "helptext": "", "batch_bundle_files": false, "file_assignment": "none", "hidden": false, "id": 2748, "switch_use__display_text": "combined"}, {"default_value": "", "mandatory": false, "use_output_filename__switch": null, "output_file": false, "possible_values": "", "rank": 40, "switch_use__description": "Only the switch will be passed in the argument list.", "switch_use__formatstring": "%(switch)s", "switch": "-A", "acceptedExtensionList": [], "helptext": "Run ASAPRatio analysis.", "batch_bundle_files": false, "file_assignment": "none", "hidden": false, "id": 2749, "switch_use__display_text": "switchOnly"}, {"default_value": "", "mandatory": false, "use_output_filename__switch": null, "output_file": false, "possible_values": "", "rank": 41, "switch_use__description": "Both the switch and the value will be passed in the argument list. They will be joined together with no space between them.", "switch_use__formatstring": "%(switch)s%(value)s", "switch": "-l", "acceptedExtensionList": [], "helptext": "Change labeled residues (default='C').", "batch_bundle_files": false, "file_assignment": "none", "hidden": false, "id": 2750, "switch_use__display_text": "combined"}, {"default_value": "", "mandatory": false, "use_output_filename__switch": null, "output_file": false, "possible_values": "", "rank": 42, "switch_use__description": "Both the switch and the value will be passed in the argument list. They will be joined together with no space between them.", "switch_use__formatstring": "%(switch)s%(value)s", "switch": "-r", "acceptedExtensionList": [], "helptext": "Range around precusor m/z to search for peak (default 0.5).", "batch_bundle_files": false, "file_assignment": "none", "hidden": false, "id": 2751, "switch_use__display_text": "combined"}, {"default_value": "", "mandatory": false, "use_output_filename__switch": null, "output_file": false, "possible_values": "", "rank": 1, "switch_use__description": "Only the switch will be passed in the argument list.", "switch_use__formatstring": "%(switch)s", "switch": "-nI", "acceptedExtensionList": [], "helptext": "Do not run Interact (convert to pepXML only).", "batch_bundle_files": false, "file_assignment": "none", "hidden": false, "id": 2752, "switch_use__display_text": "switchOnly"}, {"default_value": "", "mandatory": false, "use_output_filename__switch": null, "output_file": false, "possible_values": "", "rank": 1, "switch_use__description": "Only the switch will be passed in the argument list.", "switch_use__formatstring": "%(switch)s", "switch": "-nP", "acceptedExtensionList": [], "helptext": "Do not run PeptideProphet.", "batch_bundle_files": false, "file_assignment": "none", "hidden": false, "id": 2753, "switch_use__display_text": "switchOnly"}, {"default_value": "", "mandatory": false, "use_output_filename__switch": null, "output_file": false, "possible_values": "", "rank": 1, "switch_use__description": "Only the switch will be passed in the argument list.", "switch_use__formatstring": "%(switch)s", "switch": "-nR", "acceptedExtensionList": [], "helptext": "Do not run get all proteins corresponding to degenerate peptides from database.", "batch_bundle_files": false, "file_assignment": "none", "hidden": false, "id": 2754, "switch_use__display_text": "switchOnly"}, {"default_value": "", "mandatory": false, "use_output_filename__switch": null, "output_file": false, "possible_values": "", "rank": 1, "switch_use__description": "Both the switch and the value will be passed in the argument list. They will be joined together with no space between them.", "switch_use__formatstring": "%(switch)s%(value)s", "switch": "-x", "acceptedExtensionList": [], "helptext": "Number of extra PeptideProphet iterations (default 20).", "batch_bundle_files": false, "file_assignment": "none", "hidden": false, "id": 2755, "switch_use__display_text": "combined"}, {"default_value": "", "mandatory": false, "use_output_filename__switch": null, "output_file": false, "possible_values": {"value": [{"display": "", "value": ""}, {"display": "1", "value": "1"}, {"display": "2", "value": "2"}, {"display": "3", "value": "3"}, {"display": "4", "value": "4"}, {"display": "5", "value": "5"}]}, "rank": 1, "switch_use__description": "Both the switch and the value will be passed in the argument list. They will be joined together with no space between them.", "switch_use__formatstring": "%(switch)s%(value)s", "switch": "-I", "acceptedExtensionList": [], "helptext": "Ignore charge.", "batch_bundle_files": false, "file_assignment": "none", "hidden": false, "id": 2756, "switch_use__display_text": "combined"}, {"default_value": "", "mandatory": false, "use_output_filename__switch": null, "output_file": false, "possible_values": "", "rank": 1, "switch_use__description": "Both the switch and the value will be passed in the argument list. They will be separated by a space.", "switch_use__formatstring": "%(switch)s %(value)s", "switch": "-d", "acceptedExtensionList": [], "helptext": "Use decoy hits to pin down the negative distribution. The decoy protein names must begin with this.", "batch_bundle_files": false, "file_assignment": "none", "hidden": false, "id": 2757, "switch_use__display_text": "both"}, {"default_value": "", "mandatory": false, "use_output_filename__switch": null, "output_file": false, "possible_values": "", "rank": 1, "switch_use__description": "Both the switch and the value will be passed in the argument list. They will be joined together with no space between them.", "switch_use__formatstring": "%(switch)s%(value)s", "switch": "-D", "acceptedExtensionList": ["*.fna", "*.ffn", "*.fasta", "*.fa", "*.faa", "*.frn"], "helptext": "", "batch_bundle_files": false, "file_assignment": "batch", "hidden": false, "id": 2758, "switch_use__display_text": "combined"}, {"default_value": "", "mandatory": false, "use_output_filename__switch": null, "output_file": false, "possible_values": "", "rank": 1, "switch_use__description": "Both the switch and the value will be passed in the argument list. They will be joined together with no space between them.", "switch_use__formatstring": "%(switch)s%(value)s", "switch": "-E", "acceptedExtensionList": [], "helptext": "Experiment label. Used to label all spectra belonging to one experiment (required by iProphet).", "batch_bundle_files": false, "file_assignment": "none", "hidden": false, "id": 2759, "switch_use__display_text": "combined"}, {"default_value": "AA", "mandatory": false, "use_output_filename__switch": null, "output_file": false, "possible_values": {"value": [{"display": "AA", "value": "AA"}, {"display": "NA", "value": "NA"}]}, "rank": 1, "switch_use__description": "Both the switch and the value will be passed in the argument list. They will be separated by a space.", "switch_use__formatstring": "%(switch)s %(value)s", "switch": "-T", "acceptedExtensionList": [], "helptext": "Database type.", "batch_bundle_files": false, "file_assignment": "none", "hidden": false, "id": 2760, "switch_use__display_text": "both"}, {"default_value": "", "mandatory": false, "use_output_filename__switch": null, "output_file": false, "possible_values": "", "rank": 1, "switch_use__description": "Only the switch will be passed in the argument list.", "switch_use__formatstring": "%(switch)s", "switch": "-mw", "acceptedExtensionList": [], "helptext": "Calculate protein molecular weights.", "batch_bundle_files": false, "file_assignment": "none", "hidden": false, "id": 2761, "switch_use__display_text": "switchOnly"}, {"default_value": "", "mandatory": false, "use_output_filename__switch": null, "output_file": false, "possible_values": "", "rank": 1, "switch_use__description": "Only the switch will be passed in the argument list.", "switch_use__formatstring": "%(switch)s", "switch": "-MONO", "acceptedExtensionList": [], "helptext": "Calculate monoisotopic peptide masses during conversion to pepXML.", "batch_bundle_files": false, "file_assignment": "none", "hidden": false, "id": 2762, "switch_use__display_text": "switchOnly"}, {"default_value": "", "mandatory": false, "use_output_filename__switch": null, "output_file": false, "possible_values": "", "rank": 1, "switch_use__description": "Only the switch will be passed in the argument list.", "switch_use__formatstring": "%(switch)s", "switch": "-AVE", "acceptedExtensionList": [], "helptext": "Calculate average peptide masses during conversion to pepXML.", "batch_bundle_files": false, "file_assignment": "none", "hidden": false, "id": 2763, "switch_use__display_text": "switchOnly"}, {"default_value": "", "mandatory": false, "use_output_filename__switch": null, "output_file": false, "possible_values": {"value": [{"display": "", "value": ""}, {"display": "Trypsin", "value": "T"}, {"display": "StrictTrypsin", "value": "S"}, {"display": "Chymotrypsin", "value": "C"}, {"display": "RalphTrypsin", "value": "R"}, {"display": "AspN", "value": "A"}, {"display": "GluC", "value": "G"}, {"display": "Bicarb", "value": "B GluC"}, {"display": "CNBr", "value": "M"}, {"display": "Trypsin/CNBr", "value": "D"}, {"display": "Chymotrypsin/AspN/Trypsin", "value": "3"}, {"display": "Elastase", "value": "E"}, {"display": "P)", "value": "K LysC / Trypsin_K (cuts after K not before"}, {"display": "K)", "value": "L LysN (cuts before"}, {"display": "KASR)", "value": "P LysN Promisc (cuts before"}, {"display": "Nonspecific", "value": "N"}]}, "rank": 1, "switch_use__description": "Both the switch and the value will be passed in the argument list. They will be joined together with no space between them.", "switch_use__formatstring": "%(switch)s%(value)s", "switch": "-e", "acceptedExtensionList": [], "helptext": "Specify sample enzyme.", "batch_bundle_files": false, "file_assignment": "none", "hidden": false, "id": 2764, "switch_use__display_text": "combined"}, {"default_value": "", "mandatory": false, "use_output_filename__switch": null, "output_file": false, "possible_values": "", "rank": 22, "switch_use__description": "Both the switch and the value will be passed in the argument list. They will be joined together with no space between them.", "switch_use__formatstring": "%(switch)s%(value)s", "switch": "-l", "acceptedExtensionList": [], "helptext": "Change labeled residues (default 'C').", "batch_bundle_files": false, "file_assignment": "none", "hidden": false, "id": 2765, "switch_use__display_text": "combined"}, {"default_value": "", "mandatory": false, "use_output_filename__switch": null, "output_file": false, "possible_values": "", "rank": 23, "switch_use__description": "Both the switch and the value will be passed in the argument list. They will be joined together with no space between them.", "switch_use__formatstring": "%(switch)s%(value)s", "switch": "-n", "acceptedExtensionList": [], "helptext": "This value needs to be <str>,<num> and will change XPRESS residue mass difference for <str> to <num> (Default 9.0). Possible string values are --, A, C, D, E, F, G, H, I, K, L, M, N, P, Q, R, S, T, V, W, Y, n, c.", "batch_bundle_files": false, "file_assignment": "none", "hidden": false, "id": 2766, "switch_use__display_text": "combined"}, {"default_value": "", "mandatory": false, "use_output_filename__switch": null, "output_file": false, "possible_values": "", "rank": 24, "switch_use__description": "Only the switch will be passed in the argument list.", "switch_use__formatstring": "%(switch)s", "switch": "-b", "acceptedExtensionList": [], "helptext": "Heavy labeled peptide elutes before light labeled partner.", "batch_bundle_files": false, "file_assignment": "none", "hidden": false, "id": 2767, "switch_use__display_text": "switchOnly"}, {"default_value": "", "mandatory": false, "use_output_filename__switch": null, "output_file": false, "possible_values": "", "rank": 25, "switch_use__description": "Both the switch and the value will be passed in the argument list. They will be joined together with no space between them.", "switch_use__formatstring": "%(switch)s%(value)s", "switch": "-F", "acceptedExtensionList": [], "helptext": "Should be a <num> value and will fix elution peak area as +-<num> scans from peak apex (default 5).", "batch_bundle_files": false, "file_assignment": "none", "hidden": false, "id": 2768, "switch_use__display_text": "combined"}, {"default_value": "", "mandatory": false, "use_output_filename__switch": null, "output_file": false, "possible_values": "", "rank": 26, "switch_use__description": "Only the switch will be passed in the argument list.", "switch_use__formatstring": "%(switch)s", "switch": "-L", "acceptedExtensionList": [], "helptext": "For ratio, set/fix light to 1, vary heavy.", "batch_bundle_files": false, "file_assignment": "none", "hidden": false, "id": 2769, "switch_use__display_text": "switchOnly"}, {"default_value": "", "mandatory": false, "use_output_filename__switch": null, "output_file": false, "possible_values": "", "rank": 27, "switch_use__description": "Only the switch will be passed in the argument list.", "switch_use__formatstring": "%(switch)s", "switch": "-H", "acceptedExtensionList": [], "helptext": "For ratio, set/fix light to 1, vary light.", "batch_bundle_files": false, "file_assignment": "none", "hidden": false, "id": 2770, "switch_use__display_text": "switchOnly"}, {"default_value": "", "mandatory": false, "use_output_filename__switch": null, "output_file": false, "possible_values": "", "rank": 28, "switch_use__description": "Only the switch will be passed in the argument list.", "switch_use__formatstring": "%(switch)s", "switch": "-M", "acceptedExtensionList": [], "helptext": " For 15N metabolic labelling. Ignore all other parameters, assume IDs are normal and quantify with corresponding 15N heavy pair.", "batch_bundle_files": false, "file_assignment": "none", "hidden": false, "id": 2771, "switch_use__display_text": "switchOnly"}, {"default_value": "", "mandatory": false, "use_output_filename__switch": null, "output_file": false, "possible_values": "", "rank": 29, "switch_use__description": "Only the switch will be passed in the argument list.", "switch_use__formatstring": "%(switch)s", "switch": "-N", "acceptedExtensionList": [], "helptext": "For 15N metabolic labelling. Ignore all other parameters, assume IDs are 15N heavy and quantify with corresponding 14N light pair.", "batch_bundle_files": false, "file_assignment": "none", "hidden": false, "id": 2772, "switch_use__display_text": "switchOnly"}, {"default_value": "", "mandatory": false, "use_output_filename__switch": null, "output_file": false, "possible_values": "", "rank": 30, "switch_use__description": "Only the switch will be passed in the argument list.", "switch_use__formatstring": "%(switch)s", "switch": "-O", "acceptedExtensionList": [], "helptext": "For 13C metabolic labelling. Ignore all other parameters, assume IDs are normal and quantify with corresponding 13C heavy pair.", "batch_bundle_files": false, "file_assignment": "none", "hidden": false, "id": 2773, "switch_use__display_text": "switchOnly"}, {"default_value": "", "mandatory": false, "use_output_filename__switch": null, "output_file": false, "possible_values": "", "rank": 31, "switch_use__description": "Only the switch will be passed in the argument list.", "switch_use__formatstring": "%(switch)s", "switch": "-P", "acceptedExtensionList": [], "helptext": "For 13C metabolic labelling. Ignore all other parameters, assume IDs are 13C heavy and quantify with corresponding 12C light pair.\r\n", "batch_bundle_files": false, "file_assignment": "none", "hidden": false, "id": 2774, "switch_use__display_text": "switchOnly"}, {"default_value": "", "mandatory": false, "use_output_filename__switch": null, "output_file": false, "possible_values": "", "rank": 42, "switch_use__description": "Only the switch will be passed in the argument list.", "switch_use__formatstring": "%(switch)s", "switch": "-b", "acceptedExtensionList": [], "helptext": "Heavy labeled peptide elutes before light labeled partner.", "batch_bundle_files": false, "file_assignment": "none", "hidden": false, "id": 2775, "switch_use__display_text": "switchOnly"}, {"default_value": "", "mandatory": false, "use_output_filename__switch": null, "output_file": false, "possible_values": "", "rank": 43, "switch_use__description": "Both the switch and the value will be passed in the argument list. They will be joined together with no space between them.", "switch_use__formatstring": "%(switch)s%(value)s", "switch": "-f", "acceptedExtensionList": [], "helptext": "AreaFlag set to this value (ratio display option).", "batch_bundle_files": false, "file_assignment": "none", "hidden": false, "id": 2776, "switch_use__display_text": "combined"}, {"default_value": "", "mandatory": false, "use_output_filename__switch": null, "output_file": false, "possible_values": "", "rank": 44, "switch_use__description": "Only the switch will be passed in the argument list.", "switch_use__formatstring": "%(switch)s", "switch": "-S", "acceptedExtensionList": [], "helptext": "Static modification quantification (i.e. each run is either all light or all heavy).\r\n", "batch_bundle_files": false, "file_assignment": "none", "hidden": false, "id": 2777, "switch_use__display_text": "switchOnly"}, {"default_value": "", "mandatory": false, "use_output_filename__switch": null, "output_file": false, "possible_values": "", "rank": 45, "switch_use__description": "Only the switch will be passed in the argument list.", "switch_use__formatstring": "%(switch)s", "switch": "-F", "acceptedExtensionList": [], "helptext": "Use fixed scan range for light and heavy.", "batch_bundle_files": false, "file_assignment": "none", "hidden": false, "id": 2778, "switch_use__display_text": "switchOnly"}, {"default_value": "", "mandatory": false, "use_output_filename__switch": null, "output_file": false, "possible_values": "", "rank": 46, "switch_use__description": "Only the switch will be passed in the argument list.", "switch_use__formatstring": "%(switch)s", "switch": "-C", "acceptedExtensionList": [], "helptext": "Quantitate only the charge state where the CID was made", "batch_bundle_files": false, "file_assignment": "none", "hidden": false, "id": 2779, "switch_use__display_text": "switchOnly"}, {"default_value": "", "mandatory": false, "use_output_filename__switch": null, "output_file": false, "possible_values": "", "rank": 47, "switch_use__description": "Only the switch will be passed in the argument list.", "switch_use__formatstring": "%(switch)s", "switch": "-B", "acceptedExtensionList": [], "helptext": "Return a ratio even if the background is high.", "batch_bundle_files": false, "file_assignment": "none", "hidden": false, "id": 2780, "switch_use__display_text": "switchOnly"}, {"default_value": "", "mandatory": false, "use_output_filename__switch": null, "output_file": false, "possible_values": "", "rank": 48, "switch_use__description": "Only the switch will be passed in the argument list.", "switch_use__formatstring": "%(switch)s", "switch": "-Z", "acceptedExtensionList": [], "helptext": "Set all background to zero.", "batch_bundle_files": false, "file_assignment": "none", "hidden": false, "id": 2781, "switch_use__display_text": "switchOnly"}, {"default_value": "", "mandatory": false, "use_output_filename__switch": null, "output_file": false, "possible_values": {"value": [{"display": "", "value": ""}, {"display": "--", "value": "--"}, {"display": "A", "value": "A"}, {"display": "C", "value": "C"}, {"display": "D", "value": "D"}, {"display": "E", "value": "E"}, {"display": "F", "value": "F"}, {"display": "G", "value": "G"}, {"display": "H", "value": "H"}, {"display": "I", "value": "I"}, {"display": "K", "value": "K"}, {"display": "L", "value": "L"}, {"display": "M", "value": "M"}, {"display": "N", "value": "N"}, {"display": "P", "value": "P"}, {"display": "Q", "value": "Q"}, {"display": "R", "value": "R"}, {"display": "S", "value": "S"}, {"display": "T", "value": "T"}, {"display": "V", "value": "V"}, {"display": "W", "value": "W"}, {"display": "Y", "value": "Y"}, {"display": "n", "value": "n"}, {"display": "c", "value": "c"}]}, "rank": 49, "switch_use__description": "Both the switch and the value will be passed in the argument list. They will be joined together with no space between them.", "switch_use__formatstring": "%(switch)s%(value)s", "switch": "-m", "acceptedExtensionList": [], "helptext": "Specified label masses (e.g. M74.325Y125.864), only relevant for static modification quantification.", "batch_bundle_files": false, "file_assignment": "none", "hidden": false, "id": 2782, "switch_use__display_text": "combined"}, {"default_value": "", "mandatory": false, "use_output_filename__switch": null, "output_file": false, "possible_values": "", "rank": 60, "switch_use__description": "Both the switch and the value will be passed in the argument list. They will be separated joined with an equals(=) character with no spaces.", "switch_use__formatstring": "%(switch)s=%(value)s", "switch": "-PREV_AA_LEN", "acceptedExtensionList": [], "helptext": "Set the number of previous AAs recorded for a peptide hit (default 1).", "batch_bundle_files": false, "file_assignment": "none", "hidden": false, "id": 2783, "switch_use__display_text": "combined with equals"}, {"default_value": "", "mandatory": false, "use_output_filename__switch": null, "output_file": false, "possible_values": "", "rank": 61, "switch_use__description": "Both the switch and the value will be passed in the argument list. They will be separated joined with an equals(=) character with no spaces.", "switch_use__formatstring": "%(switch)s=%(value)s", "switch": "-NEXT_AA_LEN", "acceptedExtensionList": [], "helptext": "Set the number of following AAs recorded for a peptide hit (default 1).", "batch_bundle_files": false, "file_assignment": "none", "hidden": false, "id": 2784, "switch_use__display_text": "combined with equals"}, {"default_value": "", "mandatory": false, "use_output_filename__switch": null, "output_file": false, "possible_values": "", "rank": 62, "switch_use__description": "Both the switch and the value will be passed in the argument list. They will be separated joined with an equals(=) character with no spaces.", "switch_use__formatstring": "%(switch)s=%(value)s", "switch": "-RESTORE_NONEXISTENT_IF_PREFIX", "acceptedExtensionList": [], "helptext": "For proteins which start with value and not found in refresh database, keep original protein names instead of NON_EXISTENT.\r\n", "batch_bundle_files": false, "file_assignment": "none", "hidden": false, "id": 2786, "switch_use__display_text": "combined with equals"}], "accepts_input": true, "job_type": "", "enabled": true, "cpus": "", "fs_backend": "nullbackend", "queue": "", "module": "mascot", "max_memory": null, "inputExtensions": ["*.fna", "*.ffn", "*.fasta", "*.fa", "*.faa", "*.xml", "*.frn"], "path": "xinteract", "backend": "nullbackend", "walltime": "", "description": ""}}