{"tool": {"outputExtensions": [{"must_be_larger_than": null, "must_exist": false, "file_extension__pattern": "*.gff"}], "display_name": "search2gff", "name": "ccg_search2gff.pl", "parameter_list": [{"default_value": "", "mandatory": true, "use_output_filename__switch": null, "output_file": false, "possible_values": "", "rank": null, "switch_use__description": "Both the switch and the value will be passed in the argument list. They will be separated by a space.", "switch_use__formatstring": "%(switch)s %(value)s", "switch": "-i", "acceptedExtensionList": ["*.bls"], "helptext": "Input file.", "batch_bundle_files": false, "file_assignment": "batch", "hidden": false, "id": 3199, "switch_use__display_text": "both"}, {"default_value": "output.gff", "mandatory": true, "use_output_filename__switch": null, "output_file": true, "possible_values": null, "rank": null, "switch_use__description": "Both the switch and the value will be passed in the argument list. They will be separated by a space.", "switch_use__formatstring": "%(switch)s %(value)s", "switch": "-o", "acceptedExtensionList": [], "helptext": "Output file.", "batch_bundle_files": false, "file_assignment": "none", "hidden": false, "id": 3200, "switch_use__display_text": "both"}, {"default_value": "blast", "mandatory": false, "use_output_filename__switch": null, "output_file": false, "possible_values": {"value": [{"display": "blast", "value": "blast"}, {"display": "fasta", "value": "fasta"}]}, "rank": null, "switch_use__description": "Both the switch and the value will be passed in the argument list. They will be separated by a space.", "switch_use__formatstring": "%(switch)s %(value)s", "switch": "-f", "acceptedExtensionList": [], "helptext": "Search result format.", "batch_bundle_files": false, "file_assignment": "none", "hidden": false, "id": 3201, "switch_use__display_text": "both"}, {"default_value": "", "mandatory": false, "use_output_filename__switch": null, "output_file": false, "possible_values": {"value": [{"display": "", "value": ""}, {"display": "query", "value": "query"}, {"display": "hit", "value": "hit"}]}, "rank": null, "switch_use__description": "Both the switch and the value will be passed in the argument list. They will be separated by a space.", "switch_use__formatstring": "%(switch)s %(value)s", "switch": "-t", "acceptedExtensionList": [], "helptext": "If you want to see query or hit information in the GFF report.\r\n", "batch_bundle_files": false, "file_assignment": "none", "hidden": false, "id": 3202, "switch_use__display_text": "both"}, {"default_value": "", "mandatory": false, "use_output_filename__switch": null, "output_file": false, "possible_values": null, "rank": null, "switch_use__description": "Both the switch and the value will be passed in the argument list. They will be separated by a space.", "switch_use__formatstring": "%(switch)s %(value)s", "switch": "-s", "acceptedExtensionList": [], "helptext": "Specify the source (will be algorithm name otherwise, like BLASTN).\r\n", "batch_bundle_files": false, "file_assignment": "none", "hidden": false, "id": 3203, "switch_use__display_text": "both"}, {"default_value": "", "mandatory": false, "use_output_filename__switch": null, "output_file": false, "possible_values": null, "rank": null, "switch_use__description": "Both the switch and the value will be passed in the argument list. They will be separated by a space.", "switch_use__formatstring": "%(switch)s %(value)s", "switch": "--method", "acceptedExtensionList": [], "helptext": "The method tag (primary_tag) of the features (default is similarity).\r\n", "batch_bundle_files": false, "file_assignment": "none", "hidden": false, "id": 3204, "switch_use__display_text": "both"}, {"default_value": "", "mandatory": false, "use_output_filename__switch": null, "output_file": false, "possible_values": null, "rank": null, "switch_use__description": "Only the switch will be passed in the argument list.", "switch_use__formatstring": "%(switch)s", "switch": "--onehsp", "acceptedExtensionList": [], "helptext": "Only print the first HSP feature for each hit.", "batch_bundle_files": false, "file_assignment": "none", "hidden": false, "id": 3205, "switch_use__display_text": "switchOnly"}, {"default_value": "", "mandatory": false, "use_output_filename__switch": null, "output_file": false, "possible_values": null, "rank": null, "switch_use__description": "Both the switch and the value will be passed in the argument list. They will be separated by a space.", "switch_use__formatstring": "%(switch)s %(value)s", "switch": "-p", "acceptedExtensionList": [], "helptext": "The parent to which HSP features should refer if not the name of the hit or query (depending on --type)\r\n", "batch_bundle_files": false, "file_assignment": "none", "hidden": false, "id": 3206, "switch_use__display_text": "both"}, {"default_value": "", "mandatory": false, "use_output_filename__switch": null, "output_file": false, "possible_values": null, "rank": null, "switch_use__description": "Only the switch will be passed in the argument list.", "switch_use__formatstring": "%(switch)s", "switch": "--target", "acceptedExtensionList": [], "helptext": "Whether to always add the Target tag or not.", "batch_bundle_files": false, "file_assignment": "none", "hidden": false, "id": 3207, "switch_use__display_text": "switchOnly"}, {"default_value": "", "mandatory": false, "use_output_filename__switch": null, "output_file": false, "possible_values": null, "rank": null, "switch_use__description": "Both the switch and the value will be passed in the argument list. They will be separated by a space.", "switch_use__formatstring": "%(switch)s %(value)s", "switch": "--version", "acceptedExtensionList": [], "helptext": "GFF version to use (put a 3 here to use gff 3).", "batch_bundle_files": false, "file_assignment": "none", "hidden": false, "id": 3208, "switch_use__display_text": "both"}, {"default_value": "", "mandatory": false, "use_output_filename__switch": null, "output_file": false, "possible_values": null, "rank": null, "switch_use__description": "Only the switch will be passed in the argument list.", "switch_use__formatstring": "%(switch)s", "switch": "--component", "acceptedExtensionList": [], "helptext": "Generate GFF component fields (chromosome).", "batch_bundle_files": false, "file_assignment": "none", "hidden": false, "id": 3209, "switch_use__display_text": "switchOnly"}, {"default_value": "", "mandatory": false, "use_output_filename__switch": null, "output_file": false, "possible_values": null, "rank": null, "switch_use__description": "Only the switch will be passed in the argument list.", "switch_use__formatstring": "%(switch)s", "switch": "-m", "acceptedExtensionList": [], "helptext": "Generate a \u2019match\u2019 line which is a container of all the similarity HSPs.\r\n", "batch_bundle_files": false, "file_assignment": "none", "hidden": false, "id": 3210, "switch_use__display_text": "switchOnly"}, {"default_value": "", "mandatory": false, "use_output_filename__switch": null, "output_file": false, "possible_values": null, "rank": null, "switch_use__description": "Only the switch will be passed in the argument list.", "switch_use__formatstring": "%(switch)s", "switch": "--addid", "acceptedExtensionList": [], "helptext": "Add ID tag in the absence of --match.", "batch_bundle_files": false, "file_assignment": "none", "hidden": false, "id": 3211, "switch_use__display_text": "switchOnly"}, {"default_value": "", "mandatory": false, "use_output_filename__switch": null, "output_file": false, "possible_values": null, "rank": null, "switch_use__description": "Both the switch and the value will be passed in the argument list. They will be separated by a space.", "switch_use__formatstring": "%(switch)s %(value)s", "switch": "-c", "acceptedExtensionList": [], "helptext": "Specify an evalue cutoff.", "batch_bundle_files": false, "file_assignment": "none", "hidden": false, "id": 3212, "switch_use__display_text": "both"}], "accepts_input": true, "job_type": "single", "enabled": true, "cpus": "", "fs_backend": "nullbackend", "queue": "normal", "module": "yabi-tools/10707,bioperl", "max_memory": null, "inputExtensions": ["*.bls"], "path": "ccg_search2gff.pl", "backend": "nullbackend", "walltime": "", "description": "This script will turn a sequence search report (BLAST, FASTA, SSEARCH) into a GFF File."}}