{"tool": {"outputExtensions": [{"must_be_larger_than": null, "must_exist": null, "file_extension__pattern": "*.out"}], "display_name": "chips", "name": "chips", "parameter_list": [{"default_value": "", "mandatory": true, "use_output_filename__switch": null, "output_file": false, "possible_values": "", "rank": null, "switch_use__description": "Both the switch and the value will be passed in the argument list. They will be separated by a space.", "switch_use__formatstring": "%(switch)s %(value)s", "switch": "-seqall", "acceptedExtensionList": ["*.seq", "*.fna", "*.faa", "*.fa"], "helptext": "Nucleotide sequence(s) filename format, or reference (input USA).", "batch_bundle_files": false, "file_assignment": "batch", "hidden": false, "id": 1630, "switch_use__display_text": "both"}, {"default_value": "output.chips", "mandatory": true, "use_output_filename__switch": null, "output_file": true, "possible_values": "", "rank": null, "switch_use__description": "Both the switch and the value will be passed in the argument list. They will be separated by a space.", "switch_use__formatstring": "%(switch)s %(value)s", "switch": "-outfile", "acceptedExtensionList": [], "helptext": "Output file name.", "batch_bundle_files": false, "file_assignment": "none", "hidden": false, "id": 1631, "switch_use__display_text": "both"}, {"default_value": "Y", "mandatory": false, "use_output_filename__switch": null, "output_file": false, "possible_values": {"value": [{"display": "No", "value": "N"}, {"display": "Yes", "value": "Y"}]}, "rank": null, "switch_use__description": "Both the switch and the value will be passed in the argument list. They will be separated by a space.", "switch_use__formatstring": "%(switch)s %(value)s", "switch": "-sum", "acceptedExtensionList": [], "helptext": "Sum codons over all sequences.", "batch_bundle_files": false, "file_assignment": "none", "hidden": false, "id": 2453, "switch_use__display_text": "both"}], "accepts_input": true, "job_type": "single", "enabled": true, "cpus": "", "fs_backend": "nullbackend", "queue": "normal", "module": "emboss", "max_memory": null, "inputExtensions": ["*.seq", "*.fna", "*.faa", "*.fa"], "path": "chips", "backend": "nullbackend", "walltime": "", "description": "Produces a file containing codon usage statistics."}}