{"tool": {"outputExtensions": [{"must_be_larger_than": null, "must_exist": null, "file_extension__pattern": "*.aln"}, {"must_be_larger_than": null, "must_exist": null, "file_extension__pattern": "*.dnd"}], "display_name": "clustalw", "name": "clustalw", "parameter_list": [{"default_value": "", "mandatory": true, "use_output_filename__switch": null, "output_file": false, "possible_values": "", "rank": 0, "switch_use__description": "Both the switch and the value will be passed in the argument list. They will be separated joined with an equals(=) character with no spaces.", "switch_use__formatstring": "%(switch)s=%(value)s", "switch": "-infile", "acceptedExtensionList": ["*.seq", "*.fna", "*.faa", "*.fa"], "helptext": "", "batch_bundle_files": false, "file_assignment": "batch", "hidden": false, "id": 2573, "switch_use__display_text": "combined with equals"}, {"default_value": "", "mandatory": false, "use_output_filename__switch": null, "output_file": false, "possible_values": null, "rank": null, "switch_use__description": "Only the switch will be passed in the argument list.", "switch_use__formatstring": "%(switch)s", "switch": "-align", "acceptedExtensionList": [], "helptext": null, "batch_bundle_files": false, "file_assignment": "none", "hidden": false, "id": 2574, "switch_use__display_text": "switchOnly"}, {"default_value": "", "mandatory": false, "use_output_filename__switch": null, "output_file": false, "possible_values": null, "rank": null, "switch_use__description": "Only the switch will be passed in the argument list.", "switch_use__formatstring": "%(switch)s", "switch": "-tree", "acceptedExtensionList": [], "helptext": null, "batch_bundle_files": false, "file_assignment": "none", "hidden": false, "id": 2575, "switch_use__display_text": "switchOnly"}, {"default_value": "", "mandatory": false, "use_output_filename__switch": null, "output_file": false, "possible_values": null, "rank": null, "switch_use__description": "Only the switch will be passed in the argument list.", "switch_use__formatstring": "%(switch)s", "switch": "-quicktree", "acceptedExtensionList": [], "helptext": null, "batch_bundle_files": false, "file_assignment": "none", "hidden": false, "id": 2576, "switch_use__display_text": "switchOnly"}, {"default_value": "", "mandatory": false, "use_output_filename__switch": null, "output_file": false, "possible_values": {"value": [{"display": "", "value": ""}, {"display": "GCG", "value": "GCG"}, {"display": "GDE", "value": "GDE"}, {"display": "PHYLIP", "value": "PHYLIP"}, {"display": "PIR", "value": "NEXUS"}]}, "rank": null, "switch_use__description": "Both the switch and the value will be passed in the argument list. They will be separated joined with an equals(=) character with no spaces.", "switch_use__formatstring": "%(switch)s=%(value)s", "switch": "-output", "acceptedExtensionList": [], "helptext": "", "batch_bundle_files": false, "file_assignment": "none", "hidden": false, "id": 2577, "switch_use__display_text": "combined with equals"}, {"default_value": "", "mandatory": false, "use_output_filename__switch": null, "output_file": false, "possible_values": "", "rank": null, "switch_use__description": "Both the switch and the value will be passed in the argument list. They will be separated joined with an equals(=) character with no spaces.", "switch_use__formatstring": "%(switch)s=%(value)s", "switch": "-bootstrap", "acceptedExtensionList": [], "helptext": "", "batch_bundle_files": false, "file_assignment": "none", "hidden": false, "id": 2578, "switch_use__display_text": "combined with equals"}, {"default_value": "", "mandatory": false, "use_output_filename__switch": null, "output_file": false, "possible_values": null, "rank": null, "switch_use__description": "Only the switch will be passed in the argument list.", "switch_use__formatstring": "%(switch)s", "switch": "-convert", "acceptedExtensionList": [], "helptext": null, "batch_bundle_files": false, "file_assignment": "none", "hidden": false, "id": 2579, "switch_use__display_text": "switchOnly"}, {"default_value": "", "mandatory": false, "use_output_filename__switch": null, "output_file": false, "possible_values": {"value": [{"display": "", "value": ""}, {"display": "PROTEIN", "value": "PROTEIN"}, {"display": "DNA", "value": "DNA"}]}, "rank": null, "switch_use__description": "Both the switch and the value will be passed in the argument list. They will be separated joined with an equals(=) character with no spaces.", "switch_use__formatstring": "%(switch)s=%(value)s", "switch": "-type", "acceptedExtensionList": [], "helptext": "", "batch_bundle_files": false, "file_assignment": "none", "hidden": false, "id": 2580, "switch_use__display_text": "combined with equals"}, {"default_value": "", "mandatory": false, "use_output_filename__switch": null, "output_file": false, "possible_values": null, "rank": null, "switch_use__description": "Only the switch will be passed in the argument list.", "switch_use__formatstring": "%(switch)s", "switch": "-negative", "acceptedExtensionList": [], "helptext": null, "batch_bundle_files": false, "file_assignment": "none", "hidden": false, "id": 2581, "switch_use__display_text": "switchOnly"}, {"default_value": "", "mandatory": false, "use_output_filename__switch": null, "output_file": false, "possible_values": {"value": [{"display": "", "value": ""}, {"display": "INPUT", "value": "INPUT"}, {"display": "ALIGNED", "value": "ALIGNED"}]}, "rank": null, "switch_use__description": "Both the switch and the value will be passed in the argument list. They will be separated joined with an equals(=) character with no spaces.", "switch_use__formatstring": "%(switch)s=%(value)s", "switch": "-outorder", "acceptedExtensionList": [], "helptext": "", "batch_bundle_files": false, "file_assignment": "none", "hidden": false, "id": 2582, "switch_use__display_text": "combined with equals"}, {"default_value": "", "mandatory": false, "use_output_filename__switch": null, "output_file": false, "possible_values": {"value": [{"display": "", "value": ""}, {"display": "LOWER", "value": "LOWER"}, {"display": "UPPER", "value": "UPPER"}]}, "rank": null, "switch_use__description": "Both the switch and the value will be passed in the argument list. They will be separated joined with an equals(=) character with no spaces.", "switch_use__formatstring": "%(switch)s=%(value)s", "switch": "-case", "acceptedExtensionList": [], "helptext": "", "batch_bundle_files": false, "file_assignment": "none", "hidden": false, "id": 2583, "switch_use__display_text": "combined with equals"}, {"default_value": "", "mandatory": false, "use_output_filename__switch": null, "output_file": false, "possible_values": {"value": [{"display": "", "value": ""}, {"display": "OFF", "value": "OFF"}, {"display": "ON", "value": "ON"}]}, "rank": null, "switch_use__description": "Both the switch and the value will be passed in the argument list. They will be separated joined with an equals(=) character with no spaces.", "switch_use__formatstring": "%(switch)s=%(value)s", "switch": "-seqnos", "acceptedExtensionList": [], "helptext": "", "batch_bundle_files": false, "file_assignment": "none", "hidden": false, "id": 2584, "switch_use__display_text": "combined with equals"}, {"default_value": "", "mandatory": false, "use_output_filename__switch": null, "output_file": false, "possible_values": "", "rank": null, "switch_use__description": "Both the switch and the value will be passed in the argument list. They will be separated joined with an equals(=) character with no spaces.", "switch_use__formatstring": "%(switch)s=%(value)s", "switch": "-ktuple", "acceptedExtensionList": [], "helptext": "", "batch_bundle_files": false, "file_assignment": "none", "hidden": false, "id": 2585, "switch_use__display_text": "combined with equals"}, {"default_value": "", "mandatory": false, "use_output_filename__switch": null, "output_file": false, "possible_values": "", "rank": null, "switch_use__description": "Both the switch and the value will be passed in the argument list. They will be separated joined with an equals(=) character with no spaces.", "switch_use__formatstring": "%(switch)s=%(value)s", "switch": "-topdiags", "acceptedExtensionList": [], "helptext": "", "batch_bundle_files": false, "file_assignment": "none", "hidden": false, "id": 2586, "switch_use__display_text": "combined with equals"}, {"default_value": "", "mandatory": false, "use_output_filename__switch": null, "output_file": false, "possible_values": "", "rank": null, "switch_use__description": "Both the switch and the value will be passed in the argument list. They will be separated joined with an equals(=) character with no spaces.", "switch_use__formatstring": "%(switch)s=%(value)s", "switch": "-window", "acceptedExtensionList": [], "helptext": "", "batch_bundle_files": false, "file_assignment": "none", "hidden": false, "id": 2587, "switch_use__display_text": "combined with equals"}, {"default_value": "", "mandatory": false, "use_output_filename__switch": null, "output_file": false, "possible_values": "", "rank": null, "switch_use__description": "Both the switch and the value will be passed in the argument list. They will be separated joined with an equals(=) character with no spaces.", "switch_use__formatstring": "%(switch)s=%(value)s", "switch": "-pairgap", "acceptedExtensionList": [], "helptext": "", "batch_bundle_files": false, "file_assignment": "none", "hidden": false, "id": 2588, "switch_use__display_text": "combined with equals"}, {"default_value": "", "mandatory": false, "use_output_filename__switch": null, "output_file": false, "possible_values": {"value": [{"display": "", "value": ""}, {"display": "PERCENT", "value": "PERCENT"}, {"display": "ABSOLUTE", "value": "ABSOLUTE"}]}, "rank": null, "switch_use__description": "Both the switch and the value will be passed in the argument list. They will be separated joined with an equals(=) character with no spaces.", "switch_use__formatstring": "%(switch)s=%(value)s", "switch": "-score", "acceptedExtensionList": [], "helptext": "", "batch_bundle_files": false, "file_assignment": "none", "hidden": false, "id": 2589, "switch_use__display_text": "combined with equals"}, {"default_value": "", "mandatory": false, "use_output_filename__switch": null, "output_file": false, "possible_values": {"value": [{"display": "", "value": ""}, {"display": "BLOSUM", "value": "BLOSUM"}, {"display": "PAM", "value": "PAM"}, {"display": "GONNET", "value": "GONNET"}, {"display": "ID", "value": "ID"}]}, "rank": null, "switch_use__description": "Both the switch and the value will be passed in the argument list. They will be separated joined with an equals(=) character with no spaces.", "switch_use__formatstring": "%(switch)s=%(value)s", "switch": "-pwmatrix", "acceptedExtensionList": [], "helptext": "", "batch_bundle_files": false, "file_assignment": "none", "hidden": false, "id": 2590, "switch_use__display_text": "combined with equals"}, {"default_value": "", "mandatory": false, "use_output_filename__switch": null, "output_file": false, "possible_values": {"value": [{"display": "", "value": ""}, {"display": "IUB", "value": "IUB"}, {"display": "CLUSTALW", "value": "CLUSTALW"}]}, "rank": null, "switch_use__description": "Both the switch and the value will be passed in the argument list. They will be separated joined with an equals(=) character with no spaces.", "switch_use__formatstring": "%(switch)s=%(value)s", "switch": "-pwdnamatrix", "acceptedExtensionList": [], "helptext": "", "batch_bundle_files": false, "file_assignment": "none", "hidden": false, "id": 2591, "switch_use__display_text": "combined with equals"}, {"default_value": "", "mandatory": false, "use_output_filename__switch": null, "output_file": false, "possible_values": "", "rank": null, "switch_use__description": "Both the switch and the value will be passed in the argument list. They will be separated joined with an equals(=) character with no spaces.", "switch_use__formatstring": "%(switch)s=%(value)s", "switch": "-pwgapopen", "acceptedExtensionList": [], "helptext": "", "batch_bundle_files": false, "file_assignment": "none", "hidden": false, "id": 2592, "switch_use__display_text": "combined with equals"}, {"default_value": "", "mandatory": false, "use_output_filename__switch": null, "output_file": false, "possible_values": "", "rank": null, "switch_use__description": "Both the switch and the value will be passed in the argument list. They will be separated joined with an equals(=) character with no spaces.", "switch_use__formatstring": "%(switch)s=%(value)s", "switch": "-pwgapext", "acceptedExtensionList": [], "helptext": "", "batch_bundle_files": false, "file_assignment": "none", "hidden": false, "id": 2593, "switch_use__display_text": "combined with equals"}, {"default_value": "", "mandatory": false, "use_output_filename__switch": null, "output_file": false, "possible_values": "", "rank": null, "switch_use__description": "Both the switch and the value will be passed in the argument list. They will be separated joined with an equals(=) character with no spaces.", "switch_use__formatstring": "%(switch)s=%(value)s", "switch": "-newtree", "acceptedExtensionList": ["*.fna", "*.ffn", "*.fasta", "*.fa", "*.faa", "*.frn"], "helptext": "", "batch_bundle_files": false, "file_assignment": "batch", "hidden": false, "id": 2594, "switch_use__display_text": "combined with equals"}, {"default_value": "", "mandatory": false, "use_output_filename__switch": null, "output_file": false, "possible_values": "", "rank": null, "switch_use__description": "Both the switch and the value will be passed in the argument list. They will be separated joined with an equals(=) character with no spaces.", "switch_use__formatstring": "%(switch)s=%(value)s", "switch": "-usetree", "acceptedExtensionList": ["*.fna", "*.ffn", "*.fasta", "*.fa", "*.faa", "*.frn"], "helptext": "", "batch_bundle_files": false, "file_assignment": "batch", "hidden": false, "id": 2595, "switch_use__display_text": "combined with equals"}, {"default_value": "", "mandatory": false, "use_output_filename__switch": null, "output_file": false, "possible_values": {"value": [{"display": "", "value": ""}, {"display": "BLOSUM", "value": "BLOSUM"}, {"display": "PAM", "value": "PAM"}, {"display": "GONNET", "value": "GONNET"}, {"display": "ID", "value": "ID"}]}, "rank": null, "switch_use__description": "Both the switch and the value will be passed in the argument list. They will be separated joined with an equals(=) character with no spaces.", "switch_use__formatstring": "%(switch)s=%(value)s", "switch": "-matrix", "acceptedExtensionList": [], "helptext": "", "batch_bundle_files": false, "file_assignment": "none", "hidden": false, "id": 2596, "switch_use__display_text": "combined with equals"}, {"default_value": "", "mandatory": false, "use_output_filename__switch": null, "output_file": false, "possible_values": {"value": [{"display": "", "value": ""}, {"display": "IUB", "value": "IUB"}, {"display": "CLUSTALW", "value": "CLUSTALW"}]}, "rank": null, "switch_use__description": "Both the switch and the value will be passed in the argument list. They will be separated joined with an equals(=) character with no spaces.", "switch_use__formatstring": "%(switch)s=%(value)s", "switch": "-dnamatrix", "acceptedExtensionList": [], "helptext": "", "batch_bundle_files": false, "file_assignment": "none", "hidden": false, "id": 2597, "switch_use__display_text": "combined with equals"}, {"default_value": "", "mandatory": false, "use_output_filename__switch": null, "output_file": false, "possible_values": "", "rank": null, "switch_use__description": "Both the switch and the value will be passed in the argument list. They will be separated joined with an equals(=) character with no spaces.", "switch_use__formatstring": "%(switch)s=%(value)s", "switch": "-gapopen", "acceptedExtensionList": [], "helptext": "", "batch_bundle_files": false, "file_assignment": "none", "hidden": false, "id": 2598, "switch_use__display_text": "combined with equals"}, {"default_value": "", "mandatory": false, "use_output_filename__switch": null, "output_file": false, "possible_values": "", "rank": null, "switch_use__description": "Both the switch and the value will be passed in the argument list. They will be separated joined with an equals(=) character with no spaces.", "switch_use__formatstring": "%(switch)s=%(value)s", "switch": "-gapext", "acceptedExtensionList": [], "helptext": "", "batch_bundle_files": false, "file_assignment": "none", "hidden": false, "id": 2599, "switch_use__display_text": "combined with equals"}, {"default_value": "", "mandatory": false, "use_output_filename__switch": null, "output_file": false, "possible_values": null, "rank": null, "switch_use__description": "Only the switch will be passed in the argument list.", "switch_use__formatstring": "%(switch)s", "switch": "-endgaps", "acceptedExtensionList": [], "helptext": null, "batch_bundle_files": false, "file_assignment": "none", "hidden": false, "id": 2600, "switch_use__display_text": "switchOnly"}, {"default_value": "", "mandatory": false, "use_output_filename__switch": null, "output_file": false, "possible_values": "", "rank": null, "switch_use__description": "Both the switch and the value will be passed in the argument list. They will be separated joined with an equals(=) character with no spaces.", "switch_use__formatstring": "%(switch)s=%(value)s", "switch": "-gapdist", "acceptedExtensionList": [], "helptext": "", "batch_bundle_files": false, "file_assignment": "none", "hidden": false, "id": 2601, "switch_use__display_text": "combined with equals"}, {"default_value": "", "mandatory": false, "use_output_filename__switch": null, "output_file": false, "possible_values": null, "rank": null, "switch_use__description": "Only the switch will be passed in the argument list.", "switch_use__formatstring": "%(switch)s", "switch": "-nopgap", "acceptedExtensionList": [], "helptext": null, "batch_bundle_files": false, "file_assignment": "none", "hidden": false, "id": 2602, "switch_use__display_text": "switchOnly"}, {"default_value": "", "mandatory": false, "use_output_filename__switch": null, "output_file": false, "possible_values": null, "rank": null, "switch_use__description": "Only the switch will be passed in the argument list.", "switch_use__formatstring": "%(switch)s", "switch": "-nohgap", "acceptedExtensionList": [], "helptext": null, "batch_bundle_files": false, "file_assignment": "none", "hidden": false, "id": 2603, "switch_use__display_text": "switchOnly"}, {"default_value": "", "mandatory": false, "use_output_filename__switch": null, "output_file": false, "possible_values": "", "rank": null, "switch_use__description": "Both the switch and the value will be passed in the argument list. They will be separated joined with an equals(=) character with no spaces.", "switch_use__formatstring": "%(switch)s=%(value)s", "switch": "-hgapresidues", "acceptedExtensionList": [], "helptext": "", "batch_bundle_files": false, "file_assignment": "none", "hidden": false, "id": 2604, "switch_use__display_text": "combined with equals"}, {"default_value": "", "mandatory": false, "use_output_filename__switch": null, "output_file": false, "possible_values": "", "rank": null, "switch_use__description": "Both the switch and the value will be passed in the argument list. They will be separated joined with an equals(=) character with no spaces.", "switch_use__formatstring": "%(switch)s=%(value)s", "switch": "-maxdiv", "acceptedExtensionList": [], "helptext": "", "batch_bundle_files": false, "file_assignment": "none", "hidden": false, "id": 2605, "switch_use__display_text": "combined with equals"}, {"default_value": "", "mandatory": false, "use_output_filename__switch": null, "output_file": false, "possible_values": "", "rank": null, "switch_use__description": "Both the switch and the value will be passed in the argument list. They will be separated joined with an equals(=) character with no spaces.", "switch_use__formatstring": "%(switch)s=%(value)s", "switch": "-transweight", "acceptedExtensionList": [], "helptext": "", "batch_bundle_files": false, "file_assignment": "none", "hidden": false, "id": 2607, "switch_use__display_text": "combined with equals"}, {"default_value": "", "mandatory": false, "use_output_filename__switch": null, "output_file": false, "possible_values": null, "rank": null, "switch_use__description": "Only the switch will be passed in the argument list.", "switch_use__formatstring": "%(switch)s", "switch": "-profile", "acceptedExtensionList": [], "helptext": null, "batch_bundle_files": false, "file_assignment": "none", "hidden": false, "id": 2608, "switch_use__display_text": "switchOnly"}, {"default_value": "", "mandatory": false, "use_output_filename__switch": null, "output_file": false, "possible_values": "", "rank": null, "switch_use__description": "Both the switch and the value will be passed in the argument list. They will be separated joined with an equals(=) character with no spaces.", "switch_use__formatstring": "%(switch)s=%(value)s", "switch": "-newtree1", "acceptedExtensionList": ["*.seq", "*.fna", "*.faa", "*.fa"], "helptext": "", "batch_bundle_files": false, "file_assignment": "batch", "hidden": false, "id": 2609, "switch_use__display_text": "combined with equals"}, {"default_value": "", "mandatory": false, "use_output_filename__switch": null, "output_file": false, "possible_values": "", "rank": null, "switch_use__description": "Both the switch and the value will be passed in the argument list. They will be separated joined with an equals(=) character with no spaces.", "switch_use__formatstring": "%(switch)s=%(value)s", "switch": "-newtree2", "acceptedExtensionList": ["*.seq", "*.fna", "*.faa", "*.fa"], "helptext": "", "batch_bundle_files": false, "file_assignment": "batch", "hidden": false, "id": 2610, "switch_use__display_text": "combined with equals"}, {"default_value": "", "mandatory": false, "use_output_filename__switch": null, "output_file": false, "possible_values": "", "rank": null, "switch_use__description": "Both the switch and the value will be passed in the argument list. They will be separated joined with an equals(=) character with no spaces.", "switch_use__formatstring": "%(switch)s=%(value)s", "switch": "-usetree1", "acceptedExtensionList": ["*.seq", "*.fna", "*.faa", "*.fa"], "helptext": "", "batch_bundle_files": false, "file_assignment": "batch", "hidden": false, "id": 2611, "switch_use__display_text": "combined with equals"}, {"default_value": "", "mandatory": false, "use_output_filename__switch": null, "output_file": false, "possible_values": "", "rank": null, "switch_use__description": "Both the switch and the value will be passed in the argument list. They will be separated joined with an equals(=) character with no spaces.", "switch_use__formatstring": "%(switch)s=%(value)s", "switch": "-usetree2", "acceptedExtensionList": ["*.seq", "*.fna", "*.faa", "*.fa"], "helptext": "", "batch_bundle_files": false, "file_assignment": "batch", "hidden": false, "id": 2612, "switch_use__display_text": "combined with equals"}, {"default_value": "", "mandatory": false, "use_output_filename__switch": null, "output_file": false, "possible_values": null, "rank": null, "switch_use__description": "Only the switch will be passed in the argument list.", "switch_use__formatstring": "%(switch)s", "switch": "-sequences", "acceptedExtensionList": [], "helptext": null, "batch_bundle_files": false, "file_assignment": "none", "hidden": false, "id": 2613, "switch_use__display_text": "switchOnly"}, {"default_value": "", "mandatory": false, "use_output_filename__switch": null, "output_file": false, "possible_values": null, "rank": null, "switch_use__description": "Only the switch will be passed in the argument list.", "switch_use__formatstring": "%(switch)s", "switch": "-nosecstr1", "acceptedExtensionList": [], "helptext": null, "batch_bundle_files": false, "file_assignment": "none", "hidden": false, "id": 2616, "switch_use__display_text": "switchOnly"}, {"default_value": "", "mandatory": false, "use_output_filename__switch": null, "output_file": false, "possible_values": null, "rank": null, "switch_use__description": "Only the switch will be passed in the argument list.", "switch_use__formatstring": "%(switch)s", "switch": "-nosecstr2", "acceptedExtensionList": [], "helptext": null, "batch_bundle_files": false, "file_assignment": "none", "hidden": false, "id": 2617, "switch_use__display_text": "switchOnly"}, {"default_value": "", "mandatory": false, "use_output_filename__switch": null, "output_file": false, "possible_values": {"value": [{"display": "", "value": ""}, {"display": "STRUCTURE", "value": "STRUCTURE"}, {"display": "MASK", "value": "MASK"}, {"display": "BOTH", "value": "BOTH"}, {"display": "NONE", "value": "NONE"}]}, "rank": null, "switch_use__description": "Both the switch and the value will be passed in the argument list. They will be separated joined with an equals(=) character with no spaces.", "switch_use__formatstring": "%(switch)s=%(value)s", "switch": "-secstrout", "acceptedExtensionList": [], "helptext": "", "batch_bundle_files": false, "file_assignment": "none", "hidden": false, "id": 2618, "switch_use__display_text": "combined with equals"}, {"default_value": "", "mandatory": false, "use_output_filename__switch": null, "output_file": false, "possible_values": "", "rank": null, "switch_use__description": "Both the switch and the value will be passed in the argument list. They will be separated joined with an equals(=) character with no spaces.", "switch_use__formatstring": "%(switch)s=%(value)s", "switch": "-helixgap", "acceptedExtensionList": [], "helptext": "", "batch_bundle_files": false, "file_assignment": "none", "hidden": false, "id": 2619, "switch_use__display_text": "combined with equals"}, {"default_value": "", "mandatory": false, "use_output_filename__switch": null, "output_file": false, "possible_values": "", "rank": null, "switch_use__description": "Both the switch and the value will be passed in the argument list. They will be separated joined with an equals(=) character with no spaces.", "switch_use__formatstring": "%(switch)s=%(value)s", "switch": "-strandgap", "acceptedExtensionList": [], "helptext": "", "batch_bundle_files": false, "file_assignment": "none", "hidden": false, "id": 2620, "switch_use__display_text": "combined with equals"}, {"default_value": "", "mandatory": false, "use_output_filename__switch": null, "output_file": false, "possible_values": "", "rank": null, "switch_use__description": "Both the switch and the value will be passed in the argument list. They will be separated joined with an equals(=) character with no spaces.", "switch_use__formatstring": "%(switch)s=%(value)s", "switch": "-loopgap", "acceptedExtensionList": [], "helptext": "", "batch_bundle_files": false, "file_assignment": "none", "hidden": false, "id": 2621, "switch_use__display_text": "combined with equals"}, {"default_value": "", "mandatory": false, "use_output_filename__switch": null, "output_file": false, "possible_values": "", "rank": null, "switch_use__description": "Both the switch and the value will be passed in the argument list. They will be separated joined with an equals(=) character with no spaces.", "switch_use__formatstring": "%(switch)s=%(value)s", "switch": "-terminalgap", "acceptedExtensionList": [], "helptext": "", "batch_bundle_files": false, "file_assignment": "none", "hidden": false, "id": 2622, "switch_use__display_text": "combined with equals"}, {"default_value": "", "mandatory": false, "use_output_filename__switch": null, "output_file": false, "possible_values": "", "rank": null, "switch_use__description": "Both the switch and the value will be passed in the argument list. They will be separated joined with an equals(=) character with no spaces.", "switch_use__formatstring": "%(switch)s=%(value)s", "switch": "-helixendin", "acceptedExtensionList": [], "helptext": "", "batch_bundle_files": false, "file_assignment": "none", "hidden": false, "id": 2623, "switch_use__display_text": "combined with equals"}, {"default_value": "", "mandatory": false, "use_output_filename__switch": null, "output_file": false, "possible_values": "", "rank": null, "switch_use__description": "Both the switch and the value will be passed in the argument list. They will be separated joined with an equals(=) character with no spaces.", "switch_use__formatstring": "%(switch)s=%(value)s", "switch": "-helixendout", "acceptedExtensionList": [], "helptext": "", "batch_bundle_files": false, "file_assignment": "none", "hidden": false, "id": 2624, "switch_use__display_text": "combined with equals"}, {"default_value": "", "mandatory": false, "use_output_filename__switch": null, "output_file": false, "possible_values": "", "rank": null, "switch_use__description": "Both the switch and the value will be passed in the argument list. They will be separated joined with an equals(=) character with no spaces.", "switch_use__formatstring": "%(switch)s=%(value)s", "switch": "-strandendin", "acceptedExtensionList": [], "helptext": "", "batch_bundle_files": false, "file_assignment": "none", "hidden": false, "id": 2625, "switch_use__display_text": "combined with equals"}, {"default_value": "", "mandatory": false, "use_output_filename__switch": null, "output_file": false, "possible_values": "", "rank": null, "switch_use__description": "Both the switch and the value will be passed in the argument list. They will be separated joined with an equals(=) character with no spaces.", "switch_use__formatstring": "%(switch)s=%(value)s", "switch": "-strandendout", "acceptedExtensionList": [], "helptext": "", "batch_bundle_files": false, "file_assignment": "none", "hidden": false, "id": 2626, "switch_use__display_text": "combined with equals"}, {"default_value": "", "mandatory": false, "use_output_filename__switch": null, "output_file": false, "possible_values": {"value": [{"display": "", "value": ""}, {"display": "NJ", "value": "NJ"}, {"display": "PHYLIP", "value": "PHYLIP"}, {"display": "DIST", "value": "DIST"}, {"display": "NEXUS", "value": "NEXUS"}]}, "rank": null, "switch_use__description": "Both the switch and the value will be passed in the argument list. They will be separated joined with an equals(=) character with no spaces.", "switch_use__formatstring": "%(switch)s=%(value)s", "switch": "-outputtree", "acceptedExtensionList": [], "helptext": "", "batch_bundle_files": false, "file_assignment": "none", "hidden": false, "id": 2627, "switch_use__display_text": "combined with equals"}, {"default_value": "", "mandatory": false, "use_output_filename__switch": null, "output_file": false, "possible_values": "", "rank": null, "switch_use__description": "Both the switch and the value will be passed in the argument list. They will be separated joined with an equals(=) character with no spaces.", "switch_use__formatstring": "%(switch)s=%(value)s", "switch": "-seed", "acceptedExtensionList": [], "helptext": "", "batch_bundle_files": false, "file_assignment": "none", "hidden": false, "id": 2628, "switch_use__display_text": "combined with equals"}, {"default_value": "", "mandatory": false, "use_output_filename__switch": null, "output_file": false, "possible_values": null, "rank": null, "switch_use__description": "Only the switch will be passed in the argument list.", "switch_use__formatstring": "%(switch)s", "switch": "-kimura", "acceptedExtensionList": [], "helptext": null, "batch_bundle_files": false, "file_assignment": "none", "hidden": false, "id": 2629, "switch_use__display_text": "switchOnly"}, {"default_value": "", "mandatory": false, "use_output_filename__switch": null, "output_file": false, "possible_values": null, "rank": null, "switch_use__description": "Only the switch will be passed in the argument list.", "switch_use__formatstring": "%(switch)s", "switch": "-tossgaps", "acceptedExtensionList": [], "helptext": null, "batch_bundle_files": false, "file_assignment": "none", "hidden": false, "id": 2630, "switch_use__display_text": "switchOnly"}, {"default_value": "", "mandatory": false, "use_output_filename__switch": null, "output_file": false, "possible_values": {"value": [{"display": "", "value": ""}, {"display": "NODE", "value": "NODE"}, {"display": "BRANCH", "value": "BRANCH"}]}, "rank": null, "switch_use__description": "Both the switch and the value will be passed in the argument list. They will be separated joined with an equals(=) character with no spaces.", "switch_use__formatstring": "%(switch)s=%(value)s", "switch": "-bootlabels", "acceptedExtensionList": [], "helptext": "", "batch_bundle_files": false, "file_assignment": "none", "hidden": false, "id": 2631, "switch_use__display_text": "combined with equals"}, {"default_value": "output.aln", "mandatory": true, "use_output_filename__switch": null, "output_file": false, "possible_values": "", "rank": 1, "switch_use__description": "Both the switch and the value will be passed in the argument list. They will be separated joined with an equals(=) character with no spaces.", "switch_use__formatstring": "%(switch)s=%(value)s", "switch": "-outfile", "acceptedExtensionList": [], "helptext": "", "batch_bundle_files": false, "file_assignment": "none", "hidden": false, "id": 2632, "switch_use__display_text": "combined with equals"}], "accepts_input": true, "job_type": "single", "enabled": true, "cpus": "", "fs_backend": "nullbackend", "queue": "normal", "module": "clustalw", "max_memory": null, "inputExtensions": ["*.fna", "*.ffn", "*.fasta", "*.fa", "*.faa", "*.seq", "*.frn"], "path": "clustalw", "backend": "nullbackend", "walltime": "", "description": "ClustalW is a general purpose multiple sequence alignment program for DNA or proteins. It produces biologically meaningful multiple sequence alignments of divergent sequences. It calculates the best match for the selected sequences, and lines them up so that the identities, similarities and differences can be seen. Evolutionary relationships can be seen via viewing Cladograms or Phylograms."}}