{"tool": {"outputExtensions": [{"must_be_larger_than": null, "must_exist": false, "file_extension__pattern": "*.fa"}, {"must_be_larger_than": null, "must_exist": false, "file_extension__pattern": "*.faa"}], "display_name": "emboss_getorf", "name": "ebi_getorf", "parameter_list": [{"default_value": "", "mandatory": true, "use_output_filename__switch": null, "output_file": false, "possible_values": "", "rank": null, "switch_use__description": "Both the switch and the value will be passed in the argument list. They will be separated by a space.", "switch_use__formatstring": "%(switch)s %(value)s", "switch": "-i", "acceptedExtensionList": ["*.seq", "*.fna", "*.faa", "*.fa"], "helptext": "Nucleotide sequence(s) filename and optional format, or reference (input USA).", "batch_bundle_files": false, "file_assignment": "batch", "hidden": false, "id": 3862, "switch_use__display_text": "both"}, {"default_value": "output.fa", "extension_param": "*.fa", "mandatory": true, "use_output_filename__switch": "-i", "output_file": true, "possible_values": "", "rank": null, "switch_use__description": "Both the switch and the value will be passed in the argument list. They will be separated by a space.", "switch_use__formatstring": "%(switch)s %(value)s", "switch": "-o", "acceptedExtensionList": [], "helptext": "", "batch_bundle_files": false, "file_assignment": "none", "hidden": true, "id": 3863, "switch_use__display_text": "both"}, {"default_value": "0", "mandatory": false, "use_output_filename__switch": null, "output_file": false, "possible_values": {"value": [{"display": "Standard", "value": "0"}, {"display": "Standard (with alternative initiation codons)", "value": "1"}, {"display": "Vertebrate Mitochondrial", "value": "2"}, {"display": "Yeast Mitochondrial", "value": "3"}, {"display": "Mold, Protozoan, Coelenterate Mitochondrial and Mycoplasma/Spiroplasma", "value": "4"}, {"display": "Invertebrate Mitochondrial", "value": "5"}, {"display": "Ciliate Macronuclear and Dasycladacean", "value": "6"}, {"display": "Echinoderm Mitochondrial", "value": "9"}, {"display": "Euplotid Nuclear", "value": "10"}, {"display": "Bacterial", "value": "11"}, {"display": "Alternative Yeast Nuclear", "value": "12"}, {"display": "Ascidian Mitochondrial", "value": "13"}, {"display": "Flatworm Mitochondrial", "value": "14"}, {"display": "Blepharisma Macronuclear", "value": "15"}, {"display": "Chlorophycean Mitochondrial", "value": "21"}, {"display": "Scenedesmus obliquus", "value": "22"}, {"display": "Thraustochytrium Mitochondrial", "value": "23"}]}, "rank": null, "switch_use__description": "Both the switch and the value will be passed in the argument list. They will be separated by a space.", "switch_use__formatstring": "%(switch)s %(value)s", "switch": "--table", "acceptedExtensionList": [], "helptext": "Code to use.", "batch_bundle_files": false, "file_assignment": "none", "hidden": false, "id": 3864, "switch_use__display_text": "both"}, {"default_value": "", "mandatory": false, "use_output_filename__switch": null, "output_file": false, "possible_values": "", "rank": null, "switch_use__description": "Both the switch and the value will be passed in the argument list. They will be separated by a space.", "switch_use__formatstring": "%(switch)s %(value)s", "switch": "--minsize", "acceptedExtensionList": [], "helptext": "Minimum nucleotide size of ORF to report (Any integer value, default 30).", "batch_bundle_files": false, "file_assignment": "none", "hidden": false, "id": 3865, "switch_use__display_text": "both"}, {"default_value": "", "mandatory": false, "use_output_filename__switch": null, "output_file": false, "possible_values": "", "rank": null, "switch_use__description": "Both the switch and the value will be passed in the argument list. They will be separated by a space.", "switch_use__formatstring": "%(switch)s %(value)s", "switch": "--maxsize", "acceptedExtensionList": [], "helptext": "Maximum nucleotide size of ORF to report (Any integer value, default 1000000).", "batch_bundle_files": false, "file_assignment": "none", "hidden": false, "id": 3866, "switch_use__display_text": "both"}, {"default_value": "0", "mandatory": false, "use_output_filename__switch": null, "output_file": false, "possible_values": {"value": [{"display": "Translation of regions between STOP codons", "value": "0"}, {"display": "Translation of regions between START and STOP codons", "value": "1"}, {"display": "Nucleic sequences between STOP codons", "value": "2"}, {"display": "Nucleic sequences between START and STOP codons", "value": "3"}, {"display": "Nucleotides flanking START codons", "value": "4"}, {"display": "Nucleotides flanking initial STOP codons", "value": "5"}, {"display": "Nucleotides flanking ending STOP codons", "value": "6"}]}, "rank": null, "switch_use__description": "Both the switch and the value will be passed in the argument list. They will be separated by a space.", "switch_use__formatstring": "%(switch)s %(value)s", "switch": "--find", "acceptedExtensionList": [], "helptext": "This is a small menu of possible output options. The first four options are to select either the protein translation or the original nucleic acid sequence of the open reading frame. There are two possible definitions of an open reading frame: it can either be a region that is free of STOP codons or a region that begins with a START codon and ends with a STOP codon. The last three options are probably only of interest to people who wish to investigate the statistical properties of the regions around potential START or STOP codons. The last option assumes that ORF lengths are calculated between two STOP codons.", "batch_bundle_files": false, "file_assignment": "none", "hidden": false, "id": 3867, "switch_use__display_text": "both"}, {"default_value": "Y", "mandatory": false, "use_output_filename__switch": null, "output_file": false, "possible_values": {"value": [{"display": "No", "value": "N"}, {"display": "Yes", "value": "Y"}]}, "rank": null, "switch_use__description": "Both the switch and the value will be passed in the argument list. They will be separated by a space.", "switch_use__formatstring": "%(switch)s %(value)s", "switch": "--methionine", "acceptedExtensionList": [], "helptext": "START codons at the beginning of protein products will usually code for Methionine, despite what the codon will code for when it is internal to a protein. This qualifier sets all such START codons to code for Methionine by default.", "batch_bundle_files": false, "file_assignment": "none", "hidden": false, "id": 3868, "switch_use__display_text": "both"}, {"default_value": "N", "mandatory": false, "use_output_filename__switch": null, "output_file": false, "possible_values": {"value": [{"display": "No", "value": "N"}, {"display": "Yes", "value": "Y"}]}, "rank": null, "switch_use__description": "Both the switch and the value will be passed in the argument list. They will be separated by a space.", "switch_use__formatstring": "%(switch)s %(value)s", "switch": "--circular", "acceptedExtensionList": [], "helptext": "Is the sequence circular.", "batch_bundle_files": false, "file_assignment": "none", "hidden": false, "id": 3869, "switch_use__display_text": "both"}, {"default_value": "Y", "mandatory": false, "use_output_filename__switch": null, "output_file": false, "possible_values": {"value": [{"display": "No", "value": "N"}, {"display": "Yes", "value": "Y"}]}, "rank": null, "switch_use__description": "Both the switch and the value will be passed in the argument list. They will be separated by a space.", "switch_use__formatstring": "%(switch)s %(value)s", "switch": "--reverse", "acceptedExtensionList": [], "helptext": "Set this to be No if you do not wish to find ORFs in the reverse complement of the sequence.", "batch_bundle_files": false, "file_assignment": "none", "hidden": false, "id": 3870, "switch_use__display_text": "both"}, {"default_value": "", "mandatory": false, "use_output_filename__switch": null, "output_file": false, "possible_values": "", "rank": null, "switch_use__description": "Both the switch and the value will be passed in the argument list. They will be separated by a space.", "switch_use__formatstring": "%(switch)s %(value)s", "switch": "--flanking", "acceptedExtensionList": [], "helptext": "If you have chosen one of the options of the type of sequence to find that gives the flanking sequence around a STOP or START codon, this allows you to set the number of nucleotides either side of that codon to output. If the region of flanking nucleotides crosses the start or end of the sequence, no output is given for this codon. (Any integer value).", "batch_bundle_files": false, "file_assignment": "none", "hidden": false, "id": 3871, "switch_use__display_text": "both"}], "accepts_input": true, "job_type": "single", "enabled": true, "cpus": "", "fs_backend": "nullbackend", "queue": "normal", "module": "python,yabi-tools/andrew", "max_memory": null, "inputExtensions": ["*.seq", "*.fna", "*.faa", "*.fa"], "path": "ccg_ebi_getorf.py", "backend": "nullbackend", "walltime": "", "description": "Finds and extracts open reading frames (ORFs)."}}