{"tool": {"outputExtensions": [{"must_be_larger_than": null, "must_exist": false, "file_extension__pattern": "*"}], "display_name": "fetchdb", "name": "ebi_fetchdb", "parameter_list": [{"default_value": "", "mandatory": true, "use_output_filename__switch": null, "output_file": false, "possible_values": "", "rank": null, "switch_use__description": "Both the switch and the value will be passed in the argument list. They will be separated by a space.", "switch_use__formatstring": "%(switch)s %(value)s", "switch": "-i", "acceptedExtensionList": ["*"], "helptext": "Input file of sequence identifiers, one per line.", "batch_bundle_files": false, "file_assignment": "batch", "hidden": false, "id": 3734, "switch_use__display_text": "both"}, {"default_value": "output.fa", "extension_param": "*.fa", "mandatory": true, "use_output_filename__switch": "-i", "output_file": true, "possible_values": "", "rank": null, "switch_use__description": "Both the switch and the value will be passed in the argument list. They will be separated by a space.", "switch_use__formatstring": "%(switch)s %(value)s", "switch": "-o", "acceptedExtensionList": [], "helptext": "This will use the input filename as the basis for the output.", "batch_bundle_files": false, "file_assignment": "none", "hidden": false, "id": 3735, "switch_use__display_text": "both"}, {"default_value": "fasta", "mandatory": true, "use_output_filename__switch": null, "output_file": false, "possible_values": "", "rank": null, "switch_use__description": "Both the switch and the value will be passed in the argument list. They will be separated by a space.", "switch_use__formatstring": "%(switch)s %(value)s", "switch": "-f", "acceptedExtensionList": [], "helptext": "The output format. Leave this as fasta.", "batch_bundle_files": false, "file_assignment": "none", "hidden": false, "id": 3736, "switch_use__display_text": "both"}, {"default_value": "embl", "mandatory": true, "use_output_filename__switch": null, "output_file": false, "possible_values": "", "rank": null, "switch_use__description": "Both the switch and the value will be passed in the argument list. They will be separated by a space.", "switch_use__formatstring": "%(switch)s %(value)s", "switch": "-d", "acceptedExtensionList": [], "helptext": "Database to fetch sequences from.", "batch_bundle_files": false, "file_assignment": "none", "hidden": false, "id": 3737, "switch_use__display_text": "both"}, {"default_value": "On", "mandatory": false, "use_output_filename__switch": null, "output_file": false, "possible_values": "", "rank": null, "switch_use__description": "Only the switch will be passed in the argument list.", "switch_use__formatstring": "%(switch)s", "switch": "-s", "acceptedExtensionList": [], "helptext": "Strip leading prefixes from identifiers.", "batch_bundle_files": false, "file_assignment": "none", "hidden": false, "id": 3738, "switch_use__display_text": "switchOnly"}], "accepts_input": true, "job_type": "single", "enabled": true, "cpus": "", "fs_backend": "nullbackend", "queue": "normal", "module": "python,yabi-tools/andrew", "max_memory": null, "inputExtensions": ["*"], "path": "ccg_ebi_dbfetch.py", "backend": "nullbackend", "walltime": "", "description": "The dbfetch services provide access to entries from various up-to-date biological databases using entry identifiers or accession numbers."}}