{"tool": {"outputExtensions": [], "display_name": "emboss_tmap", "name": "ebi_tmap", "parameter_list": [{"default_value": "", "mandatory": true, "use_output_filename__switch": null, "output_file": false, "possible_values": "", "rank": null, "switch_use__description": "Both the switch and the value will be passed in the argument list. They will be separated by a space.", "switch_use__formatstring": "%(switch)s %(value)s", "switch": "-i", "acceptedExtensionList": ["*.fna", "*.ffn", "*.fasta", "*.fa", "*.faa", "*.clustalw", "*.frn"], "helptext": "Input file in fasta format.", "batch_bundle_files": false, "file_assignment": "batch", "hidden": false, "id": 3766, "switch_use__display_text": "both"}, {"default_value": "tmap.png", "extension_param": "*.png", "mandatory": false, "use_output_filename__switch": "-i", "output_file": true, "possible_values": "", "rank": null, "switch_use__description": "Both the switch and the value will be passed in the argument list. They will be separated by a space.", "switch_use__formatstring": "%(switch)s %(value)s", "switch": "-o", "acceptedExtensionList": [], "helptext": "Output filename.", "batch_bundle_files": false, "file_assignment": "none", "hidden": false, "id": 3767, "switch_use__display_text": "both"}, {"default_value": "tmap.txt", "extension_param": "*.txt", "mandatory": false, "use_output_filename__switch": "-i", "output_file": true, "possible_values": "", "rank": null, "switch_use__description": "Both the switch and the value will be passed in the argument list. They will be separated by a space.", "switch_use__formatstring": "%(switch)s %(value)s", "switch": "-r", "acceptedExtensionList": [], "helptext": "Output report file.", "batch_bundle_files": false, "file_assignment": "none", "hidden": false, "id": 3768, "switch_use__display_text": "both"}], "accepts_input": true, "job_type": "single", "enabled": true, "cpus": "", "fs_backend": "nullbackend", "queue": "normal", "module": "python,yabi-tools/andrew", "max_memory": null, "inputExtensions": ["*.fna", "*.ffn", "*.fasta", "*.fa", "*.faa", "*.clustalw", "*.frn"], "path": "ccg_ebi_tmap.py", "backend": "nullbackend", "walltime": "", "description": ""}}