{"tool": {"outputExtensions": [{"must_be_larger_than": null, "must_exist": false, "file_extension__pattern": "*.pepinfo"}, {"must_be_larger_than": null, "must_exist": false, "file_extension__pattern": "*.png"}], "display_name": "emboss_pepinfo", "name": "ebi_pepinfo", "parameter_list": [{"default_value": "", "mandatory": true, "use_output_filename__switch": null, "output_file": false, "possible_values": "", "rank": null, "switch_use__description": "Both the switch and the value will be passed in the argument list. They will be separated by a space.", "switch_use__formatstring": "%(switch)s %(value)s", "switch": "-i", "acceptedExtensionList": ["*.fna", "*.ffn", "*.fasta", "*.fa", "*.faa", "*.pep", "*.frn"], "helptext": "Input file in fasta format.", "batch_bundle_files": false, "file_assignment": "batch", "hidden": false, "id": 3847, "switch_use__display_text": "both"}, {"default_value": "png", "extension_param": "*.png", "mandatory": false, "use_output_filename__switch": null, "output_file": false, "possible_values": "", "rank": null, "switch_use__description": "Both the switch and the value will be passed in the argument list. They will be separated by a space.", "switch_use__formatstring": "%(switch)s %(value)s", "switch": "-g", "acceptedExtensionList": [], "helptext": "The type of output file.", "batch_bundle_files": false, "file_assignment": "none", "hidden": true, "id": 3848, "switch_use__display_text": "both"}, {"default_value": "output.pepinfo", "extension_param": "*.pepinfo", "mandatory": false, "use_output_filename__switch": "-i", "output_file": true, "possible_values": "", "rank": null, "switch_use__description": "Both the switch and the value will be passed in the argument list. They will be separated by a space.", "switch_use__formatstring": "%(switch)s %(value)s", "switch": "-r", "acceptedExtensionList": [], "helptext": "Output report file.", "batch_bundle_files": false, "file_assignment": "none", "hidden": true, "id": 3849, "switch_use__display_text": "both"}, {"default_value": "output.png", "extension_param": "*.png", "mandatory": false, "use_output_filename__switch": "-i", "output_file": true, "possible_values": "", "rank": null, "switch_use__description": "Both the switch and the value will be passed in the argument list. They will be separated by a space.", "switch_use__formatstring": "%(switch)s %(value)s", "switch": "-o", "acceptedExtensionList": [], "helptext": "The output png filename.", "batch_bundle_files": false, "file_assignment": "none", "hidden": true, "id": 3850, "switch_use__display_text": "both"}, {"default_value": "False", "mandatory": false, "use_output_filename__switch": null, "output_file": false, "possible_values": "", "rank": null, "switch_use__description": "Only the switch will be passed in the argument list.", "switch_use__formatstring": "%(switch)s", "switch": "--debug", "acceptedExtensionList": [], "helptext": "", "batch_bundle_files": false, "file_assignment": "none", "hidden": true, "id": 3851, "switch_use__display_text": "switchOnly"}], "accepts_input": true, "job_type": "single", "enabled": true, "cpus": "", "fs_backend": "nullbackend", "queue": "normal", "module": "python,yabi-tools/andrew", "max_memory": null, "inputExtensions": ["*.fna", "*.ffn", "*.fasta", "*.fa", "*.faa", "*.pep", "*.frn"], "path": "ccg_ebi_pepinfo.py", "backend": "nullbackend", "walltime": "", "description": "Plot amino acid properties of a protein sequence in parallel."}}