{"tool": {"outputExtensions": [{"must_be_larger_than": null, "must_exist": false, "file_extension__pattern": "*.sirna"}, {"must_be_larger_than": null, "must_exist": false, "file_extension__pattern": "*.fa"}], "display_name": "emboss_sirna", "name": "ebi_sirna", "parameter_list": [{"default_value": "", "mandatory": true, "use_output_filename__switch": null, "output_file": false, "possible_values": "", "rank": null, "switch_use__description": "Both the switch and the value will be passed in the argument list. They will be separated by a space.", "switch_use__formatstring": "%(switch)s %(value)s", "switch": "-i", "acceptedExtensionList": ["*.fna", "*.ffn", "*.fasta", "*.fa", "*.faa", "*.pep", "*.frn"], "helptext": "Input file in fasta format.", "batch_bundle_files": false, "file_assignment": "batch", "hidden": false, "id": 3852, "switch_use__display_text": "both"}, {"default_value": "output.fa", "extension_param": "*.fa", "mandatory": false, "use_output_filename__switch": "-i", "output_file": true, "possible_values": "", "rank": null, "switch_use__description": "Both the switch and the value will be passed in the argument list. They will be separated by a space.", "switch_use__formatstring": "%(switch)s %(value)s", "switch": "-s", "acceptedExtensionList": [], "helptext": "Output sequences file.", "batch_bundle_files": false, "file_assignment": "none", "hidden": true, "id": 3854, "switch_use__display_text": "both"}, {"default_value": "output.sirna", "extension_param": "*.sirna", "mandatory": false, "use_output_filename__switch": "-i", "output_file": true, "possible_values": "", "rank": null, "switch_use__description": "Both the switch and the value will be passed in the argument list. They will be separated by a space.", "switch_use__formatstring": "%(switch)s %(value)s", "switch": "-o", "acceptedExtensionList": [], "helptext": "The sirna output filename.", "batch_bundle_files": false, "file_assignment": "none", "hidden": true, "id": 3855, "switch_use__display_text": "both"}, {"default_value": "False", "mandatory": false, "use_output_filename__switch": null, "output_file": false, "possible_values": "", "rank": null, "switch_use__description": "Only the switch will be passed in the argument list.", "switch_use__formatstring": "%(switch)s", "switch": "--debug", "acceptedExtensionList": [], "helptext": "", "batch_bundle_files": false, "file_assignment": "none", "hidden": true, "id": 3856, "switch_use__display_text": "switchOnly"}, {"default_value": "", "mandatory": false, "use_output_filename__switch": null, "output_file": false, "possible_values": "", "rank": null, "switch_use__description": "Only the switch will be passed in the argument list.", "switch_use__formatstring": "%(switch)s", "switch": "--poliii", "acceptedExtensionList": [], "helptext": "This option allows you to select only the 21 base probes that start with a purine and so can be expressed from Pol III expression vectors. This is the NARN(17)YNN pattern that has been suggested by Tuschl et al.", "batch_bundle_files": false, "file_assignment": "none", "hidden": false, "id": 3857, "switch_use__display_text": "switchOnly"}, {"default_value": "", "mandatory": false, "use_output_filename__switch": null, "output_file": false, "possible_values": "", "rank": null, "switch_use__description": "Only the switch will be passed in the argument list.", "switch_use__formatstring": "%(switch)s", "switch": "--aa", "acceptedExtensionList": [], "helptext": "This option allows you to select only those 23 base regions that end with TT. If this option is not selected then regions that end with TT will be favoured by giving them a higher score, but regions that do not end with TT will also be reported.", "batch_bundle_files": false, "file_assignment": "none", "hidden": false, "id": 3858, "switch_use__display_text": "switchOnly"}, {"default_value": "", "mandatory": false, "use_output_filename__switch": null, "output_file": false, "possible_values": "", "rank": null, "switch_use__description": "Only the switch will be passed in the argument list.", "switch_use__formatstring": "%(switch)s", "switch": "--tt", "acceptedExtensionList": [], "helptext": "This option allows you to select only those 23 base regions that start with AA. If this option is not selected then regions that start with AA will be favoured by giving them a higher score, but regions that do not start with AA will also be reported.", "batch_bundle_files": false, "file_assignment": "none", "hidden": false, "id": 3859, "switch_use__display_text": "switchOnly"}, {"default_value": "", "mandatory": false, "use_output_filename__switch": null, "output_file": false, "possible_values": "", "rank": null, "switch_use__description": "Only the switch will be passed in the argument list.", "switch_use__formatstring": "%(switch)s", "switch": "--nopolybase", "acceptedExtensionList": [], "helptext": "If this option is selected then only those 23 base regions that have no repeat of 4 or more of any bases in a row will be reported. No regions will ever be reported that have 4 or more Gs in a row.", "batch_bundle_files": false, "file_assignment": "none", "hidden": false, "id": 3860, "switch_use__display_text": "switchOnly"}, {"default_value": "", "mandatory": false, "use_output_filename__switch": null, "output_file": false, "possible_values": "", "rank": null, "switch_use__description": "Only the switch will be passed in the argument list.", "switch_use__formatstring": "%(switch)s", "switch": "--context", "acceptedExtensionList": [], "helptext": "This option displays the whole 23 bases of the region with the first two bases in brackets.", "batch_bundle_files": false, "file_assignment": "none", "hidden": false, "id": 3861, "switch_use__display_text": "switchOnly"}], "accepts_input": true, "job_type": "single", "enabled": true, "cpus": "", "fs_backend": "nullbackend", "queue": "normal", "module": "python,yabi-tools/andrew", "max_memory": null, "inputExtensions": ["*.fna", "*.ffn", "*.fasta", "*.fa", "*.faa", "*.pep", "*.frn"], "path": "ccg_ebi_sirna.py", "backend": "nullbackend", "walltime": "", "description": "Finds siRNA duplexes in mRNA."}}