{"tool": {"outputExtensions": [{"must_be_larger_than": null, "must_exist": false, "file_extension__pattern": "*.eprimer3"}], "display_name": "eprimer3", "name": "eprimer3", "parameter_list": [{"default_value": "", "mandatory": true, "use_output_filename__switch": null, "output_file": false, "possible_values": "", "rank": 1, "switch_use__description": "Both the switch and the value will be passed in the argument list. They will be separated by a space.", "switch_use__formatstring": "%(switch)s %(value)s", "switch": "-sequence", "acceptedExtensionList": ["*.fna", "*.ffn", "*.fasta", "*.fa", "*.faa", "*.frn"], "helptext": "The sequence from which to choose primers. The sequence must be presented 5' to 3'.\r\n", "batch_bundle_files": false, "file_assignment": "batch", "hidden": false, "id": 3036, "switch_use__display_text": "both"}, {"default_value": "output.eprimer3", "mandatory": true, "use_output_filename__switch": null, "output_file": true, "possible_values": "", "rank": 1, "switch_use__description": "Both the switch and the value will be passed in the argument list. They will be separated by a space.", "switch_use__formatstring": "%(switch)s %(value)s", "switch": "-outfile", "acceptedExtensionList": [], "helptext": "Whitehead primer3_core program output file.", "batch_bundle_files": false, "file_assignment": "none", "hidden": false, "id": 3037, "switch_use__display_text": "both"}, {"default_value": "", "mandatory": false, "use_output_filename__switch": null, "output_file": false, "possible_values": "", "rank": null, "switch_use__description": "Only the switch will be passed in the argument list.", "switch_use__formatstring": "%(switch)s", "switch": "-noprimer", "acceptedExtensionList": [], "helptext": "Tell EPrimer3 NOT to pick primer(s).", "batch_bundle_files": false, "file_assignment": "none", "hidden": false, "id": 3038, "switch_use__display_text": "switchOnly"}, {"default_value": "1", "mandatory": false, "use_output_filename__switch": null, "output_file": false, "possible_values": {"value": [{"display": "Pick PCR primers", "value": "1"}, {"display": "Pick forward primer only", "value": "2"}, {"display": "Pick reverse primer only", "value": "3"}, {"display": "No primers needed", "value": "4"}]}, "rank": null, "switch_use__description": "Both the switch and the value will be passed in the argument list. They will be separated by a space.", "switch_use__formatstring": "%(switch)s %(value)s", "switch": "-task", "acceptedExtensionList": [], "helptext": "", "batch_bundle_files": false, "file_assignment": "none", "hidden": false, "id": 3039, "switch_use__display_text": "both"}, {"default_value": "", "mandatory": false, "use_output_filename__switch": null, "output_file": false, "possible_values": "", "rank": null, "switch_use__description": "Only the switch will be passed in the argument list.", "switch_use__formatstring": "%(switch)s", "switch": "-hybridprobe", "acceptedExtensionList": [], "helptext": "An 'internal oligo' is intended to be used as a hybridization probe (hyb probe) to detect the PCR product after amplification.", "batch_bundle_files": false, "file_assignment": "none", "hidden": false, "id": 3040, "switch_use__display_text": "switchOnly"}, {"default_value": "", "mandatory": false, "use_output_filename__switch": null, "output_file": false, "possible_values": "", "rank": null, "switch_use__description": "Both the switch and the value will be passed in the argument list. They will be separated by a space.", "switch_use__formatstring": "%(switch)s %(value)s", "switch": "-mishyblibraryfile", "acceptedExtensionList": ["*.fna", "*.ffn", "*.fasta", "*.fa", "*.faa", "*.frn"], "helptext": "Similar to MISPRIMING-LIBRARY, except that the event we seek to avoid is hybridization of the internal oligo to sequences in this library rather than priming from them. The file must be in (a slightly restricted) FASTA format (W. B. Pearson and D.J. Lipman, PNAS 85:8 pp 2444-2448 [1988]); we briefly discuss the organization of this file below. If this parameter is specified then EPrimer3 locally aligns each candidate oligo against each library sequence and rejects those primers for which the local alignment score times a specified weight (see below) exceeds INTERNAL-OLIGO-MAX-MISHYB. (The maximum value of the weight is arbitrarily set to 12.0.)\r\nEach sequence entry in the FASTA-format file must begin with an 'id line' that starts with '>'. The contents of the id line is 'slightly restricted' in that EPrimer3 parses everything after any optional asterisk ('*') as a floating point number to use as the weight mentioned above. If the id line contains no asterisk then the weight defaults to 1.0. The alignment scoring system used is the same as for calculating complementarity among oligos (e.g. SELF-ANY). The remainder of an entry contains the sequence as lines following the id line up until a line starting with '>' or the end of the file. Whitespace and newlines are ignored. Characters 'A', 'T', 'G', 'C', 'a', 't', 'g', 'c' are retained and any other character is converted to 'N' (with the consequence that any IUB / IUPAC codes for ambiguous bases are converted to 'N'). There are no restrictions on line length.\r\nAn empty value for this parameter indicates that no library should be used. ", "batch_bundle_files": false, "file_assignment": "batch", "hidden": false, "id": 3041, "switch_use__display_text": "both"}, {"default_value": "", "mandatory": false, "use_output_filename__switch": null, "output_file": false, "possible_values": "", "rank": null, "switch_use__description": "Both the switch and the value will be passed in the argument list. They will be separated by a space.", "switch_use__formatstring": "%(switch)s %(value)s", "switch": "-numreturn", "acceptedExtensionList": [], "helptext": "The maximum number of primer pairs to return. Primer pairs returned are sorted by their 'quality', in other words by the value of the objective function (where a lower number indicates a better primer pair). Caution: setting this parameter to a large value will increase running time. (Integer 0 or more).\r\n", "batch_bundle_files": false, "file_assignment": "none", "hidden": false, "id": 3042, "switch_use__display_text": "both"}, {"default_value": "", "mandatory": false, "use_output_filename__switch": null, "output_file": false, "possible_values": "", "rank": null, "switch_use__description": "Both the switch and the value will be passed in the argument list. They will be separated by a space.", "switch_use__formatstring": "%(switch)s %(value)s", "switch": "-includedregion", "acceptedExtensionList": [], "helptext": "A sub-region of the given sequence in which to pick primers. For example, often the first dozen or so bases of a sequence are vector, and should be excluded from consideration. The value for this parameter has the form (start),(end) where (start) is the index of the first base to consider, and (end) is the last in the primer-picking region.\r\n", "batch_bundle_files": false, "file_assignment": "none", "hidden": false, "id": 3043, "switch_use__display_text": "both"}, {"default_value": "", "mandatory": false, "use_output_filename__switch": null, "output_file": false, "possible_values": "", "rank": null, "switch_use__description": "Both the switch and the value will be passed in the argument list. They will be separated by a space.", "switch_use__formatstring": "%(switch)s %(value)s", "switch": "-targetregion", "acceptedExtensionList": [], "helptext": "If one or more Targets is specified then a legal primer pair must flank at least one of them. A Target might be a simple sequence repeat site (for example a CA repeat) or a single-base-pair polymorphism. The value should be a space-separated list of (start),(end) pairs where (start) is the index of the first base of a Target, and (end) is the last.\r\nE.g. 50,51 requires primers to surround the 2 bases at positions 50 and 51.\r\n", "batch_bundle_files": false, "file_assignment": "none", "hidden": false, "id": 3044, "switch_use__display_text": "both"}, {"default_value": "", "mandatory": false, "use_output_filename__switch": null, "output_file": false, "possible_values": "", "rank": null, "switch_use__description": "Both the switch and the value will be passed in the argument list. They will be separated by a space.", "switch_use__formatstring": "%(switch)s %(value)s", "switch": "-excludedregion", "acceptedExtensionList": [], "helptext": "Primer oligos may not overlap any region specified in this tag. The associated value must be a space-separated list of (start),(end) pairs where (start) is the index of the first base of the excluded region, and (end) is the last. This tag is useful for tasks such as excluding regions of low sequence quality or for excluding regions containing repetitive elements such as ALUs or LINEs.\r\n\r\nE.g. 401,407 68,70 forbids selection of primers in the 7 bases starting at 401 and the 3 bases at 68.\r\n", "batch_bundle_files": false, "file_assignment": "none", "hidden": false, "id": 3045, "switch_use__display_text": "both"}, {"default_value": "", "mandatory": false, "use_output_filename__switch": null, "output_file": false, "possible_values": "", "rank": null, "switch_use__description": "Both the switch and the value will be passed in the argument list. They will be separated by a space.", "switch_use__formatstring": "%(switch)s %(value)s", "switch": "-forwardinput", "acceptedExtensionList": [], "helptext": "The sequence of a forward primer to check and around which to design reverse primers and optional internal oligos. Must be a substring of SEQUENCE.\r\n", "batch_bundle_files": false, "file_assignment": "none", "hidden": false, "id": 3046, "switch_use__display_text": "both"}, {"default_value": "", "mandatory": false, "use_output_filename__switch": null, "output_file": false, "possible_values": "", "rank": null, "switch_use__description": "Both the switch and the value will be passed in the argument list. They will be separated by a space.", "switch_use__formatstring": "%(switch)s %(value)s", "switch": "-reverseinput", "acceptedExtensionList": [], "helptext": "The sequence of a reverse primer to check and around which to design forward primers and optional internal oligos. Must be a substring of the reverse strand of SEQUENCE.\r\n", "batch_bundle_files": false, "file_assignment": "none", "hidden": false, "id": 3047, "switch_use__display_text": "both"}, {"default_value": "", "mandatory": false, "use_output_filename__switch": null, "output_file": false, "possible_values": "", "rank": null, "switch_use__description": "Both the switch and the value will be passed in the argument list. They will be separated by a space.", "switch_use__formatstring": "%(switch)s %(value)s", "switch": "-gcclamp", "acceptedExtensionList": [], "helptext": "Require the specified number of consecutive Gs and Cs at the 3' end of both the forward and reverse primer. (This parameter has no effect on the internal oligo if one is requested.)\r\n", "batch_bundle_files": false, "file_assignment": "none", "hidden": false, "id": 3048, "switch_use__display_text": "both"}, {"default_value": "", "mandatory": false, "use_output_filename__switch": null, "output_file": false, "possible_values": "", "rank": null, "switch_use__description": "Both the switch and the value will be passed in the argument list. They will be separated by a space.", "switch_use__formatstring": "%(switch)s %(value)s", "switch": "-osize", "acceptedExtensionList": [], "helptext": "Optimum length (in bases) of a primer oligo. EPrimer3 will attempt to pick primers close to this length. (Integer 0 or more).\r\n", "batch_bundle_files": false, "file_assignment": "none", "hidden": false, "id": 3049, "switch_use__display_text": "both"}, {"default_value": "", "mandatory": false, "use_output_filename__switch": null, "output_file": false, "possible_values": "", "rank": null, "switch_use__description": "Both the switch and the value will be passed in the argument list. They will be separated by a space.", "switch_use__formatstring": "%(switch)s %(value)s", "switch": "-minsize", "acceptedExtensionList": [], "helptext": "Minimum acceptable length of a primer. Must be greater than 0 and less than or equal to MAX-SIZE. (Integer 1 or more)\r\n", "batch_bundle_files": false, "file_assignment": "none", "hidden": false, "id": 3050, "switch_use__display_text": "both"}, {"default_value": "", "mandatory": false, "use_output_filename__switch": null, "output_file": false, "possible_values": "", "rank": null, "switch_use__description": "Both the switch and the value will be passed in the argument list. They will be separated by a space.", "switch_use__formatstring": "%(switch)s %(value)s", "switch": "-maxsize", "acceptedExtensionList": [], "helptext": "Maximum acceptable length (in bases) of a primer. Currently this parameter cannot be larger than 35. This limit is governed by the maximum oligo size for which EPrimer3's melting-temperature is valid. (Integer up to 35).\r\n", "batch_bundle_files": false, "file_assignment": "none", "hidden": false, "id": 3051, "switch_use__display_text": "both"}, {"default_value": "", "mandatory": false, "use_output_filename__switch": null, "output_file": false, "possible_values": "", "rank": null, "switch_use__description": "Both the switch and the value will be passed in the argument list. They will be separated by a space.", "switch_use__formatstring": "%(switch)s %(value)s", "switch": "-otm", "acceptedExtensionList": [], "helptext": "Optimum melting temperature(Celsius) for a primer oligo. EPrimer3 will try to pick primers with melting temperatures are close to this temperature. The oligo melting temperature formula in EPrimer3 is that given in Rychlik, Spencer and Rhoads, Nucleic Acids Research, vol 18, num 21, pp 6409-6412 and Breslauer, Frank, Bloecker and Marky, Proc. Natl. Acad. Sci. USA, vol 83, pp 3746-3750. Please refer to the former paper for background discussion. (Any numeric value).\r\n", "batch_bundle_files": false, "file_assignment": "none", "hidden": false, "id": 3052, "switch_use__display_text": "both"}, {"default_value": "", "mandatory": false, "use_output_filename__switch": null, "output_file": false, "possible_values": "", "rank": null, "switch_use__description": "Both the switch and the value will be passed in the argument list. They will be separated by a space.", "switch_use__formatstring": "%(switch)s %(value)s", "switch": "-mintm", "acceptedExtensionList": [], "helptext": "Minimum acceptable melting temperature(Celsius) for a primer oligo. \r\n", "batch_bundle_files": false, "file_assignment": "none", "hidden": false, "id": 3053, "switch_use__display_text": "both"}, {"default_value": "", "mandatory": false, "use_output_filename__switch": null, "output_file": false, "possible_values": "", "rank": null, "switch_use__description": "Both the switch and the value will be passed in the argument list. They will be separated by a space.", "switch_use__formatstring": "%(switch)s %(value)s", "switch": "-maxtm", "acceptedExtensionList": [], "helptext": "Maximum acceptable melting temperature(Celsius) for a primer oligo.\r\n", "batch_bundle_files": false, "file_assignment": "none", "hidden": false, "id": 3054, "switch_use__display_text": "both"}, {"default_value": "", "mandatory": false, "use_output_filename__switch": null, "output_file": false, "possible_values": "", "rank": null, "switch_use__description": "Both the switch and the value will be passed in the argument list. They will be separated by a space.", "switch_use__formatstring": "%(switch)s %(value)s", "switch": "-maxdifftm", "acceptedExtensionList": [], "helptext": "Maximum acceptable (unsigned) difference between the melting temperatures of the forward and reverse primers.\r\n", "batch_bundle_files": false, "file_assignment": "none", "hidden": false, "id": 3055, "switch_use__display_text": "both"}, {"default_value": "", "mandatory": false, "use_output_filename__switch": null, "output_file": false, "possible_values": "", "rank": null, "switch_use__description": "Both the switch and the value will be passed in the argument list. They will be separated by a space.", "switch_use__formatstring": "%(switch)s %(value)s", "switch": "-ogcpercent", "acceptedExtensionList": [], "helptext": "Primer optimum GC percent.", "batch_bundle_files": false, "file_assignment": "none", "hidden": false, "id": 3056, "switch_use__display_text": "both"}, {"default_value": "", "mandatory": false, "use_output_filename__switch": null, "output_file": false, "possible_values": "", "rank": null, "switch_use__description": "Both the switch and the value will be passed in the argument list. They will be separated by a space.", "switch_use__formatstring": "%(switch)s %(value)s", "switch": "-mingc", "acceptedExtensionList": [], "helptext": "Minimum allowable percentage of Gs and Cs in any primer.", "batch_bundle_files": false, "file_assignment": "none", "hidden": false, "id": 3057, "switch_use__display_text": "both"}, {"default_value": "", "mandatory": false, "use_output_filename__switch": null, "output_file": false, "possible_values": "", "rank": null, "switch_use__description": "Both the switch and the value will be passed in the argument list. They will be separated by a space.", "switch_use__formatstring": "%(switch)s %(value)s", "switch": "-maxgc", "acceptedExtensionList": [], "helptext": "Maximum allowable percentage of Gs and Cs in any primer generated by Primer.\r\n", "batch_bundle_files": false, "file_assignment": "none", "hidden": false, "id": 3058, "switch_use__display_text": "both"}, {"default_value": "", "mandatory": false, "use_output_filename__switch": null, "output_file": false, "possible_values": "", "rank": null, "switch_use__description": "Both the switch and the value will be passed in the argument list. They will be separated by a space.", "switch_use__formatstring": "%(switch)s %(value)s", "switch": "-saltconc", "acceptedExtensionList": [], "helptext": "The millimolar concentration of salt (usually KCl) in the PCR. EPrimer3 uses this argument to calculate oligo melting temperatures.\r\n", "batch_bundle_files": false, "file_assignment": "none", "hidden": false, "id": 3059, "switch_use__display_text": "both"}, {"default_value": "", "mandatory": false, "use_output_filename__switch": null, "output_file": false, "possible_values": "", "rank": null, "switch_use__description": "Both the switch and the value will be passed in the argument list. They will be separated by a space.", "switch_use__formatstring": "%(switch)s %(value)s", "switch": "-dnaconc", "acceptedExtensionList": [], "helptext": "The nanomolar concentration of annealing oligos in the PCR. EPrimer3 uses this argument to calculate oligo melting temperatures. The default (50nM) works well with the standard protocol used at the Whitehead/MIT Center for Genome Research--0.5 microliters of 20 micromolar concentration for each primer oligo in a 20 microliter reaction with 10 nanograms template, 0.025 units/microliter Taq polymerase in 0.1 mM each dNTP, 1.5mM MgCl2, 50mM KCl, 10mM Tris-HCL (pH 9.3) using 35 cycles with an annealing temperature of 56 degrees Celsius. This parameter corresponds to 'c' in Rychlik, Spencer and Rhoads' equation (ii) (Nucleic Acids Research, vol 18, num 21) where a suitable value (for a lower initial concentration of template) is 'empirically determined'. The value of this parameter is less than the actual concentration of oligos in the reaction because it is the concentration of annealing oligos, which in turn depends on the amount of template (including PCR product) in a given cycle. This concentration increases a great deal during a PCR; fortunately PCR seems quite robust for a variety of oligo melting temperatures. See ADVICE FOR PICKING PRIMERS.\r\n", "batch_bundle_files": false, "file_assignment": "none", "hidden": false, "id": 3060, "switch_use__display_text": "both"}, {"default_value": "", "mandatory": false, "use_output_filename__switch": null, "output_file": false, "possible_values": "", "rank": null, "switch_use__description": "Both the switch and the value will be passed in the argument list. They will be separated by a space.", "switch_use__formatstring": "%(switch)s %(value)s", "switch": "-maxpolyx", "acceptedExtensionList": [], "helptext": "The maximum allowable length of a mononucleotide repeat in a primer, for example AAAAAA. (Integer 0 or more).\r\n", "batch_bundle_files": false, "file_assignment": "none", "hidden": false, "id": 3061, "switch_use__display_text": "both"}, {"default_value": "", "mandatory": false, "use_output_filename__switch": null, "output_file": false, "possible_values": "", "rank": null, "switch_use__description": "Both the switch and the value will be passed in the argument list. They will be separated by a space.", "switch_use__formatstring": "%(switch)s %(value)s", "switch": "-psizeopt", "acceptedExtensionList": [], "helptext": "The optimum size for the PCR product. 0 indicates that there is no optimum product size. (Integer 0 or more).\r\n", "batch_bundle_files": false, "file_assignment": "none", "hidden": false, "id": 3062, "switch_use__display_text": "both"}, {"default_value": "", "mandatory": false, "use_output_filename__switch": null, "output_file": false, "possible_values": "", "rank": null, "switch_use__description": "Both the switch and the value will be passed in the argument list. They will be separated by a space.", "switch_use__formatstring": "%(switch)s %(value)s", "switch": "-prange", "acceptedExtensionList": [], "helptext": "The associated values specify the\r\nlengths of the product that the user wants\r\nthe primers to create, and is a space\r\nseparated list of elements of the form\r\n(x)-(y)\r\nwhere an (x)-(y) pair is a legal range of\r\nlengths for the product. For example, if one\r\nwants PCR products to be between 100 to 150\r\nbases (inclusive) then one would set this\r\nparameter to 100-150. If one desires PCR\r\nproducts in either the range from 100 to 150\r\nbases or in the range from 200 to 250 bases\r\nthen one would set this parameter to\r\n100-150 200-250.\r\nEPrimer3 favors ranges to the left side of\r\nthe parameter string. EPrimer3 will return\r\nlegal primers pairs in the first range\r\nregardless the value of the objective\r\nfunction for these pairs. Only if there are\r\nan insufficient number of primers in the\r\nfirst range will EPrimer3 return primers in\r\na subsequent range.\r\n", "batch_bundle_files": false, "file_assignment": "none", "hidden": false, "id": 3063, "switch_use__display_text": "both"}, {"default_value": "", "mandatory": false, "use_output_filename__switch": null, "output_file": false, "possible_values": "", "rank": null, "switch_use__description": "Both the switch and the value will be passed in the argument list. They will be separated by a space.", "switch_use__formatstring": "%(switch)s %(value)s", "switch": "-ptmopt", "acceptedExtensionList": [], "helptext": "The optimum melting temperature for\r\nthe PCR product. 0 indicates that there is\r\nno optimum temperature.", "batch_bundle_files": false, "file_assignment": "none", "hidden": false, "id": 3064, "switch_use__display_text": "both"}, {"default_value": "", "mandatory": false, "use_output_filename__switch": null, "output_file": false, "possible_values": "", "rank": null, "switch_use__description": "Both the switch and the value will be passed in the argument list. They will be separated by a space.", "switch_use__formatstring": "%(switch)s %(value)s", "switch": "-ptmin", "acceptedExtensionList": [], "helptext": "The minimum allowed melting temperature of the amplicon. Please see the documentation on the maximum melting temperature of the product for details.\r\n", "batch_bundle_files": false, "file_assignment": "none", "hidden": false, "id": 3065, "switch_use__display_text": "both"}, {"default_value": "", "mandatory": false, "use_output_filename__switch": null, "output_file": false, "possible_values": "", "rank": null, "switch_use__description": "Both the switch and the value will be passed in the argument list. They will be separated by a space.", "switch_use__formatstring": "%(switch)s %(value)s", "switch": "-ptmax", "acceptedExtensionList": [], "helptext": "The maximum allowed melting\r\ntemperature of the amplicon. Product Tm is\r\ncalculated using the formula from Bolton and\r\nMcCarthy, PNAS 84:1390 (1962) as presented\r\nin Sambrook, Fritsch and Maniatis, Molecular\r\nCloning, p 11.46 (1989, CSHL Press).\r\nTm = 81.5 + 16.6(log10([Na+])) + .41*(%GC) -\r\n600/length\r\nWhere [Na+} is the molar sodium\r\nconcentration, (%GC) is the percent of Gs\r\nand Cs in the sequence, and length is the\r\nlength of the sequence.\r\nA similar formula is used by the prime\r\nprimer selection program in GCG\r\nhttp://www.gcg.com), which instead uses\r\n675.0/length in the last term (after F.\r\nBaldino, Jr, M.-F. Chesselet, and M.E.\r\nLewis, Methods in Enzymology 168:766 (1989)\r\neqn (1) on page 766 without the mismatch and\r\nformamide terms). The formulas here and in\r\nBaldino et al. assume Na+ rather than K+.\r\nAccording to J.G. Wetmur, Critical Reviews\r\nin BioChem. and Mol. Bio. 26:227 (1991) 50\r\nmM K+ should be equivalent in these formulae\r\nto .2 M Na+. EPrimer3 uses the same salt\r\nconcentration value for calculating both the\r\nprimer melting temperature and the oligo\r\nmelting temperature. If you are planning to\r\nuse the PCR product for hybridization later\r\nthis behavior will not give you the Tm under\r\nhybridization conditions.", "batch_bundle_files": false, "file_assignment": "none", "hidden": false, "id": 3066, "switch_use__display_text": "both"}, {"default_value": "", "mandatory": false, "use_output_filename__switch": null, "output_file": false, "possible_values": "", "rank": null, "switch_use__description": "Both the switch and the value will be passed in the argument list. They will be separated by a space.", "switch_use__formatstring": "%(switch)s %(value)s", "switch": "-oexcludedregion", "acceptedExtensionList": [], "helptext": "Middle oligos may not\r\noverlap any region specified by this tag.\r\nThe associated value must be a\r\nspace-separated list of\r\n(start),(end)\r\npairs, where (start) is the index of the\r\nfirst base of an excluded region, and (end)\r\nis the last. Often one would make Target\r\nregions excluded regions for internal\r\noligos.\r\n", "batch_bundle_files": false, "file_assignment": "none", "hidden": false, "id": 3067, "switch_use__display_text": "both"}, {"default_value": "", "mandatory": false, "use_output_filename__switch": null, "output_file": false, "possible_values": "", "rank": null, "switch_use__description": "Both the switch and the value will be passed in the argument list. They will be separated by a space.", "switch_use__formatstring": "%(switch)s %(value)s", "switch": "-oligoinput", "acceptedExtensionList": [], "helptext": "The sequence of an internal oligo to check\r\nand around which to design forward and\r\nreverse primers. Must be a substring of\r\nSEQUENCE.\r\n", "batch_bundle_files": false, "file_assignment": "none", "hidden": false, "id": 3068, "switch_use__display_text": "both"}, {"default_value": "", "mandatory": false, "use_output_filename__switch": null, "output_file": false, "possible_values": "", "rank": null, "switch_use__description": "Both the switch and the value will be passed in the argument list. They will be separated by a space.", "switch_use__formatstring": "%(switch)s %(value)s", "switch": "-osizeopt", "acceptedExtensionList": [], "helptext": "Optimum length (in bases) of an\r\ninternal oligo. EPrimer3 will attempt to\r\npick primers close to this length. (Integer\r\n0 or more).\r\n", "batch_bundle_files": false, "file_assignment": "none", "hidden": false, "id": 3069, "switch_use__display_text": "both"}, {"default_value": "", "mandatory": false, "use_output_filename__switch": null, "output_file": false, "possible_values": "", "rank": null, "switch_use__description": "Both the switch and the value will be passed in the argument list. They will be separated by a space.", "switch_use__formatstring": "%(switch)s %(value)s", "switch": "-ominsize", "acceptedExtensionList": [], "helptext": "Minimum acceptable length of an\r\ninternal oligo. Must be greater than 0 and\r\nless than or equal to\r\nINTERNAL-OLIGO-MAX-SIZE. (Integer 0 or more).\r\n", "batch_bundle_files": false, "file_assignment": "none", "hidden": false, "id": 3070, "switch_use__display_text": "both"}, {"default_value": "", "mandatory": false, "use_output_filename__switch": null, "output_file": false, "possible_values": "", "rank": null, "switch_use__description": "Both the switch and the value will be passed in the argument list. They will be separated by a space.", "switch_use__formatstring": "%(switch)s %(value)s", "switch": "-omaxsize", "acceptedExtensionList": [], "helptext": "Maximum acceptable length (in bases) of\r\nan internal oligo. Currently this parameter\r\ncannot be larger than 35. This limit is\r\ngoverned by maximum oligo size for which\r\nEPrimer3's melting-temperature is valid.\r\n(Integer up to 35).\r\n", "batch_bundle_files": false, "file_assignment": "none", "hidden": false, "id": 3071, "switch_use__display_text": "both"}, {"default_value": "", "mandatory": false, "use_output_filename__switch": null, "output_file": false, "possible_values": "", "rank": null, "switch_use__description": "Both the switch and the value will be passed in the argument list. They will be separated by a space.", "switch_use__formatstring": "%(switch)s %(value)s", "switch": "-otmopt", "acceptedExtensionList": [], "helptext": "Optimum melting temperature (Celsius)\r\nfor an internal oligo. EPrimer3 will try to\r\npick oligos with melting temperatures that\r\nare close to this temperature. The oligo\r\nmelting temperature formula in EPrimer3 is\r\nthat given in Rychlik, Spencer and Rhoads,\r\nNucleic Acids Research, vol 18, num 21, pp\r\n6409-6412 and Breslauer, Frank, Bloecker and\r\nMarky, Proc. Natl. Acad. Sci. USA, vol 83,\r\npp 3746-3750. Please refer to the former\r\npaper for background discussion.", "batch_bundle_files": false, "file_assignment": "none", "hidden": false, "id": 3072, "switch_use__display_text": "both"}, {"default_value": "", "mandatory": false, "use_output_filename__switch": null, "output_file": false, "possible_values": "", "rank": null, "switch_use__description": "Both the switch and the value will be passed in the argument list. They will be separated by a space.", "switch_use__formatstring": "%(switch)s %(value)s", "switch": "-otmmin", "acceptedExtensionList": [], "helptext": "Minimum acceptable melting\r\ntemperature(Celsius) for an internal oligo.\r\n", "batch_bundle_files": false, "file_assignment": "none", "hidden": false, "id": 3073, "switch_use__display_text": "both"}, {"default_value": "", "mandatory": false, "use_output_filename__switch": null, "output_file": false, "possible_values": "", "rank": null, "switch_use__description": "Both the switch and the value will be passed in the argument list. They will be separated by a space.", "switch_use__formatstring": "%(switch)s %(value)s", "switch": "-otmmax", "acceptedExtensionList": [], "helptext": "Maximum acceptable melting temperature (Celsius) for an internal oligo.\r\n", "batch_bundle_files": false, "file_assignment": "none", "hidden": false, "id": 3074, "switch_use__display_text": "both"}, {"default_value": "", "mandatory": false, "use_output_filename__switch": null, "output_file": false, "possible_values": "", "rank": null, "switch_use__description": "Both the switch and the value will be passed in the argument list. They will be separated by a space.", "switch_use__formatstring": "%(switch)s %(value)s", "switch": "-ogcopt", "acceptedExtensionList": [], "helptext": "Internal oligo optimum GC percent.", "batch_bundle_files": false, "file_assignment": "none", "hidden": false, "id": 3075, "switch_use__display_text": "both"}, {"default_value": "", "mandatory": false, "use_output_filename__switch": null, "output_file": false, "possible_values": "", "rank": null, "switch_use__description": "Both the switch and the value will be passed in the argument list. They will be separated by a space.", "switch_use__formatstring": "%(switch)s %(value)s", "switch": "-ogcmin", "acceptedExtensionList": [], "helptext": "Minimum allowable percentage of Gs\r\nand Cs in an internal oligo. (Any numeric\r\nvalue).\r\n", "batch_bundle_files": false, "file_assignment": "none", "hidden": false, "id": 3076, "switch_use__display_text": "both"}, {"default_value": "", "mandatory": false, "use_output_filename__switch": null, "output_file": false, "possible_values": "", "rank": null, "switch_use__description": "Both the switch and the value will be passed in the argument list. They will be separated by a space.", "switch_use__formatstring": "%(switch)s %(value)s", "switch": "-ogcmax", "acceptedExtensionList": [], "helptext": "Maximum allowable percentage of Gs\r\nand Cs in any internal oligo generated by\r\nPrimer.\r\n", "batch_bundle_files": false, "file_assignment": "none", "hidden": false, "id": 3077, "switch_use__display_text": "both"}, {"default_value": "", "mandatory": false, "use_output_filename__switch": null, "output_file": false, "possible_values": "", "rank": null, "switch_use__description": "Both the switch and the value will be passed in the argument list. They will be separated by a space.", "switch_use__formatstring": "%(switch)s %(value)s", "switch": "-osaltconc", "acceptedExtensionList": [], "helptext": "The millimolar concentration of salt\r\n(usually KCl) in the hybridization. EPrimer3\r\nuses this argument to calculate internal\r\noligo melting temperatures.\r\n", "batch_bundle_files": false, "file_assignment": "none", "hidden": false, "id": 3078, "switch_use__display_text": "both"}, {"default_value": "", "mandatory": false, "use_output_filename__switch": null, "output_file": false, "possible_values": "", "rank": null, "switch_use__description": "Both the switch and the value will be passed in the argument list. They will be separated by a space.", "switch_use__formatstring": "%(switch)s %(value)s", "switch": "-odnaconc", "acceptedExtensionList": [], "helptext": "The nanomolar concentration of annealing internal oligo in the hybridization.\r\n", "batch_bundle_files": false, "file_assignment": "none", "hidden": false, "id": 3079, "switch_use__display_text": "both"}, {"default_value": "", "mandatory": false, "use_output_filename__switch": null, "output_file": false, "possible_values": "", "rank": null, "switch_use__description": "Both the switch and the value will be passed in the argument list. They will be separated by a space.", "switch_use__formatstring": "%(switch)s %(value)s", "switch": "-oanyself", "acceptedExtensionList": [], "helptext": "The maximum allowable local\r\nalignment score when testing an internal\r\noligo for (local) self-complementarity.\r\nLocal self-complementarity is taken to\r\npredict the tendency of oligos to anneal to\r\nthemselves The scoring system gives 1.00 for\r\ncomplementary bases, -0.25 for a match of\r\nany base (or N) with an N, -1.00 for a\r\nmismatch, and -2.00 for a gap. Only\r\nsingle-base-pair gaps are allowed. For\r\nexample, the alignment\r\n5' ATCGNA 3'\r\n|| | |\r\n3' TA-CGT 5'\r\nis allowed (and yields a score of 1.75), but\r\nthe alignment\r\n5' ATCCGNA 3'\r\n|| | |\r\n3' TA--CGT 5'\r\nis not considered. Scores are non-negative,\r\nand a score of 0.00 indicates that there is\r\nno reasonable local alignment between two\r\noligos. (Number up to 9999.990)\r\n", "batch_bundle_files": false, "file_assignment": "none", "hidden": false, "id": 3080, "switch_use__display_text": "both"}, {"default_value": "", "mandatory": false, "use_output_filename__switch": null, "output_file": false, "possible_values": "", "rank": null, "switch_use__description": "Both the switch and the value will be passed in the argument list. They will be separated by a space.", "switch_use__formatstring": "%(switch)s %(value)s", "switch": "-oendself", "acceptedExtensionList": [], "helptext": "The maximum allowable 3'-anchored\r\nglobal alignment score when testing a single\r\noligo for self-complementarity.\r\nThe scoring system is as for the Maximum\r\nComplementarity argument. In the examples\r\nabove the scores are 7.00 and 6.00\r\nrespectively. Scores are non-negative, and a\r\nscore of 0.00 indicates that there is no\r\nreasonable 3'-anchored global alignment\r\nbetween two oligos. In order to estimate\r\n3'-anchored global alignments for candidate\r\noligos, Primer assumes that the sequence\r\nfrom which to choose oligos is presented 5'\r\nto 3'.\r\nINTERNAL-OLIGO-SELF-END is meaningless when\r\napplied to internal oligos used for\r\nhybridization-based detection, since\r\nprimer-dimer will not occur. We recommend\r\nthat INTERNAL-OLIGO-SELF-END be set at least\r\nas high as INTERNAL-OLIGO-SELF-ANY. (Number\r\nup to 9999.990)\r\n", "batch_bundle_files": false, "file_assignment": "none", "hidden": false, "id": 3081, "switch_use__display_text": "both"}, {"default_value": "", "mandatory": false, "use_output_filename__switch": null, "output_file": false, "possible_values": "", "rank": null, "switch_use__description": "Both the switch and the value will be passed in the argument list. They will be separated by a space.", "switch_use__formatstring": "%(switch)s %(value)s", "switch": "-opolyxmax", "acceptedExtensionList": [], "helptext": "The maximum allowable length of an\r\ninternal oligo mononucleotide repeat, for\r\nexample AAAAAA.\r\n", "batch_bundle_files": false, "file_assignment": "none", "hidden": false, "id": 3082, "switch_use__display_text": "both"}, {"default_value": "", "mandatory": false, "use_output_filename__switch": null, "output_file": false, "possible_values": "", "rank": null, "switch_use__description": "Both the switch and the value will be passed in the argument list. They will be separated by a space.", "switch_use__formatstring": "%(switch)s %(value)s", "switch": "-omishybmax", "acceptedExtensionList": [], "helptext": "Similar to MAX-MISPRIMING except that\r\nthis parameter applies to the similarity of\r\ncandidate internal oligos to the library\r\nspecified in INTERNAL-OLIGO-MISHYB-LIBRARY.\r\n(Number up to 9999.990)\r\n", "batch_bundle_files": false, "file_assignment": "none", "hidden": false, "id": 3083, "switch_use__display_text": "both"}], "accepts_input": true, "job_type": "single", "enabled": true, "cpus": "", "fs_backend": "nullbackend", "queue": "normal", "module": "primer3,emboss", "max_memory": null, "inputExtensions": ["*.fna", "*.ffn", "*.fasta", "*.fa", "*.faa", "*.frn"], "path": "eprimer3", "backend": "nullbackend", "walltime": "", "description": "Picks PCR primers and hybridization oligos."}}