{"tool": {"outputExtensions": [{"must_be_larger_than": null, "must_exist": null, "file_extension__pattern": "*.fa"}], "display_name": "extractseq", "name": "extractseq", "parameter_list": [{"default_value": "", "mandatory": true, "use_output_filename__switch": null, "output_file": false, "possible_values": "", "rank": null, "switch_use__description": "Both the switch and the value will be passed in the argument list. They will be separated by a space.", "switch_use__formatstring": "%(switch)s %(value)s", "switch": "-sequence", "acceptedExtensionList": ["*.seq", "*.fna", "*.faa", "*.fa"], "helptext": "Sequence filename and optional format, or reference (input USA).", "batch_bundle_files": false, "file_assignment": "batch", "hidden": false, "id": 1632, "switch_use__display_text": "both"}, {"default_value": "extractseq.fa", "mandatory": true, "use_output_filename__switch": null, "output_file": false, "possible_values": "", "rank": null, "switch_use__description": "Both the switch and the value will be passed in the argument list. They will be separated by a space.", "switch_use__formatstring": "%(switch)s %(value)s", "switch": "-outseq", "acceptedExtensionList": [], "helptext": "Sequence set(s) filename and optional format (output USA).\r\n", "batch_bundle_files": false, "file_assignment": "none", "hidden": false, "id": 1633, "switch_use__display_text": "both"}, {"default_value": "", "mandatory": true, "use_output_filename__switch": null, "output_file": false, "possible_values": "", "rank": null, "switch_use__description": "Both the switch and the value will be passed in the argument list. They will be separated by a space.", "switch_use__formatstring": "%(switch)s %(value)s", "switch": "-regions", "acceptedExtensionList": [], "helptext": "Regions to extract. A set of regions is specified by a set of pairs of positions. The positions are integers. They are separated by any non-digit, non-alpha character.\r\nExamples of region specifications are:\r\n24-45, 56-78\r\n1:45, 67=99;765..888\r\n1,5,8,10,23,45,57,99", "batch_bundle_files": false, "file_assignment": "none", "hidden": false, "id": 1634, "switch_use__display_text": "both"}, {"default_value": "N", "mandatory": false, "use_output_filename__switch": null, "output_file": false, "possible_values": {"value": [{"display": "No", "value": "N"}, {"display": "Yes", "value": "Y"}]}, "rank": null, "switch_use__description": "Both the switch and the value will be passed in the argument list. They will be separated by a space.", "switch_use__formatstring": "%(switch)s %(value)s", "switch": "-separate", "acceptedExtensionList": [], "helptext": "If this is set true then each specified region is written out as a separate sequence. The name of the sequence is created from the name of the original sequence with the start and end positions of the range appended with underscore characters between them, eg: XYZ region 2 to 34 is written as: XYZ_2_34\r\n", "batch_bundle_files": false, "file_assignment": "none", "hidden": false, "id": 1635, "switch_use__display_text": "both"}], "accepts_input": true, "job_type": "single", "enabled": true, "cpus": "", "fs_backend": "nullbackend", "queue": "normal", "module": "emboss", "max_memory": null, "inputExtensions": ["*.seq", "*.fna", "*.faa", "*.fa"], "path": "extractseq", "backend": "nullbackend", "walltime": "", "description": "Allows you to specify one or more regions of a sequence to extract sub-sequences from to build up a contiguous resulting sequence."}}