{"tool": {"outputExtensions": [{"must_be_larger_than": null, "must_exist": false, "file_extension__pattern": "*.fa"}], "display_name": "fastacmd", "name": "fastacmd", "parameter_list": [{"default_value": "nr", "mandatory": true, "use_output_filename__switch": null, "output_file": false, "possible_values": {"value": [{"display": "env_nt", "value": "env_nt"}, {"display": "est_human", "value": "est_human"}, {"display": "est_mouse", "value": "est_mouse"}, {"display": "est_others", "value": "est_others"}, {"display": "est", "value": "est"}, {"display": "gss", "value": "gss"}, {"display": "htgs", "value": "htgs"}, {"display": "human_genomic", "value": "human_genomic"}, {"display": "nt", "value": "nt"}, {"display": "patnt", "value": "patnt"}, {"display": "refseq_genomic", "value": "refseq_genomic"}, {"display": "refseq_rna", "value": "refseq_rna"}, {"display": "sts", "value": "sts"}, {"display": "wgs", "value": "wgs"}, {"display": "env_nr", "value": "env_nr"}, {"display": "nr", "value": "nr"}, {"display": "pataa", "value": "pataa"}, {"display": "refseq_protein", "value": "refseq_protein"}]}, "rank": null, "switch_use__description": "Both the switch and the value will be passed in the argument list. They will be separated by a space.", "switch_use__formatstring": "%(switch)s %(value)s", "switch": "-d", "acceptedExtensionList": ["*.fa"], "helptext": "", "batch_bundle_files": false, "file_assignment": "none", "hidden": false, "id": 2941, "switch_use__display_text": "both"}, {"default_value": "", "mandatory": false, "use_output_filename__switch": null, "output_file": false, "possible_values": "", "rank": null, "switch_use__description": "Both the switch and the value will be passed in the argument list. They will be separated by a space.", "switch_use__formatstring": "%(switch)s %(value)s", "switch": "-s", "acceptedExtensionList": [], "helptext": "Comma-delimited search string(s). GIs, accessions, loci, or fullSeq-id strings may be used, e.g. 555, AC147927.", "batch_bundle_files": false, "file_assignment": "none", "hidden": false, "id": 2942, "switch_use__display_text": "both"}, {"default_value": "", "mandatory": false, "use_output_filename__switch": null, "output_file": false, "possible_values": "", "rank": null, "switch_use__description": "Both the switch and the value will be passed in the argument list. They will be separated by a space.", "switch_use__formatstring": "%(switch)s %(value)s", "switch": "-i", "acceptedExtensionList": ["*.txt"], "helptext": "Input file with GIs/accessions/loci for batch retrieval.", "batch_bundle_files": false, "file_assignment": "batch", "hidden": false, "id": 2943, "switch_use__display_text": "both"}, {"default_value": "output.fa", "mandatory": true, "use_output_filename__switch": null, "output_file": true, "possible_values": "", "rank": null, "switch_use__description": "Both the switch and the value will be passed in the argument list. They will be separated by a space.", "switch_use__formatstring": "%(switch)s %(value)s", "switch": "-o", "acceptedExtensionList": [], "helptext": "Output file to contain sequences.", "batch_bundle_files": false, "file_assignment": "none", "hidden": false, "id": 2945, "switch_use__display_text": "both"}, {"default_value": "", "mandatory": false, "use_output_filename__switch": null, "output_file": false, "possible_values": "", "rank": null, "switch_use__description": "Only the switch will be passed in the argument list.", "switch_use__formatstring": "%(switch)s", "switch": "-I", "acceptedExtensionList": [], "helptext": "Print database information only (overrides all other options).", "batch_bundle_files": false, "file_assignment": "none", "hidden": false, "id": 2946, "switch_use__display_text": "switchOnly"}, {"default_value": "", "mandatory": false, "use_output_filename__switch": null, "output_file": false, "possible_values": "", "rank": null, "switch_use__description": "Only the switch will be passed in the argument list.", "switch_use__formatstring": "%(switch)s", "switch": "-a", "acceptedExtensionList": [], "helptext": "Retrieve duplicate accessions.", "batch_bundle_files": false, "file_assignment": "none", "hidden": false, "id": 2947, "switch_use__display_text": "switchOnly"}, {"default_value": "", "mandatory": false, "use_output_filename__switch": null, "output_file": false, "possible_values": "", "rank": null, "switch_use__description": "Only the switch will be passed in the argument list.", "switch_use__formatstring": "%(switch)s", "switch": "-t", "acceptedExtensionList": [], "helptext": "Definition line should contain target gi only.", "batch_bundle_files": false, "file_assignment": "none", "hidden": false, "id": 2948, "switch_use__display_text": "switchOnly"}], "accepts_input": true, "job_type": "single", "enabled": true, "cpus": "", "fs_backend": "nullbackend", "queue": "testing", "module": "blast", "max_memory": null, "inputExtensions": ["*.txt", "*.fa"], "path": "fastacmd", "backend": "nullbackend", "walltime": "", "description": "Work with a formatted BLAST database for non-sequence alignment purposes. Includes dumping of FASTA sequences, getting summary information, retrieving specific sequence or subsequence, and the extracting the taxonomic information for specific entries."}}