{"tool": {"outputExtensions": [{"must_be_larger_than": 26, "must_exist": null, "file_extension__pattern": "*.fa"}], "display_name": "select fasta", "name": "fetchfastarecord", "parameter_list": [{"default_value": "output.fa", "mandatory": true, "use_output_filename__switch": null, "output_file": true, "possible_values": "", "rank": 1, "switch_use__description": "Both the switch and the value will be passed in the argument list. They will be separated by a space.", "switch_use__formatstring": "%(switch)s %(value)s", "switch": "-o", "acceptedExtensionList": [], "helptext": "", "batch_bundle_files": false, "file_assignment": "none", "hidden": false, "id": 2709, "switch_use__display_text": "both"}, {"default_value": "", "mandatory": false, "use_output_filename__switch": null, "output_file": false, "possible_values": null, "rank": null, "switch_use__description": "Only the switch will be passed in the argument list.", "switch_use__formatstring": "%(switch)s", "switch": "-k", "acceptedExtensionList": [], "helptext": null, "batch_bundle_files": false, "file_assignment": "none", "hidden": false, "id": 2710, "switch_use__display_text": "switchOnly"}, {"default_value": "", "mandatory": true, "use_output_filename__switch": null, "output_file": false, "possible_values": "", "rank": null, "switch_use__description": "Fetches a fasta format file for accession number from Genbank cache.", "switch_use__formatstring": "https://ccg.murdoch.edu.au/tools/genbank/fasta/acc/%(value)s", "switch": "accession", "acceptedExtensionList": [], "helptext": "", "batch_bundle_files": false, "file_assignment": "none", "hidden": false, "id": 2711, "switch_use__display_text": "ccg_fasta_fetch_acc"}], "accepts_input": false, "job_type": "single", "enabled": true, "cpus": "", "fs_backend": "nullbackend", "queue": "normal", "module": "", "max_memory": null, "inputExtensions": [], "path": "curl", "backend": "nullbackend", "walltime": "", "description": "Download fasta record for the supplied accession or GI number."}}