{"tool": {"outputExtensions": [], "display_name": "formatdb", "name": "formatdb", "parameter_list": [{"default_value": "", "mandatory": false, "use_output_filename__switch": null, "output_file": false, "possible_values": "", "rank": null, "switch_use__description": "Both the switch and the value will be passed in the argument list. They will be separated by a space.", "switch_use__formatstring": "%(switch)s %(value)s", "switch": "-t", "acceptedExtensionList": [], "helptext": "Title for database file.", "batch_bundle_files": false, "file_assignment": "none", "hidden": false, "id": 2825, "switch_use__display_text": "both"}, {"default_value": "", "mandatory": false, "use_output_filename__switch": null, "output_file": false, "possible_values": "", "rank": null, "switch_use__description": "Both the switch and the value will be passed in the argument list. They will be separated by a space.", "switch_use__formatstring": "%(switch)s %(value)s", "switch": "-i", "acceptedExtensionList": [], "helptext": "", "batch_bundle_files": false, "file_assignment": "none", "hidden": false, "id": 2826, "switch_use__display_text": "both"}], "accepts_input": true, "job_type": "", "enabled": true, "cpus": "", "fs_backend": "nullbackend", "queue": "", "module": "blast", "max_memory": null, "inputExtensions": [], "path": "formatdb", "backend": "nullbackend", "walltime": "", "description": "Format protein or nucleotide databases in Fasta or ASN.1 format for BLAST."}}