{"tool": {"outputExtensions": [{"must_be_larger_than": null, "must_exist": true, "file_extension__pattern": "*.xml"}], "display_name": "get sequence", "name": "genbankfetch", "parameter_list": [{"default_value": "", "mandatory": true, "use_output_filename__switch": null, "output_file": false, "possible_values": "", "rank": 1, "switch_use__description": "Only the value will be passed in the argument list (ie. the switch won't be used)", "switch_use__formatstring": "%(value)s", "switch": "inputFiles", "acceptedExtensionList": ["*.xml"], "helptext": null, "batch_bundle_files": false, "file_assignment": "batch", "hidden": false, "id": 1588, "switch_use__display_text": "valueOnly"}], "accepts_input": true, "job_type": "", "enabled": true, "cpus": "", "fs_backend": "nullbackend", "queue": "", "module": "yabi-tools/andrew", "max_memory": null, "inputExtensions": ["*.xml"], "path": "ccg-genbankfetch", "backend": "nullbackend", "walltime": "", "description": "Accepts yabixml and fetches sequence from genbank. This tool only accepts and produces yabixml for use with other Yabi tools."}}