{"tool": {"outputExtensions": [{"must_be_larger_than": null, "must_exist": false, "file_extension__pattern": "*.genemark"}], "display_name": "genemark", "name": "genemark", "parameter_list": [{"default_value": "", "mandatory": true, "use_output_filename__switch": null, "output_file": false, "possible_values": "", "rank": 99, "switch_use__description": "Only the value will be passed in the argument list (ie. the switch won't be used)", "switch_use__formatstring": "%(value)s", "switch": "sequence", "acceptedExtensionList": ["*.fna", "*.ffn", "*.fasta", "*.fa", "*.faa", "*.frn"], "helptext": "Input sequence file.", "batch_bundle_files": false, "file_assignment": "batch", "hidden": false, "id": 3124, "switch_use__display_text": "valueOnly"}, {"default_value": "", "mandatory": true, "use_output_filename__switch": null, "output_file": false, "possible_values": {"value": [{"display": "Escherichia_coli_CFT073", "value": "/opt/genemark/2.5f/model/Escherichia_coli_CFT073.mod"}, {"display": "Escherichia_coli_K12", "value": "/opt/genemark/2.5f/model/Escherichia_coli_K12.mod"}, {"display": "Escherichia_coli_O157H7.", "value": "/opt/genemark/2.5f/model/Escherichia_coli_O157H7.mod"}, {"display": "Escherichia_coli_O157H7_EDL933", "value": "/opt/genemark/2.5f/model/Escherichia_coli_O157H7_EDL933.mod"}, {"display": "Escherichia_coli_O157H7_plasmid_pO157", "value": "/opt/genemark/2.5f/model/Escherichia_coli_O157H7_plasmid_pO157.mod"}]}, "rank": null, "switch_use__description": "Both the switch and the value will be passed in the argument list. They will be separated by a space.", "switch_use__formatstring": "%(switch)s %(value)s", "switch": "-m", "acceptedExtensionList": [], "helptext": "Name of parameter model file to use.", "batch_bundle_files": false, "file_assignment": "none", "hidden": false, "id": 3125, "switch_use__display_text": "both"}, {"default_value": "output.genemark", "mandatory": true, "use_output_filename__switch": null, "output_file": true, "possible_values": "", "rank": 1, "switch_use__description": "Both the switch and the value will be passed in the argument list. They will be separated by a space.", "switch_use__formatstring": "%(switch)s %(value)s", "switch": "-o", "acceptedExtensionList": [], "helptext": "Output file.", "batch_bundle_files": false, "file_assignment": "none", "hidden": false, "id": 3126, "switch_use__display_text": "both"}, {"default_value": "", "mandatory": false, "use_output_filename__switch": null, "output_file": false, "possible_values": "", "rank": 1, "switch_use__description": "Only the switch will be passed in the argument list.", "switch_use__formatstring": "%(switch)s", "switch": "-r", "acceptedExtensionList": [], "helptext": "Use RBS parameters for gene start prediction.", "batch_bundle_files": false, "file_assignment": "none", "hidden": false, "id": 3127, "switch_use__display_text": "switchOnly"}, {"default_value": "", "mandatory": false, "use_output_filename__switch": null, "output_file": false, "possible_values": "", "rank": 1, "switch_use__description": "Both the switch and the value will be passed in the argument list. They will be separated by a space.", "switch_use__formatstring": "%(switch)s %(value)s", "switch": "-i", "acceptedExtensionList": [], "helptext": "Initial probability of noncoding state. (Number)", "batch_bundle_files": false, "file_assignment": "none", "hidden": false, "id": 3128, "switch_use__display_text": "both"}, {"default_value": "1", "mandatory": false, "use_output_filename__switch": null, "output_file": false, "possible_values": {"value": [{"display": "Gene overlap allowed", "value": "1"}, {"display": "Gene overlap prohibited", "value": "0"}]}, "rank": null, "switch_use__description": "Both the switch and the value will be passed in the argument list. They will be separated by a space.", "switch_use__formatstring": "%(switch)s %(value)s", "switch": "-p", "acceptedExtensionList": [], "helptext": "Is gene overlap allowed.", "batch_bundle_files": false, "file_assignment": "none", "hidden": false, "id": 3129, "switch_use__display_text": "both"}, {"default_value": "", "mandatory": false, "use_output_filename__switch": null, "output_file": false, "possible_values": "", "rank": 1, "switch_use__description": "Only the switch will be passed in the argument list.", "switch_use__formatstring": "%(switch)s", "switch": "-n", "acceptedExtensionList": [], "helptext": "Turn OFF partial gene prediction at long substrings of 'N'.", "batch_bundle_files": false, "file_assignment": "none", "hidden": false, "id": 3130, "switch_use__display_text": "switchOnly"}, {"default_value": "", "mandatory": false, "use_output_filename__switch": null, "output_file": false, "possible_values": "", "rank": 1, "switch_use__description": "Only the switch will be passed in the argument list.", "switch_use__formatstring": "%(switch)s", "switch": "-a", "acceptedExtensionList": [], "helptext": "Write predicted protein sequence.", "batch_bundle_files": false, "file_assignment": "none", "hidden": false, "id": 3131, "switch_use__display_text": "switchOnly"}, {"default_value": "", "mandatory": false, "use_output_filename__switch": null, "output_file": false, "possible_values": "", "rank": 1, "switch_use__description": "Only the switch will be passed in the argument list.", "switch_use__formatstring": "%(switch)s", "switch": "-d", "acceptedExtensionList": [], "helptext": "Write nucleotide sequence of predicted genes.", "batch_bundle_files": false, "file_assignment": "none", "hidden": false, "id": 3132, "switch_use__display_text": "switchOnly"}, {"default_value": "", "mandatory": false, "use_output_filename__switch": null, "output_file": false, "possible_values": "", "rank": 1, "switch_use__description": "Only the switch will be passed in the argument list.", "switch_use__formatstring": "%(switch)s", "switch": "-k", "acceptedExtensionList": [], "helptext": "Output RBS score.", "batch_bundle_files": false, "file_assignment": "none", "hidden": false, "id": 3133, "switch_use__display_text": "switchOnly"}, {"default_value": ".", "mandatory": false, "use_output_filename__switch": null, "output_file": false, "possible_values": {"value": [{"display": "d", "value": "d"}, {"display": "r", "value": "r"}, {"display": ".", "value": "."}]}, "rank": null, "switch_use__description": "Both the switch and the value will be passed in the argument list. They will be separated by a space.", "switch_use__formatstring": "%(switch)s %(value)s", "switch": "-s", "acceptedExtensionList": [], "helptext": "Strand to predict genes in.", "batch_bundle_files": false, "file_assignment": "none", "hidden": false, "id": 3134, "switch_use__display_text": "both"}], "accepts_input": true, "job_type": "single", "enabled": true, "cpus": "", "fs_backend": "nullbackend", "queue": "normal", "module": "genemark", "max_memory": null, "inputExtensions": ["*.fna", "*.ffn", "*.fasta", "*.fa", "*.faa", "*.frn"], "path": "gmhmmp", "backend": "nullbackend", "walltime": "", "description": "Prokaryote gene prediction program."}}