{"tool": {"outputExtensions": [{"must_be_larger_than": null, "must_exist": false, "file_extension__pattern": "*.txt"}], "display_name": "genemarkhmm", "name": "genemarkhmm", "parameter_list": [{"default_value": "", "mandatory": true, "use_output_filename__switch": null, "output_file": false, "possible_values": "", "rank": 99, "switch_use__description": "Only the value will be passed in the argument list (ie. the switch won't be used)", "switch_use__formatstring": "%(value)s", "switch": "sequence", "acceptedExtensionList": ["*.fna", "*.ffn", "*.fasta", "*.fa", "*.faa", "*.frn"], "helptext": "Input sequence file.", "batch_bundle_files": false, "file_assignment": "batch", "hidden": false, "id": 3135, "switch_use__display_text": "valueOnly"}, {"default_value": "", "mandatory": true, "use_output_filename__switch": null, "output_file": false, "possible_values": {"value": [{"display": "a_gambiae", "value": "$MATPATH/a_gambiae.mod"}, {"display": "a_thaliana", "value": "$MATPATH/a_thaliana.mod"}, {"display": "c_elegans", "value": "$MATPATH/c_elegans.mod"}, {"display": "c_reinhardtii", "value": "$MATPATH/c_reinhardtii.mod"}, {"display": "d_melanogaster", "value": "$MATPATH/d_melanogaster.mod"}, {"display": "o_sativa", "value": "$MATPATH/o_sativa.mod"}]}, "rank": 1, "switch_use__description": "Both the switch and the value will be passed in the argument list. They will be separated by a space.", "switch_use__formatstring": "%(switch)s %(value)s", "switch": "-m", "acceptedExtensionList": [], "helptext": "Name of model file to use.", "batch_bundle_files": false, "file_assignment": "none", "hidden": false, "id": 3136, "switch_use__display_text": "both"}, {"default_value": "output.txt", "mandatory": true, "use_output_filename__switch": null, "output_file": true, "possible_values": "", "rank": 1, "switch_use__description": "Both the switch and the value will be passed in the argument list. They will be separated by a space.", "switch_use__formatstring": "%(switch)s %(value)s", "switch": "-o", "acceptedExtensionList": [], "helptext": "Output file.", "batch_bundle_files": false, "file_assignment": "none", "hidden": false, "id": 3137, "switch_use__display_text": "both"}, {"default_value": "", "mandatory": false, "use_output_filename__switch": null, "output_file": false, "possible_values": "", "rank": 1, "switch_use__description": "Only the switch will be passed in the argument list.", "switch_use__formatstring": "%(switch)s", "switch": "-p", "acceptedExtensionList": [], "helptext": "Print proteins.", "batch_bundle_files": false, "file_assignment": "none", "hidden": false, "id": 3138, "switch_use__display_text": "switchOnly"}], "accepts_input": true, "job_type": "single", "enabled": true, "cpus": "", "fs_backend": "nullbackend", "queue": "normal", "module": "genemarkhmm", "max_memory": null, "inputExtensions": ["*.fna", "*.ffn", "*.fasta", "*.fa", "*.faa", "*.frn"], "path": "gmhmme3", "backend": "nullbackend", "walltime": "", "description": "Eukkaryote gene prediction program. "}}