{"tool": {"outputExtensions": [{"must_be_larger_than": null, "must_exist": false, "file_extension__pattern": "*.genscan"}], "display_name": "genscan", "name": "genscan", "parameter_list": [{"default_value": "HumanIso.smat", "mandatory": true, "use_output_filename__switch": null, "output_file": false, "possible_values": {"value": [{"display": "HumanIso", "value": "/opt/genscan/1.0/lib/HumanIso.smat"}, {"display": "Maize", "value": "/opt/genscan/1.0/lib/Maize.smat"}, {"display": "Arabidopsis", "value": "/opt/genscan/1.0/lib/Arabidopsis.smat"}]}, "rank": 1, "switch_use__description": "Only the value will be passed in the argument list (ie. the switch won't be used)", "switch_use__formatstring": "%(value)s", "switch": "parfname", "acceptedExtensionList": [], "helptext": "Parameter file for organism.", "batch_bundle_files": false, "file_assignment": "none", "hidden": false, "id": 3146, "switch_use__display_text": "valueOnly"}, {"default_value": "", "mandatory": true, "use_output_filename__switch": null, "output_file": false, "possible_values": "", "rank": 2, "switch_use__description": "Only the value will be passed in the argument list (ie. the switch won't be used)", "switch_use__formatstring": "%(value)s", "switch": "seqfname", "acceptedExtensionList": ["*.fna", "*.masked", "*.ffn", "*.fasta", "*.fa", "*.faa", "*.frn"], "helptext": "Input sequence file.", "batch_bundle_files": false, "file_assignment": "batch", "hidden": false, "id": 3147, "switch_use__display_text": "valueOnly"}, {"default_value": "", "mandatory": false, "use_output_filename__switch": null, "output_file": false, "possible_values": "", "rank": 3, "switch_use__description": "Only the switch will be passed in the argument list.", "switch_use__formatstring": "%(switch)s", "switch": "-v", "acceptedExtensionList": [], "helptext": "Verbose output - extra explanatory information.", "batch_bundle_files": false, "file_assignment": "none", "hidden": false, "id": 3148, "switch_use__display_text": "switchOnly"}, {"default_value": "", "mandatory": false, "use_output_filename__switch": null, "output_file": false, "possible_values": "", "rank": 3, "switch_use__description": "Only the switch will be passed in the argument list.", "switch_use__formatstring": "%(switch)s", "switch": "-cds", "acceptedExtensionList": [], "helptext": "Print predicted coding sequences (nucleic acid).", "batch_bundle_files": false, "file_assignment": "none", "hidden": false, "id": 3149, "switch_use__display_text": "switchOnly"}, {"default_value": "", "mandatory": false, "use_output_filename__switch": null, "output_file": false, "possible_values": "", "rank": 5, "switch_use__description": "Only the switch will be passed in the argument list.", "switch_use__formatstring": "%(switch)s", "switch": "-subopt", "acceptedExtensionList": [], "helptext": "Display suboptimal exons with P > cutoff.", "batch_bundle_files": false, "file_assignment": "none", "hidden": false, "id": 3150, "switch_use__display_text": "switchOnly"}, {"default_value": "", "mandatory": false, "use_output_filename__switch": null, "output_file": false, "possible_values": "", "rank": 6, "switch_use__description": "Only the value will be passed in the argument list (ie. the switch won't be used)", "switch_use__formatstring": "%(value)s", "switch": "cutoff", "acceptedExtensionList": [], "helptext": "Suboptimal exon probability cutoff (minimum: 0.01)", "batch_bundle_files": false, "file_assignment": "none", "hidden": false, "id": 3151, "switch_use__display_text": "valueOnly"}, {"default_value": "", "mandatory": false, "use_output_filename__switch": null, "output_file": false, "possible_values": "", "rank": 7, "switch_use__description": "Only the switch will be passed in the argument list.", "switch_use__formatstring": "%(switch)s", "switch": "-ps", "acceptedExtensionList": [], "helptext": "Create Postscript output.", "batch_bundle_files": false, "file_assignment": "none", "hidden": false, "id": 3152, "switch_use__display_text": "switchOnly"}, {"default_value": "", "mandatory": false, "use_output_filename__switch": null, "output_file": true, "possible_values": "", "rank": 8, "switch_use__description": "Only the value will be passed in the argument list (ie. the switch won't be used)", "switch_use__formatstring": "%(value)s", "switch": "psfname", "acceptedExtensionList": [], "helptext": "Filename for PostScript output.", "batch_bundle_files": false, "file_assignment": "none", "hidden": false, "id": 3153, "switch_use__display_text": "valueOnly"}, {"default_value": "", "mandatory": false, "use_output_filename__switch": null, "output_file": false, "possible_values": "", "rank": 9, "switch_use__description": "Only the value will be passed in the argument list (ie. the switch won't be used)", "switch_use__formatstring": "%(value)s", "switch": "scale", "acceptedExtensionList": [], "helptext": "Scale for PostScript output (bp per line).", "batch_bundle_files": false, "file_assignment": "none", "hidden": false, "id": 3154, "switch_use__display_text": "valueOnly"}, {"default_value": "output.genscan", "mandatory": true, "use_output_filename__switch": null, "output_file": true, "possible_values": "", "rank": 99, "switch_use__description": "Use this to redirect the output of stdout into a file.", "switch_use__formatstring": ">%(value)s", "switch": "outfile", "acceptedExtensionList": [], "helptext": "The name of the output file.", "batch_bundle_files": false, "file_assignment": "none", "hidden": false, "id": 3155, "switch_use__display_text": "redirect"}], "accepts_input": true, "job_type": "single", "enabled": true, "cpus": "", "fs_backend": "nullbackend", "queue": "normal", "module": "genscan", "max_memory": null, "inputExtensions": ["*.fna", "*.masked", "*.ffn", "*.fasta", "*.fa", "*.faa", "*.frn"], "path": "genscan", "backend": "nullbackend", "walltime": "", "description": "Genscan predicts the locations and exon-intron structures of genes in eukaryote genomic sequences."}}