{"tool": {"outputExtensions": [{"must_be_larger_than": null, "must_exist": false, "file_extension__pattern": "*.faa"}, {"must_be_larger_than": null, "must_exist": false, "file_extension__pattern": "*.fna"}], "display_name": "genscan2fasta", "name": "genscan2fasta", "parameter_list": [{"default_value": "", "mandatory": true, "use_output_filename__switch": null, "output_file": false, "possible_values": "", "rank": null, "switch_use__description": "Only the value will be passed in the argument list (ie. the switch won't be used)", "switch_use__formatstring": "%(value)s", "switch": "inputFile", "acceptedExtensionList": ["*.genscan"], "helptext": "", "batch_bundle_files": false, "file_assignment": "batch", "hidden": false, "id": 3701, "switch_use__display_text": "valueOnly"}], "accepts_input": true, "job_type": "single", "enabled": true, "cpus": "", "fs_backend": "nullbackend", "queue": "normal", "module": "bioperl,yabi-tools/andrew", "max_memory": null, "inputExtensions": ["*.genscan"], "path": "ccg_genscan2fasta.pl", "backend": "nullbackend", "walltime": "", "description": "Extracts fasta sequence files from genscan results."}}