{"tool": {"outputExtensions": [{"must_be_larger_than": null, "must_exist": false, "file_extension__pattern": "*.longorfs"}, {"must_be_larger_than": null, "must_exist": false, "file_extension__pattern": "*.icm"}, {"must_be_larger_than": null, "must_exist": false, "file_extension__pattern": "*.detail"}, {"must_be_larger_than": null, "must_exist": false, "file_extension__pattern": "*.predict"}, {"must_be_larger_than": null, "must_exist": false, "file_extension__pattern": "*.train"}], "display_name": "glimmer", "name": "glimmer", "parameter_list": [{"default_value": "", "mandatory": true, "use_output_filename__switch": null, "output_file": false, "possible_values": "", "rank": 1, "switch_use__description": "Only the value will be passed in the argument list (ie. the switch won't be used)", "switch_use__formatstring": "%(value)s", "switch": "genome", "acceptedExtensionList": ["*.fna", "*.masked", "*.ffn", "*.fasta", "*.fa", "*.faa", "*.frn"], "helptext": "Sequence in file.", "batch_bundle_files": false, "file_assignment": "batch", "hidden": false, "id": 3105, "switch_use__display_text": "valueOnly"}, {"default_value": "", "mandatory": true, "use_output_filename__switch": null, "output_file": false, "possible_values": "", "rank": 2, "switch_use__description": "Only the value will be passed in the argument list (ie. the switch won't be used)", "switch_use__formatstring": "%(value)s", "switch": "tag", "acceptedExtensionList": [], "helptext": "Tag to prefix output files with.", "batch_bundle_files": false, "file_assignment": "none", "hidden": false, "id": 3106, "switch_use__display_text": "valueOnly"}], "accepts_input": true, "job_type": "single", "enabled": true, "cpus": "", "fs_backend": "nullbackend", "queue": "normal", "module": "glimmer/3.02", "max_memory": null, "inputExtensions": ["*.fna", "*.masked", "*.ffn", "*.fasta", "*.fa", "*.faa", "*.frn"], "path": "g3-from-scratch.csh", "backend": "nullbackend", "walltime": "", "description": "Run Glimmer3 on a sequence file using program long-orfs  to find a training set.  Use tag to prefix\r\noutput files."}}