{"tool": {"outputExtensions": [{"must_be_larger_than": null, "must_exist": null, "file_extension__pattern": "*.txt"}], "display_name": "glimmerhmm", "name": "glimmerhmm", "parameter_list": [{"default_value": "", "mandatory": true, "use_output_filename__switch": null, "output_file": false, "possible_values": "", "rank": 1, "switch_use__description": "Only the value will be passed in the argument list (ie. the switch won't be used)", "switch_use__formatstring": "%(value)s", "switch": "inputFile", "acceptedExtensionList": ["*.fna", "*.ffn", "*.fasta", "*.fa", "*.faa", "*.seq", "*.frn"], "helptext": "Input genome file.", "batch_bundle_files": false, "file_assignment": "batch", "hidden": false, "id": 3107, "switch_use__display_text": "valueOnly"}, {"default_value": "Celegans", "mandatory": true, "use_output_filename__switch": null, "output_file": false, "possible_values": {"value": [{"display": "Celegans", "value": "/opt/glimmerhmm/3.0.1/trained_dir/Celegans"}, {"display": "arabidopsis", "value": "/opt/glimmerhmm/3.0.1/trained_dir/arabidopsis"}, {"display": "human", "value": "/opt/glimmerhmm/3.0.1/trained_dir/human"}, {"display": "rice", "value": "/opt/glimmerhmm/3.0.1/trained_dir/rice"}, {"display": "zebrafish", "value": "/opt/glimmerhmm/3.0.1/trained_dir/zebrafish"}]}, "rank": 2, "switch_use__description": "Only the value will be passed in the argument list (ie. the switch won't be used)", "switch_use__formatstring": "%(value)s", "switch": "training", "acceptedExtensionList": [], "helptext": "Training directory for genome.", "batch_bundle_files": false, "file_assignment": "none", "hidden": false, "id": 3108, "switch_use__display_text": "valueOnly"}, {"default_value": "", "mandatory": false, "use_output_filename__switch": null, "output_file": false, "possible_values": "", "rank": null, "switch_use__description": "Only the switch will be passed in the argument list.", "switch_use__formatstring": "%(switch)s", "switch": "-g", "acceptedExtensionList": [], "helptext": "Print output in gff format.", "batch_bundle_files": false, "file_assignment": "none", "hidden": false, "id": 3109, "switch_use__display_text": "switchOnly"}, {"default_value": "", "mandatory": false, "use_output_filename__switch": null, "output_file": false, "possible_values": "", "rank": null, "switch_use__description": "Only the switch will be passed in the argument list.", "switch_use__formatstring": "%(switch)s", "switch": "-f", "acceptedExtensionList": [], "helptext": "Don't make partial gene predictions.", "batch_bundle_files": false, "file_assignment": "none", "hidden": false, "id": 3113, "switch_use__display_text": "switchOnly"}, {"default_value": "", "mandatory": false, "use_output_filename__switch": null, "output_file": false, "possible_values": "", "rank": null, "switch_use__description": "Both the switch and the value will be passed in the argument list. They will be separated by a space.", "switch_use__formatstring": "%(switch)s %(value)s", "switch": "-p", "acceptedExtensionList": [], "helptext": "If protein domain searches are available, read them from this file.", "batch_bundle_files": false, "file_assignment": "batch", "hidden": false, "id": 3119, "switch_use__display_text": "both"}, {"default_value": "glimmerhmm_out.txt", "mandatory": true, "use_output_filename__switch": null, "output_file": true, "possible_values": "", "rank": null, "switch_use__description": "Both the switch and the value will be passed in the argument list. They will be separated by a space.", "switch_use__formatstring": "%(switch)s %(value)s", "switch": "-o", "acceptedExtensionList": [], "helptext": "Print output in file_name; if n>1 for top best predictions, output is in file_name.1, file_name.2, ... , file_name.n", "batch_bundle_files": false, "file_assignment": "none", "hidden": false, "id": 3120, "switch_use__display_text": "both"}, {"default_value": "", "mandatory": false, "use_output_filename__switch": null, "output_file": false, "possible_values": "", "rank": null, "switch_use__description": "Both the switch and the value will be passed in the argument list. They will be separated by a space.", "switch_use__formatstring": "%(switch)s %(value)s", "switch": "-n", "acceptedExtensionList": [], "helptext": "Print top n best predictions.", "batch_bundle_files": false, "file_assignment": "none", "hidden": false, "id": 3121, "switch_use__display_text": "both"}, {"default_value": "", "mandatory": false, "use_output_filename__switch": null, "output_file": false, "possible_values": "", "rank": null, "switch_use__description": "Only the switch will be passed in the argument list.", "switch_use__formatstring": "%(switch)s", "switch": "-v", "acceptedExtensionList": [], "helptext": "Don't use svm splice site predictions.", "batch_bundle_files": false, "file_assignment": "none", "hidden": false, "id": 3122, "switch_use__display_text": "switchOnly"}], "accepts_input": true, "job_type": "single", "enabled": true, "cpus": "", "fs_backend": "nullbackend", "queue": "normal", "module": "glimmerhmm", "max_memory": null, "inputExtensions": ["*.fna", "*.ffn", "*.fasta", "*.fa", "*.faa", "*.seq", "*.frn"], "path": "glimmerhmm", "backend": "nullbackend", "walltime": "", "description": "GlimmerHMM is a new gene finder based on a Generalized Hidden Markov Model (GHMM)."}}