{"tool": {"outputExtensions": [{"must_be_larger_than": null, "must_exist": null, "file_extension__pattern": "*.txt"}], "display_name": "gpcrhmm", "name": "gpcrhmm", "parameter_list": [{"default_value": "", "mandatory": true, "use_output_filename__switch": null, "output_file": false, "possible_values": "", "rank": 4, "switch_use__description": "Only the value will be passed in the argument list (ie. the switch won't be used)", "switch_use__formatstring": "%(value)s", "switch": "inputFiles", "acceptedExtensionList": ["*.seq", "*.faa"], "helptext": "Protein sequence(s).", "batch_bundle_files": false, "file_assignment": "batch", "hidden": false, "id": 2796, "switch_use__display_text": "valueOnly"}, {"default_value": "", "mandatory": false, "use_output_filename__switch": null, "output_file": false, "possible_values": "", "rank": 1, "switch_use__description": "Only the switch will be passed in the argument list.", "switch_use__formatstring": "%(switch)s", "switch": "-c", "acceptedExtensionList": [], "helptext": "Calculate local score (default on).", "batch_bundle_files": false, "file_assignment": "none", "hidden": false, "id": 2797, "switch_use__display_text": "switchOnly"}, {"default_value": "0.0", "mandatory": false, "use_output_filename__switch": null, "output_file": false, "possible_values": "", "rank": 2, "switch_use__description": "Both the switch and the value will be passed in the argument list. They will be separated by a space.", "switch_use__formatstring": "%(switch)s %(value)s", "switch": "-g", "acceptedExtensionList": [], "helptext": "Global score threshold (default = 0.0).", "batch_bundle_files": false, "file_assignment": "none", "hidden": false, "id": 2798, "switch_use__display_text": "both"}, {"default_value": "0.0", "mandatory": false, "use_output_filename__switch": null, "output_file": false, "possible_values": "", "rank": 3, "switch_use__description": "Both the switch and the value will be passed in the argument list. They will be separated by a space.", "switch_use__formatstring": "%(switch)s %(value)s", "switch": "-l", "acceptedExtensionList": [], "helptext": "Local score threshold (default = 0.0).", "batch_bundle_files": false, "file_assignment": "none", "hidden": false, "id": 2799, "switch_use__display_text": "both"}], "accepts_input": true, "job_type": "single", "enabled": true, "cpus": "", "fs_backend": "nullbackend", "queue": "normal", "module": "gpcrhmm", "max_memory": null, "inputExtensions": ["*.seq", "*.faa"], "path": "gpcrhmm.pl", "backend": "nullbackend", "walltime": "", "description": "Predicts G protein-coupled receptors from amino acid sequence."}}