{"tool": {"outputExtensions": [{"must_be_larger_than": null, "must_exist": true, "file_extension__pattern": "*.fdr"}], "display_name": "hts_windowsummaryv2_2sample", "name": "hts_windowsummaryv2_2sample", "parameter_list": [{"default_value": "", "mandatory": true, "use_output_filename__switch": null, "output_file": false, "possible_values": "", "rank": 1, "switch_use__description": "Both the switch and the value will be passed in the argument list. They will be separated by a space.", "switch_use__formatstring": "%(switch)s %(value)s", "switch": "-i", "acceptedExtensionList": ["*.bar"], "helptext": null, "batch_bundle_files": false, "file_assignment": "batch", "hidden": false, "id": 1548, "switch_use__display_text": "both"}, {"default_value": "", "mandatory": true, "use_output_filename__switch": null, "output_file": false, "possible_values": "", "rank": 2, "switch_use__description": "Both the switch and the value will be passed in the argument list. They will be separated by a space.", "switch_use__formatstring": "%(switch)s %(value)s", "switch": "-n", "acceptedExtensionList": ["*.bar"], "helptext": null, "batch_bundle_files": false, "file_assignment": "batch", "hidden": false, "id": 1549, "switch_use__display_text": "both"}, {"default_value": "mm9/chrlist.txt", "mandatory": false, "use_output_filename__switch": null, "output_file": false, "possible_values": "", "rank": 3, "switch_use__description": "Both the switch and the value will be passed in the argument list. They will be separated by a space.", "switch_use__formatstring": "%(switch)s %(value)s", "switch": "-g", "acceptedExtensionList": ["*.txt"], "helptext": null, "batch_bundle_files": false, "file_assignment": "none", "hidden": false, "id": 1551, "switch_use__display_text": "both"}, {"default_value": "mm9/chrlen.txt", "mandatory": false, "use_output_filename__switch": null, "output_file": false, "possible_values": "", "rank": 4, "switch_use__description": "Both the switch and the value will be passed in the argument list. They will be separated by a space.", "switch_use__formatstring": "%(switch)s %(value)s", "switch": "-l", "acceptedExtensionList": ["*.txt"], "helptext": null, "batch_bundle_files": false, "file_assignment": "none", "hidden": false, "id": 1552, "switch_use__display_text": "both"}, {"default_value": "100", "mandatory": true, "use_output_filename__switch": null, "output_file": false, "possible_values": "", "rank": 5, "switch_use__description": "Both the switch and the value will be passed in the argument list. They will be separated by a space.", "switch_use__formatstring": "%(switch)s %(value)s", "switch": "-w", "acceptedExtensionList": [], "helptext": null, "batch_bundle_files": false, "file_assignment": "none", "hidden": false, "id": 1553, "switch_use__display_text": "both"}, {"default_value": "summary.txt", "mandatory": false, "use_output_filename__switch": null, "output_file": true, "possible_values": "", "rank": 6, "switch_use__description": "Both the switch and the value will be passed in the argument list. They will be separated by a space.", "switch_use__formatstring": "%(switch)s %(value)s", "switch": "-o", "acceptedExtensionList": [], "helptext": null, "batch_bundle_files": false, "file_assignment": "none", "hidden": false, "id": 1555, "switch_use__display_text": "both"}], "accepts_input": true, "job_type": null, "enabled": true, "cpus": "", "fs_backend": "nullbackend", "queue": null, "module": null, "max_memory": null, "inputExtensions": ["*.bar", "*.txt"], "path": "", "backend": "nullbackend", "walltime": "", "description": "Compute false discovery rate (FDR)."}}