{"tool": {"outputExtensions": [{"must_be_larger_than": null, "must_exist": true, "file_extension__pattern": "*.cod"}], "display_name": "hts_peakdetectorv2_2sample", "name": "hts_peakdetectorv2_2sample", "parameter_list": [{"default_value": "", "mandatory": true, "use_output_filename__switch": null, "output_file": false, "possible_values": "", "rank": 1, "switch_use__description": "Both the switch and the value will be passed in the argument list. They will be separated by a space.", "switch_use__formatstring": "%(switch)s %(value)s", "switch": "-i", "acceptedExtensionList": ["*.bar"], "helptext": null, "batch_bundle_files": false, "file_assignment": "batch", "hidden": false, "id": 1560, "switch_use__display_text": "both"}, {"default_value": "", "mandatory": true, "use_output_filename__switch": null, "output_file": false, "possible_values": "", "rank": 2, "switch_use__description": "Both the switch and the value will be passed in the argument list. They will be separated by a space.", "switch_use__formatstring": "%(switch)s %(value)s", "switch": "-n", "acceptedExtensionList": ["*.bar"], "helptext": null, "batch_bundle_files": false, "file_assignment": "batch", "hidden": false, "id": 1561, "switch_use__display_text": "both"}, {"default_value": ".", "mandatory": true, "use_output_filename__switch": null, "output_file": false, "possible_values": "", "rank": 3, "switch_use__description": "Both the switch and the value will be passed in the argument list. They will be separated by a space.", "switch_use__formatstring": "%(switch)s %(value)s", "switch": "-d", "acceptedExtensionList": [], "helptext": null, "batch_bundle_files": false, "file_assignment": "none", "hidden": false, "id": 1562, "switch_use__display_text": "both"}, {"default_value": "ouput.cod", "mandatory": true, "use_output_filename__switch": null, "output_file": true, "possible_values": "", "rank": 4, "switch_use__description": "Both the switch and the value will be passed in the argument list. They will be separated by a space.", "switch_use__formatstring": "%(switch)s %(value)s", "switch": "-o", "acceptedExtensionList": [], "helptext": null, "batch_bundle_files": false, "file_assignment": "none", "hidden": false, "id": 1563, "switch_use__display_text": "both"}, {"default_value": "", "mandatory": true, "use_output_filename__switch": null, "output_file": false, "possible_values": "", "rank": 5, "switch_use__description": "Both the switch and the value will be passed in the argument list. They will be separated by a space.", "switch_use__formatstring": "%(switch)s %(value)s", "switch": "-f", "acceptedExtensionList": ["*.fdr"], "helptext": null, "batch_bundle_files": false, "file_assignment": "batch", "hidden": false, "id": 1565, "switch_use__display_text": "both"}, {"default_value": "0.1", "mandatory": true, "use_output_filename__switch": null, "output_file": false, "possible_values": "", "rank": 6, "switch_use__description": "Both the switch and the value will be passed in the argument list. They will be separated by a space.", "switch_use__formatstring": "%(switch)s %(value)s", "switch": "-c", "acceptedExtensionList": [], "helptext": null, "batch_bundle_files": false, "file_assignment": "none", "hidden": false, "id": 1567, "switch_use__display_text": "both"}, {"default_value": "10", "mandatory": true, "use_output_filename__switch": null, "output_file": false, "possible_values": "", "rank": 7, "switch_use__description": "Both the switch and the value will be passed in the argument list. They will be separated by a space.", "switch_use__formatstring": "%(switch)s %(value)s", "switch": "-m", "acceptedExtensionList": [], "helptext": null, "batch_bundle_files": false, "file_assignment": "none", "hidden": false, "id": 1568, "switch_use__display_text": "both"}, {"default_value": "25", "mandatory": true, "use_output_filename__switch": null, "output_file": false, "possible_values": "", "rank": 8, "switch_use__description": "Both the switch and the value will be passed in the argument list. They will be separated by a space.", "switch_use__formatstring": "%(switch)s %(value)s", "switch": "-s", "acceptedExtensionList": [], "helptext": null, "batch_bundle_files": false, "file_assignment": "none", "hidden": false, "id": 1569, "switch_use__display_text": "both"}, {"default_value": "0.5", "mandatory": true, "use_output_filename__switch": null, "output_file": false, "possible_values": "", "rank": 9, "switch_use__description": "Both the switch and the value will be passed in the argument list. They will be separated by a space.", "switch_use__formatstring": "%(switch)s %(value)s", "switch": "-p", "acceptedExtensionList": [], "helptext": null, "batch_bundle_files": false, "file_assignment": "none", "hidden": false, "id": 1570, "switch_use__display_text": "both"}, {"default_value": "1", "mandatory": true, "use_output_filename__switch": null, "output_file": false, "possible_values": "", "rank": 10, "switch_use__description": "Both the switch and the value will be passed in the argument list. They will be separated by a space.", "switch_use__formatstring": "%(switch)s %(value)s", "switch": "-br", "acceptedExtensionList": [], "helptext": null, "batch_bundle_files": false, "file_assignment": "none", "hidden": false, "id": 1571, "switch_use__display_text": "both"}, {"default_value": "30", "mandatory": true, "use_output_filename__switch": null, "output_file": false, "possible_values": "", "rank": 11, "switch_use__description": "Both the switch and the value will be passed in the argument list. They will be separated by a space.", "switch_use__formatstring": "%(switch)s %(value)s", "switch": "-brl", "acceptedExtensionList": [], "helptext": null, "batch_bundle_files": false, "file_assignment": "none", "hidden": false, "id": 1572, "switch_use__display_text": "both"}, {"default_value": "1", "mandatory": true, "use_output_filename__switch": null, "output_file": false, "possible_values": "", "rank": 12, "switch_use__description": "Both the switch and the value will be passed in the argument list. They will be separated by a space.", "switch_use__formatstring": "%(switch)s %(value)s", "switch": "-ssf", "acceptedExtensionList": [], "helptext": null, "batch_bundle_files": false, "file_assignment": "none", "hidden": false, "id": 1573, "switch_use__display_text": "both"}], "accepts_input": true, "job_type": null, "enabled": true, "cpus": "", "fs_backend": "nullbackend", "queue": null, "module": null, "max_memory": null, "inputExtensions": ["*.bar", "*.fdr"], "path": "", "backend": "nullbackend", "walltime": "", "description": "Peak detection."}}