{"tool": {"outputExtensions": [{"must_be_larger_than": null, "must_exist": false, "file_extension__pattern": "*.xml"}], "display_name": "InteractParser", "name": "InteractParser", "parameter_list": [{"default_value": "interact.pep.xml", "mandatory": true, "use_output_filename__switch": null, "output_file": true, "possible_values": "", "rank": 0, "switch_use__description": "Only the value will be passed in the argument list (ie. the switch won't be used)", "switch_use__formatstring": "%(value)s", "switch": "outputFile", "acceptedExtensionList": [], "helptext": "The combined output of all the input files.", "batch_bundle_files": false, "file_assignment": "none", "hidden": false, "id": 2832, "switch_use__display_text": "valueOnly"}, {"default_value": "", "mandatory": false, "use_output_filename__switch": null, "output_file": false, "possible_values": "", "rank": 99, "switch_use__description": "Only the switch will be passed in the argument list.", "switch_use__formatstring": "%(switch)s", "switch": "-P", "acceptedExtensionList": [], "helptext": "Corrects protein names from omssa output.", "batch_bundle_files": false, "file_assignment": "none", "hidden": false, "id": 2833, "switch_use__display_text": "switchOnly"}, {"default_value": "", "mandatory": false, "use_output_filename__switch": null, "output_file": false, "possible_values": "", "rank": 99, "switch_use__description": "Only the switch will be passed in the argument list.", "switch_use__formatstring": "%(switch)s", "switch": "-C", "acceptedExtensionList": [], "helptext": "", "batch_bundle_files": false, "file_assignment": "none", "hidden": false, "id": 2834, "switch_use__display_text": "switchOnly"}, {"default_value": "", "mandatory": true, "use_output_filename__switch": null, "output_file": false, "possible_values": "", "rank": 1, "switch_use__description": "Only the value will be passed in the argument list (ie. the switch won't be used)", "switch_use__formatstring": "%(value)s", "switch": "input1", "acceptedExtensionList": ["*.xml"], "helptext": "", "batch_bundle_files": false, "file_assignment": "batch", "hidden": false, "id": 2835, "switch_use__display_text": "valueOnly"}, {"default_value": "", "mandatory": false, "use_output_filename__switch": null, "output_file": false, "possible_values": "", "rank": 2, "switch_use__description": "Only the value will be passed in the argument list (ie. the switch won't be used)", "switch_use__formatstring": "%(value)s", "switch": "input2", "acceptedExtensionList": ["*.xml"], "helptext": "", "batch_bundle_files": false, "file_assignment": "batch", "hidden": false, "id": 2836, "switch_use__display_text": "valueOnly"}, {"default_value": "", "mandatory": false, "use_output_filename__switch": null, "output_file": false, "possible_values": "", "rank": 3, "switch_use__description": "Only the value will be passed in the argument list (ie. the switch won't be used)", "switch_use__formatstring": "%(value)s", "switch": "input3", "acceptedExtensionList": ["*.xml"], "helptext": "", "batch_bundle_files": false, "file_assignment": "batch", "hidden": false, "id": 2837, "switch_use__display_text": "valueOnly"}, {"default_value": "", "mandatory": false, "use_output_filename__switch": null, "output_file": false, "possible_values": "", "rank": 99, "switch_use__description": "Both the switch and the value will be passed in the argument list. They will be joined together with no space between them.", "switch_use__formatstring": "%(switch)s%(value)s", "switch": "-D", "acceptedExtensionList": ["*.fna", "*.ffn", "*.fasta", "*.fa", "*.faa", "*.frn"], "helptext": "Database file.", "batch_bundle_files": false, "file_assignment": "none", "hidden": false, "id": 2838, "switch_use__display_text": "combined"}, {"default_value": "", "mandatory": false, "use_output_filename__switch": null, "output_file": false, "possible_values": {"value": [{"display": "--", "value": ""}, {"display": "nonspecific", "value": "nonspecific"}, {"display": "argc", "value": "argc"}, {"display": "aspn", "value": "aspn"}, {"display": "chymotrypsin", "value": "chymotrypsin"}, {"display": "clostripain", "value": "clostripain"}, {"display": "cnbr", "value": "cnbr"}, {"display": "elastase", "value": "elastase"}, {"display": "formicacid", "value": "formicacid"}, {"display": "gluc", "value": "gluc"}, {"display": "gluc_bicarb", "value": "gluc_bicarb"}, {"display": "iodosobenzoate", "value": "iodosobenzoate"}, {"display": "lysc", "value": "lysc"}, {"display": "lysc-p", "value": "lysc-p"}, {"display": "lysn", "value": "lysn"}, {"display": "lysn_promisc", "value": "lysn_promisc"}, {"display": "pepsina", "value": "pepsina"}, {"display": "protein_endopeptidase", "value": "protein_endopeptidase"}, {"display": "staph_protease", "value": "staph_protease"}, {"display": "tca", "value": "tca"}, {"display": "trypsin", "value": "trypsin"}, {"display": "trypsin/cnbr", "value": "trypsin/cnbr"}, {"display": "trypsin_gluc", "value": "trypsin_gluc"}, {"display": "trypsin_k", "value": "trypsin_k"}, {"display": "trypsin_r", "value": "trypsin_r"}, {"display": "thermolysin", "value": "thermolysin"}]}, "rank": 99, "switch_use__description": "Both the switch and the value will be passed in the argument list. They will be joined together with no space between them.", "switch_use__formatstring": "%(switch)s%(value)s", "switch": "-E", "acceptedExtensionList": [], "helptext": "Enzyme.", "batch_bundle_files": false, "file_assignment": "none", "hidden": false, "id": 2839, "switch_use__display_text": "combined"}, {"default_value": "7", "mandatory": true, "use_output_filename__switch": null, "output_file": false, "possible_values": "", "rank": 99, "switch_use__description": "Both the switch and the value will be passed in the argument list. They will be joined together with no space between them.", "switch_use__formatstring": "%(switch)s%(value)s", "switch": "-L", "acceptedExtensionList": [], "helptext": "Minimum peptide length (default 7).", "batch_bundle_files": false, "file_assignment": "none", "hidden": false, "id": 2840, "switch_use__display_text": "combined"}], "accepts_input": true, "job_type": "", "enabled": true, "cpus": "", "fs_backend": "nullbackend", "queue": "", "module": "tpp", "max_memory": null, "inputExtensions": ["*.fna", "*.ffn", "*.fasta", "*.fa", "*.faa", "*.xml", "*.frn"], "path": "InteractParser", "backend": "nullbackend", "walltime": "", "description": "Merges together pepXML files. Combines all analysis_summary elements and reindexes spectrum_query elements."}}