{"tool": {"outputExtensions": [{"must_be_larger_than": null, "must_exist": false, "file_extension__pattern": "*.xml"}, {"must_be_larger_than": null, "must_exist": false, "file_extension__pattern": "*.xsl"}], "display_name": "InterProphetParser", "name": "InterProphetParser", "parameter_list": [{"default_value": "", "mandatory": true, "use_output_filename__switch": null, "output_file": false, "possible_values": "", "rank": null, "switch_use__description": "Only the value will be passed in the argument list (ie. the switch won't be used)", "switch_use__formatstring": "%(value)s", "switch": "inputFile", "acceptedExtensionList": ["*.xml"], "helptext": "Do not use number of replicate spectra (NRS) model.", "batch_bundle_files": false, "file_assignment": "batch", "hidden": false, "id": 2874, "switch_use__display_text": "valueOnly"}, {"default_value": "", "mandatory": false, "use_output_filename__switch": null, "output_file": false, "possible_values": "", "rank": null, "switch_use__description": "Only the switch will be passed in the argument list.", "switch_use__formatstring": "%(switch)s", "switch": "--nonrs", "acceptedExtensionList": [], "helptext": "Do not use number of replicate spectra (NRS) model.", "batch_bundle_files": false, "file_assignment": "none", "hidden": false, "id": 2875, "switch_use__display_text": "switchOnly"}, {"default_value": "", "mandatory": false, "use_output_filename__switch": null, "output_file": false, "possible_values": "", "rank": null, "switch_use__description": "Only the switch will be passed in the argument list.", "switch_use__formatstring": "%(switch)s", "switch": "--nonsi", "acceptedExtensionList": [], "helptext": "Do not use number of sibling ions (NSI) model.", "batch_bundle_files": false, "file_assignment": "none", "hidden": false, "id": 2876, "switch_use__display_text": "switchOnly"}, {"default_value": "", "mandatory": false, "use_output_filename__switch": null, "output_file": false, "possible_values": "", "rank": null, "switch_use__description": "Only the switch will be passed in the argument list.", "switch_use__formatstring": "%(switch)s", "switch": "--nonsm", "acceptedExtensionList": [], "helptext": "Do not use number of sibling modifications (NSM) model.", "batch_bundle_files": false, "file_assignment": "none", "hidden": false, "id": 2877, "switch_use__display_text": "switchOnly"}, {"default_value": "", "mandatory": false, "use_output_filename__switch": null, "output_file": false, "possible_values": "", "rank": null, "switch_use__description": "Only the switch will be passed in the argument list.", "switch_use__formatstring": "%(switch)s", "switch": "--nonss", "acceptedExtensionList": [], "helptext": "Do not use number of sibling searches (NSS) model.", "batch_bundle_files": false, "file_assignment": "none", "hidden": false, "id": 2878, "switch_use__display_text": "switchOnly"}, {"default_value": "", "mandatory": false, "use_output_filename__switch": null, "output_file": false, "possible_values": "", "rank": null, "switch_use__description": "Only the switch will be passed in the argument list.", "switch_use__formatstring": "%(switch)s", "switch": "--nonse", "acceptedExtensionList": [], "helptext": "Do not use number of sibling experiments (NSE) model.", "batch_bundle_files": false, "file_assignment": "none", "hidden": false, "id": 2879, "switch_use__display_text": "switchOnly"}, {"default_value": "", "mandatory": false, "use_output_filename__switch": null, "output_file": true, "possible_values": "", "rank": null, "switch_use__description": "Both the switch and the value will be passed in the argument list. They will be separated by a space.", "switch_use__formatstring": "%(switch)s %(value)s", "switch": "-o", "acceptedExtensionList": [], "helptext": "Optional name of output file.", "batch_bundle_files": false, "file_assignment": "none", "hidden": false, "id": 2880, "switch_use__display_text": "both"}], "accepts_input": true, "job_type": "", "enabled": true, "cpus": "", "fs_backend": "nullbackend", "queue": "", "module": "tpp,yabi-tools/andrew", "max_memory": null, "inputExtensions": ["*.xml"], "path": "ccg_interprophetparser_wrapper.py", "backend": "nullbackend", "walltime": "", "description": ""}}