{"tool": {"outputExtensions": [{"must_be_larger_than": null, "must_exist": false, "file_extension__pattern": "*.xml"}], "display_name": "PeptideProphetParser", "name": "PeptideProphetParser", "parameter_list": [{"default_value": "", "mandatory": true, "use_output_filename__switch": null, "output_file": false, "possible_values": "", "rank": 0, "switch_use__description": "Only the value will be passed in the argument list (ie. the switch won't be used)", "switch_use__formatstring": "%(value)s", "switch": "inputFile", "acceptedExtensionList": ["*.xml"], "helptext": "", "batch_bundle_files": false, "file_assignment": "batch", "hidden": false, "id": 2841, "switch_use__display_text": "valueOnly"}, {"default_value": "", "mandatory": false, "use_output_filename__switch": null, "output_file": false, "possible_values": "", "rank": null, "switch_use__description": "Only the switch will be passed in the argument list.", "switch_use__formatstring": "%(switch)s", "switch": "--exclude", "acceptedExtensionList": [], "helptext": "Exclude delta stars (SEQUEST).", "batch_bundle_files": false, "file_assignment": "none", "hidden": false, "id": 2842, "switch_use__display_text": "switchOnly"}, {"default_value": "", "mandatory": false, "use_output_filename__switch": null, "output_file": false, "possible_values": "", "rank": null, "switch_use__description": "Only the switch will be passed in the argument list.", "switch_use__formatstring": "%(switch)s", "switch": "--leave", "acceptedExtensionList": [], "helptext": "Leave delta star values alone (SEQUEST).", "batch_bundle_files": false, "file_assignment": "none", "hidden": false, "id": 2843, "switch_use__display_text": "switchOnly"}, {"default_value": "", "mandatory": false, "use_output_filename__switch": null, "output_file": false, "possible_values": "", "rank": null, "switch_use__description": "Only the switch will be passed in the argument list.", "switch_use__formatstring": "%(switch)s", "switch": "--icat", "acceptedExtensionList": [], "helptext": "Use peptide icat info in probability calculation.", "batch_bundle_files": false, "file_assignment": "none", "hidden": false, "id": 2844, "switch_use__display_text": "switchOnly"}, {"default_value": "", "mandatory": false, "use_output_filename__switch": null, "output_file": false, "possible_values": "", "rank": null, "switch_use__description": "Only the switch will be passed in the argument list.", "switch_use__formatstring": "%(switch)s", "switch": "--noicat", "acceptedExtensionList": [], "helptext": "Do not use peptide icat info in probability calculation.", "batch_bundle_files": false, "file_assignment": "none", "hidden": false, "id": 2845, "switch_use__display_text": "switchOnly"}, {"default_value": "", "mandatory": false, "use_output_filename__switch": null, "output_file": false, "possible_values": "", "rank": null, "switch_use__description": "Only the switch will be passed in the argument list.", "switch_use__formatstring": "%(switch)s", "switch": "--zero", "acceptedExtensionList": [], "helptext": "Do not discard any data.", "batch_bundle_files": false, "file_assignment": "none", "hidden": false, "id": 2846, "switch_use__display_text": "switchOnly"}, {"default_value": "", "mandatory": false, "use_output_filename__switch": null, "output_file": false, "possible_values": "", "rank": null, "switch_use__description": "Only the switch will be passed in the argument list.", "switch_use__formatstring": "%(switch)s", "switch": "--glyc", "acceptedExtensionList": [], "helptext": "Use peptide NXS/T motif info in probability calculation.", "batch_bundle_files": false, "file_assignment": "none", "hidden": false, "id": 2847, "switch_use__display_text": "switchOnly"}, {"default_value": "", "mandatory": false, "use_output_filename__switch": null, "output_file": false, "possible_values": "", "rank": null, "switch_use__description": "Only the switch will be passed in the argument list.", "switch_use__formatstring": "%(switch)s", "switch": "--maldi", "acceptedExtensionList": [], "helptext": "Specify maldi spectra.", "batch_bundle_files": false, "file_assignment": "none", "hidden": false, "id": 2848, "switch_use__display_text": "switchOnly"}, {"default_value": "", "mandatory": false, "use_output_filename__switch": null, "output_file": false, "possible_values": "", "rank": null, "switch_use__description": "Only the switch will be passed in the argument list.", "switch_use__formatstring": "%(switch)s", "switch": "--pi", "acceptedExtensionList": [], "helptext": "Use pI information.", "batch_bundle_files": false, "file_assignment": "none", "hidden": false, "id": 2849, "switch_use__display_text": "switchOnly"}, {"default_value": "", "mandatory": false, "use_output_filename__switch": null, "output_file": false, "possible_values": "", "rank": null, "switch_use__description": "Only the switch will be passed in the argument list.", "switch_use__formatstring": "%(switch)s", "switch": "--accmass", "acceptedExtensionList": [], "helptext": "Use accurate mass binning.", "batch_bundle_files": false, "file_assignment": "none", "hidden": false, "id": 2850, "switch_use__display_text": "switchOnly"}, {"default_value": "", "mandatory": false, "use_output_filename__switch": null, "output_file": false, "possible_values": "", "rank": null, "switch_use__description": "Both the switch and the value will be passed in the argument list. They will be separated joined with an equals(=) character with no spaces.", "switch_use__formatstring": "%(switch)s=%(value)s", "switch": "--minprob", "acceptedExtensionList": [], "helptext": "Filter away results with a probability less than supplied value.", "batch_bundle_files": false, "file_assignment": "none", "hidden": false, "id": 2851, "switch_use__display_text": "combined with equals"}, {"default_value": "", "mandatory": false, "use_output_filename__switch": null, "output_file": false, "possible_values": "", "rank": null, "switch_use__description": "Both the switch and the value will be passed in the argument list. They will be separated joined with an equals(=) character with no spaces.", "switch_use__formatstring": "%(switch)s=%(value)s", "switch": "--extraitrs", "acceptedExtensionList": [], "helptext": "Specify additional EM iterations.", "batch_bundle_files": false, "file_assignment": "none", "hidden": false, "id": 2852, "switch_use__display_text": "combined with equals"}, {"default_value": "", "mandatory": false, "use_output_filename__switch": null, "output_file": false, "possible_values": "", "rank": null, "switch_use__description": "Only the switch will be passed in the argument list.", "switch_use__formatstring": "%(switch)s", "switch": "--rt", "acceptedExtensionList": [], "helptext": "Use Hydrophobicity / RT information.", "batch_bundle_files": false, "file_assignment": "none", "hidden": false, "id": 2853, "switch_use__display_text": "switchOnly"}, {"default_value": "", "mandatory": false, "use_output_filename__switch": null, "output_file": false, "possible_values": "", "rank": null, "switch_use__description": "Both the switch and the value will be passed in the argument list. They will be separated joined with an equals(=) character with no spaces.", "switch_use__formatstring": "%(switch)s=%(value)s", "switch": "--decoy", "acceptedExtensionList": [], "helptext": "Specifies decoy label name (eg DECOY).", "batch_bundle_files": false, "file_assignment": "none", "hidden": false, "id": 2854, "switch_use__display_text": "combined with equals"}, {"default_value": "", "mandatory": false, "use_output_filename__switch": null, "output_file": false, "possible_values": "", "rank": null, "switch_use__description": "Only the switch will be passed in the argument list.", "switch_use__formatstring": "%(switch)s", "switch": "--nontt", "acceptedExtensionList": [], "helptext": "Do not use the NTT model.", "batch_bundle_files": false, "file_assignment": "none", "hidden": false, "id": 2855, "switch_use__display_text": "switchOnly"}, {"default_value": "", "mandatory": false, "use_output_filename__switch": null, "output_file": false, "possible_values": "", "rank": null, "switch_use__description": "Only the switch will be passed in the argument list.", "switch_use__formatstring": "%(switch)s", "switch": "--nonmc", "acceptedExtensionList": [], "helptext": "Do not use the NMC model.", "batch_bundle_files": false, "file_assignment": "none", "hidden": false, "id": 2856, "switch_use__display_text": "switchOnly"}, {"default_value": "", "mandatory": false, "use_output_filename__switch": null, "output_file": false, "possible_values": "", "rank": null, "switch_use__description": "Only the switch will be passed in the argument list.", "switch_use__formatstring": "%(switch)s", "switch": "--nonparam", "acceptedExtensionList": [], "helptext": "Use non-parametric model (only usable with the Decoy option).", "batch_bundle_files": false, "file_assignment": "none", "hidden": false, "id": 2857, "switch_use__display_text": "switchOnly"}, {"default_value": "", "mandatory": false, "use_output_filename__switch": null, "output_file": false, "possible_values": "", "rank": null, "switch_use__description": "Only the switch will be passed in the argument list.", "switch_use__formatstring": "%(switch)s", "switch": "--forcedistr", "acceptedExtensionList": [], "helptext": "Force the fitting of the mixture model (bypass automatic mixture model checks).", "batch_bundle_files": false, "file_assignment": "none", "hidden": false, "id": 2858, "switch_use__display_text": "switchOnly"}, {"default_value": "", "mandatory": false, "use_output_filename__switch": null, "output_file": false, "possible_values": "", "rank": null, "switch_use__description": "Both the switch and the value will be passed in the argument list. They will be separated by a space.", "switch_use__formatstring": "%(switch)s %(value)s", "switch": "-o", "acceptedExtensionList": [], "helptext": "Filename for output.", "batch_bundle_files": false, "file_assignment": "none", "hidden": false, "id": 2859, "switch_use__display_text": "both"}], "accepts_input": true, "job_type": "", "enabled": true, "cpus": "", "fs_backend": "nullbackend", "queue": "", "module": "tpp,yabi-tools/andrew", "max_memory": null, "inputExtensions": ["*.xml"], "path": "ccg_peptideprophetparser_wrapper.py", "backend": "nullbackend", "walltime": "", "description": "Find all proteins corresponding to identified peptides and overwrites results to inputfile."}}