{"tool": {"outputExtensions": [{"must_be_larger_than": null, "must_exist": false, "file_extension__pattern": "*.xml"}], "display_name": "ProphetModels", "name": "ProphetModels", "parameter_list": [{"default_value": "", "mandatory": true, "use_output_filename__switch": null, "output_file": false, "possible_values": "", "rank": null, "switch_use__description": "Both the switch and the value will be passed in the argument list. They will be separated by a space.", "switch_use__formatstring": "%(switch)s %(value)s", "switch": "-i", "acceptedExtensionList": ["*.xml"], "helptext": "Specify pepXML file to processed.", "batch_bundle_files": false, "file_assignment": "batch", "hidden": false, "id": 2860, "switch_use__display_text": "both"}, {"default_value": "", "mandatory": false, "use_output_filename__switch": null, "output_file": false, "possible_values": "", "rank": null, "switch_use__description": "Both the switch and the value will be passed in the argument list. They will be separated by a space.", "switch_use__formatstring": "%(switch)s %(value)s", "switch": "-d", "acceptedExtensionList": [], "helptext": "Specify protein prefix indicating decoy to be counted.", "batch_bundle_files": false, "file_assignment": "none", "hidden": false, "id": 2861, "switch_use__display_text": "both"}, {"default_value": "", "mandatory": false, "use_output_filename__switch": null, "output_file": false, "possible_values": "", "rank": null, "switch_use__description": "Both the switch and the value will be passed in the argument list. They will be separated by a space.", "switch_use__formatstring": "%(switch)s %(value)s", "switch": "-x", "acceptedExtensionList": [], "helptext": "Specify protein prefix indicating decoy to be excluded.", "batch_bundle_files": false, "file_assignment": "none", "hidden": false, "id": 2862, "switch_use__display_text": "both"}, {"default_value": "", "mandatory": false, "use_output_filename__switch": null, "output_file": false, "possible_values": "", "rank": null, "switch_use__description": "Both the switch and the value will be passed in the argument list. They will be separated by a space.", "switch_use__formatstring": "%(switch)s %(value)s", "switch": "-r", "acceptedExtensionList": [], "helptext": "Specify decoy ratio. Will guess from P<0.002 hits if not specified.", "batch_bundle_files": false, "file_assignment": "none", "hidden": false, "id": 2863, "switch_use__display_text": "both"}, {"default_value": "100", "mandatory": false, "use_output_filename__switch": null, "output_file": false, "possible_values": "", "rank": null, "switch_use__description": "Both the switch and the value will be passed in the argument list. They will be separated by a space.", "switch_use__formatstring": "%(switch)s %(value)s", "switch": "-w", "acceptedExtensionList": [], "helptext": "Specify window for Prob/Prob plot (default 100).", "batch_bundle_files": false, "file_assignment": "none", "hidden": false, "id": 2864, "switch_use__display_text": "both"}, {"default_value": "", "mandatory": false, "use_output_filename__switch": null, "output_file": false, "possible_values": "", "rank": null, "switch_use__description": "Only the switch will be passed in the argument list.", "switch_use__formatstring": "%(switch)s", "switch": "-k", "acceptedExtensionList": [], "helptext": "Don't delete intermediate files.", "batch_bundle_files": false, "file_assignment": "none", "hidden": false, "id": 2865, "switch_use__display_text": "switchOnly"}, {"default_value": "", "mandatory": false, "use_output_filename__switch": null, "output_file": false, "possible_values": "", "rank": null, "switch_use__description": "Only the switch will be passed in the argument list.", "switch_use__formatstring": "%(switch)s", "switch": "-u", "acceptedExtensionList": [], "helptext": "Consider only top probabilities of unique peptide sequences for iProphet.", "batch_bundle_files": false, "file_assignment": "none", "hidden": false, "id": 2866, "switch_use__display_text": "switchOnly"}, {"default_value": "", "mandatory": false, "use_output_filename__switch": null, "output_file": false, "possible_values": "", "rank": null, "switch_use__description": "Only the switch will be passed in the argument list.", "switch_use__formatstring": "%(switch)s", "switch": "-q", "acceptedExtensionList": [], "helptext": "Consider only top probabilities of unique peptide sequences for PeptideProphet.", "batch_bundle_files": false, "file_assignment": "none", "hidden": false, "id": 2867, "switch_use__display_text": "switchOnly"}, {"default_value": "", "mandatory": false, "use_output_filename__switch": null, "output_file": false, "possible_values": "", "rank": null, "switch_use__description": "Only the switch will be passed in the argument list.", "switch_use__formatstring": "%(switch)s", "switch": "-n", "acceptedExtensionList": [], "helptext": "Consider only top probabilities of unique peptide ions for PeptideProphet.", "batch_bundle_files": false, "file_assignment": "none", "hidden": false, "id": 2868, "switch_use__display_text": "switchOnly"}], "accepts_input": true, "job_type": "", "enabled": true, "cpus": "", "fs_backend": "nullbackend", "queue": "", "module": "tpp,yabi-tools/andrew", "max_memory": null, "inputExtensions": ["*.xml"], "path": "ccg_prophetmodels_wrapper.py", "backend": "nullbackend", "walltime": "", "description": "Utility to plot PeptideProphet and iProphet models using gnuplot."}}