{"tool": {"outputExtensions": [{"must_be_larger_than": null, "must_exist": false, "file_extension__pattern": "*.xml"}, {"must_be_larger_than": null, "must_exist": false, "file_extension__pattern": "*.xsl"}], "display_name": "protxml2html", "name": "protxml2html", "parameter_list": [{"default_value": "", "mandatory": true, "use_output_filename__switch": null, "output_file": false, "possible_values": "", "rank": 0, "switch_use__description": "Both the switch and the value will be passed in the argument list. They will be separated by a space.", "switch_use__formatstring": "%(switch)s %(value)s", "switch": "--file", "acceptedExtensionList": ["*.xml"], "helptext": "A pep.xml file for which an xsl file will be created.", "batch_bundle_files": false, "file_assignment": "batch", "hidden": false, "id": 2915, "switch_use__display_text": "both"}], "accepts_input": true, "job_type": "", "enabled": true, "cpus": "", "fs_backend": "nullbackend", "queue": "", "module": "tpp,yabi-tools/andrew", "max_memory": null, "inputExtensions": ["*.xml"], "path": "ccg_protxml2html_wrapper.py", "backend": "nullbackend", "walltime": "", "description": "Create xsl file from supplied pep.xml file."}}