{"tool": {"outputExtensions": [{"must_be_larger_than": null, "must_exist": false, "file_extension__pattern": "*.xml"}], "display_name": "ProteinProphet", "name": "ProteinProphet", "parameter_list": [{"default_value": "", "mandatory": true, "use_output_filename__switch": null, "output_file": false, "possible_values": "", "rank": 1, "switch_use__description": "Only the value will be passed in the argument list (ie. the switch won't be used)", "switch_use__formatstring": "%(value)s", "switch": "inputFile", "acceptedExtensionList": ["*.xml"], "helptext": "Input pep xml files.", "batch_bundle_files": false, "file_assignment": "batch", "hidden": false, "id": 2881, "switch_use__display_text": "valueOnly"}, {"default_value": "", "mandatory": false, "use_output_filename__switch": null, "output_file": false, "possible_values": "", "rank": null, "switch_use__description": "Only the switch will be passed in the argument list.", "switch_use__formatstring": "%(switch)s", "switch": "--noplot", "acceptedExtensionList": [], "helptext": "Do not generate plot png file.", "batch_bundle_files": false, "file_assignment": "none", "hidden": false, "id": 2882, "switch_use__display_text": "switchOnly"}, {"default_value": "", "mandatory": false, "use_output_filename__switch": null, "output_file": false, "possible_values": "", "rank": null, "switch_use__description": "Only the switch will be passed in the argument list.", "switch_use__formatstring": "%(switch)s", "switch": "--nooccam", "acceptedExtensionList": [], "helptext": "Non-conservative maximum protein list.", "batch_bundle_files": false, "file_assignment": "none", "hidden": false, "id": 2883, "switch_use__display_text": "switchOnly"}, {"default_value": "", "mandatory": false, "use_output_filename__switch": null, "output_file": false, "possible_values": "", "rank": null, "switch_use__description": "Only the switch will be passed in the argument list.", "switch_use__formatstring": "%(switch)s", "switch": "--icat", "acceptedExtensionList": [], "helptext": "Highlight peptide cysteines.", "batch_bundle_files": false, "file_assignment": "none", "hidden": false, "id": 2884, "switch_use__display_text": "switchOnly"}, {"default_value": "", "mandatory": false, "use_output_filename__switch": null, "output_file": false, "possible_values": "", "rank": null, "switch_use__description": "Only the switch will be passed in the argument list.", "switch_use__formatstring": "%(switch)s", "switch": "--glyc", "acceptedExtensionList": [], "helptext": "Highlight peptide N-glycosylation motif.", "batch_bundle_files": false, "file_assignment": "none", "hidden": false, "id": 2885, "switch_use__display_text": "switchOnly"}, {"default_value": "", "mandatory": false, "use_output_filename__switch": null, "output_file": false, "possible_values": "", "rank": null, "switch_use__description": "Only the switch will be passed in the argument list.", "switch_use__formatstring": "%(switch)s", "switch": "--groupwts", "acceptedExtensionList": [], "helptext": "Check peptide's total weight in the Protein Group against the threshold (default: check peptide's actual weight against threshold).\r\n", "batch_bundle_files": false, "file_assignment": "none", "hidden": false, "id": 2886, "switch_use__display_text": "switchOnly"}, {"default_value": "", "mandatory": false, "use_output_filename__switch": null, "output_file": false, "possible_values": "", "rank": null, "switch_use__description": "Only the switch will be passed in the argument list.", "switch_use__formatstring": "%(switch)s", "switch": "--accuracy", "acceptedExtensionList": [], "helptext": "Equivalent to MINPROB=0.", "batch_bundle_files": false, "file_assignment": "none", "hidden": false, "id": 2887, "switch_use__display_text": "switchOnly"}, {"default_value": "", "mandatory": false, "use_output_filename__switch": null, "output_file": false, "possible_values": "", "rank": null, "switch_use__description": "Only the switch will be passed in the argument list.", "switch_use__formatstring": "%(switch)s", "switch": "--asap", "acceptedExtensionList": [], "helptext": "Compute ASAP ratios for protein entries (ASAP must have been run previously on interact dataset).", "batch_bundle_files": false, "file_assignment": "none", "hidden": false, "id": 2888, "switch_use__display_text": "switchOnly"}, {"default_value": "", "mandatory": false, "use_output_filename__switch": null, "output_file": false, "possible_values": "", "rank": null, "switch_use__description": "Only the switch will be passed in the argument list.", "switch_use__formatstring": "%(switch)s", "switch": "--refresh", "acceptedExtensionList": [], "helptext": "Import manual changes to AAP ratios (after initially using ASAP option).", "batch_bundle_files": false, "file_assignment": "none", "hidden": false, "id": 2889, "switch_use__display_text": "switchOnly"}, {"default_value": "", "mandatory": false, "use_output_filename__switch": null, "output_file": false, "possible_values": "", "rank": null, "switch_use__description": "Only the switch will be passed in the argument list.", "switch_use__formatstring": "%(switch)s", "switch": "--normprotlen", "acceptedExtensionList": [], "helptext": "Normalize NSP using Protein Length.", "batch_bundle_files": false, "file_assignment": "none", "hidden": false, "id": 2890, "switch_use__display_text": "switchOnly"}, {"default_value": "", "mandatory": false, "use_output_filename__switch": null, "output_file": false, "possible_values": "", "rank": null, "switch_use__description": "Only the switch will be passed in the argument list.", "switch_use__formatstring": "%(switch)s", "switch": "--logprobs", "acceptedExtensionList": [], "helptext": "Use the log of the probabilities in the Confidence calculations.\r\n", "batch_bundle_files": false, "file_assignment": "none", "hidden": false, "id": 2891, "switch_use__display_text": "switchOnly"}, {"default_value": "", "mandatory": false, "use_output_filename__switch": null, "output_file": false, "possible_values": "", "rank": null, "switch_use__description": "Only the switch will be passed in the argument list.", "switch_use__formatstring": "%(switch)s", "switch": "--confem", "acceptedExtensionList": [], "helptext": "Use the EM to compute probability given the confidence.\r\n", "batch_bundle_files": false, "file_assignment": "none", "hidden": false, "id": 2892, "switch_use__display_text": "switchOnly"}, {"default_value": "", "mandatory": false, "use_output_filename__switch": null, "output_file": false, "possible_values": "", "rank": null, "switch_use__description": "Only the switch will be passed in the argument list.", "switch_use__formatstring": "%(switch)s", "switch": "--allpeps", "acceptedExtensionList": [], "helptext": "Consider all possible peptides in the database in the confidence model.", "batch_bundle_files": false, "file_assignment": "none", "hidden": false, "id": 2893, "switch_use__display_text": "switchOnly"}, {"default_value": "", "mandatory": false, "use_output_filename__switch": null, "output_file": false, "possible_values": "", "rank": null, "switch_use__description": "Only the switch will be passed in the argument list.", "switch_use__formatstring": "%(switch)s", "switch": "--unmapped", "acceptedExtensionList": [], "helptext": "Report results for UNMAPPED proteins.", "batch_bundle_files": false, "file_assignment": "none", "hidden": false, "id": 2894, "switch_use__display_text": "switchOnly"}, {"default_value": "", "mandatory": false, "use_output_filename__switch": null, "output_file": false, "possible_values": "", "rank": null, "switch_use__description": "Only the switch will be passed in the argument list.", "switch_use__formatstring": "%(switch)s", "switch": "--protlen", "acceptedExtensionList": [], "helptext": "Report Protein Length.", "batch_bundle_files": false, "file_assignment": "none", "hidden": false, "id": 2895, "switch_use__display_text": "switchOnly"}, {"default_value": "", "mandatory": false, "use_output_filename__switch": null, "output_file": false, "possible_values": "", "rank": null, "switch_use__description": "Only the switch will be passed in the argument list.", "switch_use__formatstring": "%(switch)s", "switch": "--instances", "acceptedExtensionList": [], "helptext": "Use Expected Number of Ion Instances to adjust the peptide probabilities prior to NSP adjustment.", "batch_bundle_files": false, "file_assignment": "none", "hidden": false, "id": 2896, "switch_use__display_text": "switchOnly"}, {"default_value": "", "mandatory": false, "use_output_filename__switch": null, "output_file": false, "possible_values": "", "rank": null, "switch_use__description": "Only the switch will be passed in the argument list.", "switch_use__formatstring": "%(switch)s", "switch": "--protmw", "acceptedExtensionList": [], "helptext": "Get protein mol weights.", "batch_bundle_files": false, "file_assignment": "none", "hidden": false, "id": 2897, "switch_use__display_text": "switchOnly"}, {"default_value": "", "mandatory": false, "use_output_filename__switch": null, "output_file": false, "possible_values": "", "rank": null, "switch_use__description": "Only the switch will be passed in the argument list.", "switch_use__formatstring": "%(switch)s", "switch": "--iprophet", "acceptedExtensionList": [], "helptext": "Input is from iProphet.", "batch_bundle_files": false, "file_assignment": "none", "hidden": false, "id": 2898, "switch_use__display_text": "switchOnly"}, {"default_value": "", "mandatory": false, "use_output_filename__switch": null, "output_file": false, "possible_values": "", "rank": null, "switch_use__description": "Only the switch will be passed in the argument list.", "switch_use__formatstring": "%(switch)s", "switch": "--asap_prophet", "acceptedExtensionList": [], "helptext": "New and improved compute ASAP ratios for protein entries (ASAP must have been run previously on all input interact datasets with mz/XML raw data format).", "batch_bundle_files": false, "file_assignment": "none", "hidden": false, "id": 2899, "switch_use__display_text": "switchOnly"}, {"default_value": "", "mandatory": false, "use_output_filename__switch": null, "output_file": false, "possible_values": "", "rank": null, "switch_use__description": "Only the switch will be passed in the argument list.", "switch_use__formatstring": "%(switch)s", "switch": "--delude", "acceptedExtensionList": [], "helptext": "Do not use peptide degeneracy information when assessing proteins.", "batch_bundle_files": false, "file_assignment": "none", "hidden": false, "id": 2900, "switch_use__display_text": "switchOnly"}, {"default_value": "", "mandatory": false, "use_output_filename__switch": null, "output_file": false, "possible_values": "", "rank": null, "switch_use__description": "Only the switch will be passed in the argument list.", "switch_use__formatstring": "%(switch)s", "switch": "--excelpeps", "acceptedExtensionList": [], "helptext": "Write output tab delim xls file including all peptides.", "batch_bundle_files": false, "file_assignment": "none", "hidden": false, "id": 2901, "switch_use__display_text": "switchOnly"}, {"default_value": "", "mandatory": false, "use_output_filename__switch": null, "output_file": false, "possible_values": "", "rank": null, "switch_use__description": "Both the switch and the value will be passed in the argument list. They will be separated joined with an equals(=) character with no spaces.", "switch_use__formatstring": "%(switch)s=%(value)s", "switch": "--minprob", "acceptedExtensionList": [], "helptext": "Filter away results with a probability less than MINPROB (default=0.05).\r\n", "batch_bundle_files": false, "file_assignment": "none", "hidden": false, "id": 2902, "switch_use__display_text": "combined with equals"}, {"default_value": "", "mandatory": false, "use_output_filename__switch": null, "output_file": false, "possible_values": "", "rank": null, "switch_use__description": "Both the switch and the value will be passed in the argument list. They will be separated joined with an equals(=) character with no spaces.", "switch_use__formatstring": "%(switch)s=%(value)s", "switch": "--minindep", "acceptedExtensionList": [], "helptext": "Minimum percentage of independent peptides required for a protein (default=0).", "batch_bundle_files": false, "file_assignment": "none", "hidden": false, "id": 2903, "switch_use__display_text": "combined with equals"}, {"default_value": "", "mandatory": false, "use_output_filename__switch": null, "output_file": false, "possible_values": "", "rank": null, "switch_use__description": "Both the switch and the value will be passed in the argument list. They will be separated joined with an equals(=) character with no spaces.", "switch_use__formatstring": "%(switch)s=%(value)s", "switch": "--mufactor", "acceptedExtensionList": [], "helptext": "Fudge factor to scale MU calculation (default 1).", "batch_bundle_files": false, "file_assignment": "none", "hidden": false, "id": 2904, "switch_use__display_text": "combined with equals"}, {"default_value": "", "mandatory": false, "use_output_filename__switch": null, "output_file": false, "possible_values": "", "rank": null, "switch_use__description": "Both the switch and the value will be passed in the argument list. They will be separated joined with an equals(=) character with no spaces.", "switch_use__formatstring": "%(switch)s=%(value)s", "switch": "--excel", "acceptedExtensionList": [], "helptext": "Write output tab delim xls file including all protein (group)s minimum probability xx, where xx is a number between 0 and 1.", "batch_bundle_files": false, "file_assignment": "none", "hidden": false, "id": 2905, "switch_use__display_text": "combined with equals"}], "accepts_input": true, "job_type": "", "enabled": true, "cpus": "", "fs_backend": "nullbackend", "queue": "", "module": "tpp,yabi-tools/andrew", "max_memory": null, "inputExtensions": ["*.xml"], "path": "ccg_proteinprophetparser_wrapper.py", "backend": "nullbackend", "walltime": "", "description": "ProteinProphet is a tool for generating probablities for protein identifications based on MS/MS data. ProteinProphet makes use of results from PeptideProphet, which produces validation results for peptide sequence identifications."}}