{"tool": {"outputExtensions": [{"must_be_larger_than": 26, "must_exist": null, "file_extension__pattern": "*.zip"}], "display_name": "qstar to xml", "name": "qstartoxml", "parameter_list": [{"default_value": "", "mandatory": true, "use_output_filename__switch": null, "output_file": false, "possible_values": null, "rank": null, "switch_use__description": "Both the switch and the value will be passed in the argument list. They will be separated by a space.", "switch_use__formatstring": "%(switch)s %(value)s", "switch": "-F", "acceptedExtensionList": ["*.wiff"], "helptext": null, "batch_bundle_files": false, "file_assignment": "batch", "hidden": false, "id": 2827, "switch_use__display_text": "both"}, {"default_value": "/polledqstartoxml", "mandatory": false, "use_output_filename__switch": null, "output_file": false, "possible_values": null, "rank": null, "switch_use__description": "Both the switch and the value will be passed in the argument list. They will be separated by a space.", "switch_use__formatstring": "%(switch)s %(value)s", "switch": "relativeUrl", "acceptedExtensionList": [], "helptext": null, "batch_bundle_files": false, "file_assignment": "none", "hidden": false, "id": 2828, "switch_use__display_text": "both"}, {"default_value": "/jobstatus/", "mandatory": false, "use_output_filename__switch": null, "output_file": false, "possible_values": null, "rank": null, "switch_use__description": "Both the switch and the value will be passed in the argument list. They will be separated by a space.", "switch_use__formatstring": "%(switch)s %(value)s", "switch": "statusRelativeUrl", "acceptedExtensionList": [], "helptext": null, "batch_bundle_files": false, "file_assignment": "none", "hidden": false, "id": 2829, "switch_use__display_text": "both"}, {"default_value": "qstartoxml.zip", "mandatory": false, "use_output_filename__switch": null, "output_file": true, "possible_values": null, "rank": null, "switch_use__description": "Both the switch and the value will be passed in the argument list. They will be separated by a space.", "switch_use__formatstring": "%(switch)s %(value)s", "switch": "outputFilename", "acceptedExtensionList": [], "helptext": null, "batch_bundle_files": false, "file_assignment": "none", "hidden": false, "id": 2830, "switch_use__display_text": "both"}, {"default_value": "/jobresult/", "mandatory": false, "use_output_filename__switch": null, "output_file": false, "possible_values": null, "rank": null, "switch_use__description": "Both the switch and the value will be passed in the argument list. They will be separated by a space.", "switch_use__formatstring": "%(switch)s %(value)s", "switch": "resultsRelativeUrl", "acceptedExtensionList": [], "helptext": null, "batch_bundle_files": false, "file_assignment": "none", "hidden": false, "id": 2831, "switch_use__display_text": "both"}], "accepts_input": false, "job_type": "single", "enabled": true, "cpus": null, "fs_backend": "nullbackend", "queue": "normal", "module": null, "max_memory": null, "inputExtensions": ["*.wiff"], "path": null, "backend": "nullbackend", "walltime": null, "description": "Convert wiff files to xml using QS Analyst"}}