{"tool": {"outputExtensions": [{"must_be_larger_than": null, "must_exist": true, "file_extension__pattern": "*"}], "display_name": "RDiGGer", "name": "RDiGGer", "parameter_list": [{"default_value": "", "mandatory": true, "use_output_filename__switch": null, "output_file": false, "possible_values": "", "rank": 1, "switch_use__description": "Only the value will be passed in the argument list (ie. the switch won't be used)", "switch_use__formatstring": "%(value)s", "switch": "NumberOfTreatments", "acceptedExtensionList": [], "helptext": "", "batch_bundle_files": false, "file_assignment": "none", "hidden": false, "id": 2789, "switch_use__display_text": "valueOnly"}, {"default_value": "", "mandatory": true, "use_output_filename__switch": null, "output_file": false, "possible_values": "", "rank": 2, "switch_use__description": "Only the value will be passed in the argument list (ie. the switch won't be used)", "switch_use__formatstring": "%(value)s", "switch": "RowsInDesign", "acceptedExtensionList": [], "helptext": "", "batch_bundle_files": false, "file_assignment": "none", "hidden": false, "id": 2790, "switch_use__display_text": "valueOnly"}, {"default_value": "", "mandatory": true, "use_output_filename__switch": null, "output_file": false, "possible_values": "", "rank": 3, "switch_use__description": "Only the value will be passed in the argument list (ie. the switch won't be used)", "switch_use__formatstring": "%(value)s", "switch": "ColumnsInDesign", "acceptedExtensionList": [], "helptext": "", "batch_bundle_files": false, "file_assignment": "none", "hidden": false, "id": 2791, "switch_use__display_text": "valueOnly"}, {"default_value": "", "mandatory": true, "use_output_filename__switch": null, "output_file": false, "possible_values": "", "rank": 4, "switch_use__description": "Only the value will be passed in the argument list (ie. the switch won't be used)", "switch_use__formatstring": "%(value)s", "switch": "RowsInReplicate", "acceptedExtensionList": [], "helptext": "", "batch_bundle_files": false, "file_assignment": "none", "hidden": false, "id": 2792, "switch_use__display_text": "valueOnly"}, {"default_value": "", "mandatory": true, "use_output_filename__switch": null, "output_file": false, "possible_values": "", "rank": 5, "switch_use__description": "Only the value will be passed in the argument list (ie. the switch won't be used)", "switch_use__formatstring": "%(value)s", "switch": "ColumnsInReplicate", "acceptedExtensionList": [], "helptext": "", "batch_bundle_files": false, "file_assignment": "none", "hidden": false, "id": 2793, "switch_use__display_text": "valueOnly"}, {"default_value": "FALSE", "mandatory": true, "use_output_filename__switch": null, "output_file": false, "possible_values": {"value": [{"display": "True", "value": "TRUE"}, {"display": "False", "value": "FALSE"}]}, "rank": 6, "switch_use__description": "Only the value will be passed in the argument list (ie. the switch won't be used)", "switch_use__formatstring": "%(value)s", "switch": "BlockIn2D", "acceptedExtensionList": [], "helptext": "", "batch_bundle_files": false, "file_assignment": "none", "hidden": false, "id": 2794, "switch_use__display_text": "valueOnly"}, {"default_value": "", "mandatory": false, "use_output_filename__switch": null, "output_file": false, "possible_values": "", "rank": 7, "switch_use__description": "Only the value will be passed in the argument list (ie. the switch won't be used)", "switch_use__formatstring": "%(value)s", "switch": "TreatmentName", "acceptedExtensionList": [], "helptext": "A comma separated list of treatment names. The number of names supplied must match NumberOfTreatments.", "batch_bundle_files": false, "file_assignment": "none", "hidden": false, "id": 2795, "switch_use__display_text": "valueOnly"}], "accepts_input": false, "job_type": "", "enabled": true, "cpus": "", "fs_backend": "nullbackend", "queue": "", "module": "R", "max_memory": null, "inputExtensions": [], "path": "Rscript /data/Rscripts/run_digger.R", "backend": "nullbackend", "walltime": "", "description": "Runs digger via R."}}