{"tool": {"outputExtensions": [{"must_be_larger_than": 0, "must_exist": true, "file_extension__pattern": "*.cod"}], "display_name": "refgene_getlocationsummary", "name": "refgene_getlocationsummary", "parameter_list": [{"default_value": "mm9/annotation/refFlat_sorted.txt", "mandatory": false, "use_output_filename__switch": null, "output_file": false, "possible_values": {"value": [{"display": "mouse", "value": "mm9/annotation/refFlat_sorted.txt"}]}, "rank": null, "switch_use__description": "Both the switch and the value will be passed in the argument list. They will be separated by a space.", "switch_use__formatstring": "%(switch)s %(value)s", "switch": "-d", "acceptedExtensionList": [], "helptext": null, "batch_bundle_files": false, "file_assignment": "none", "hidden": false, "id": 1550, "switch_use__display_text": "both"}, {"default_value": "1", "mandatory": true, "use_output_filename__switch": null, "output_file": false, "possible_values": {"value": [{"display": "1", "value": "1"}, {"display": "2", "value": "2"}]}, "rank": null, "switch_use__description": "Both the switch and the value will be passed in the argument list. They will be separated by a space.", "switch_use__formatstring": "%(switch)s %(value)s", "switch": "-dt", "acceptedExtensionList": [], "helptext": null, "batch_bundle_files": false, "file_assignment": "none", "hidden": false, "id": 1554, "switch_use__display_text": "both"}, {"default_value": "mouse", "mandatory": true, "use_output_filename__switch": null, "output_file": false, "possible_values": {"value": [{"display": "mouse", "value": "mouse"}]}, "rank": null, "switch_use__description": "Both the switch and the value will be passed in the argument list. They will be separated by a space.", "switch_use__formatstring": "%(switch)s %(value)s", "switch": "-s", "acceptedExtensionList": [], "helptext": null, "batch_bundle_files": false, "file_assignment": "none", "hidden": false, "id": 1556, "switch_use__display_text": "both"}, {"default_value": "", "mandatory": true, "use_output_filename__switch": null, "output_file": false, "possible_values": "", "rank": null, "switch_use__description": "Both the switch and the value will be passed in the argument list. They will be separated by a space.", "switch_use__formatstring": "%(switch)s %(value)s", "switch": "-i", "acceptedExtensionList": ["*.cod"], "helptext": null, "batch_bundle_files": false, "file_assignment": "batch", "hidden": false, "id": 1557, "switch_use__display_text": "both"}, {"default_value": "output.txt", "mandatory": true, "use_output_filename__switch": null, "output_file": true, "possible_values": "", "rank": null, "switch_use__description": "Both the switch and the value will be passed in the argument list. They will be separated by a space.", "switch_use__formatstring": "%(switch)s %(value)s", "switch": "-o", "acceptedExtensionList": [], "helptext": null, "batch_bundle_files": false, "file_assignment": "none", "hidden": false, "id": 1558, "switch_use__display_text": "both"}, {"default_value": "0", "mandatory": true, "use_output_filename__switch": null, "output_file": false, "possible_values": {"value": [{"display": "0", "value": "0"}, {"display": "1", "value": "1"}]}, "rank": null, "switch_use__description": "Both the switch and the value will be passed in the argument list. They will be separated by a space.", "switch_use__formatstring": "%(switch)s %(value)s", "switch": "-r", "acceptedExtensionList": [], "helptext": null, "batch_bundle_files": false, "file_assignment": "none", "hidden": false, "id": 1559, "switch_use__display_text": "both"}], "accepts_input": true, "job_type": null, "enabled": true, "cpus": "", "fs_backend": "nullbackend", "queue": null, "module": null, "max_memory": null, "inputExtensions": ["*.cod"], "path": "", "backend": "nullbackend", "walltime": "", "description": "# summarize physical distribution of peaks in relation to promoters, exons, introns, etc.\r\nrefgene_getlocationsummary -d refFlat_sorted.txt -dt 1 -s mouse -i output_il6_un.cod -o il6_un_gene.txt -r 0"}}