{"tool": {"outputExtensions": [{"must_be_larger_than": null, "must_exist": true, "file_extension__pattern": "*.cod"}], "display_name": "refgene_getnearestgene", "name": "refgene_getnearestgene", "parameter_list": [{"default_value": "mm9/annotation/refFlat_sorted.txt", "mandatory": false, "use_output_filename__switch": null, "output_file": false, "possible_values": "", "rank": 1, "switch_use__description": "Both the switch and the value will be passed in the argument list. They will be separated by a space.", "switch_use__formatstring": "%(switch)s %(value)s", "switch": "-d", "acceptedExtensionList": ["*.txt"], "helptext": null, "batch_bundle_files": false, "file_assignment": "none", "hidden": false, "id": 1579, "switch_use__display_text": "both"}, {"default_value": "1", "mandatory": true, "use_output_filename__switch": null, "output_file": false, "possible_values": "", "rank": 2, "switch_use__description": "Both the switch and the value will be passed in the argument list. They will be separated by a space.", "switch_use__formatstring": "%(switch)s %(value)s", "switch": "-dt", "acceptedExtensionList": [], "helptext": null, "batch_bundle_files": false, "file_assignment": "none", "hidden": false, "id": 1580, "switch_use__display_text": "both"}, {"default_value": "mouse", "mandatory": true, "use_output_filename__switch": null, "output_file": false, "possible_values": {"value": [{"display": "mouse", "value": "mouse"}, {"display": "human", "value": "human"}]}, "rank": 3, "switch_use__description": "Both the switch and the value will be passed in the argument list. They will be separated by a space.", "switch_use__formatstring": "%(switch)s %(value)s", "switch": "-s", "acceptedExtensionList": [], "helptext": "", "batch_bundle_files": false, "file_assignment": "none", "hidden": false, "id": 1581, "switch_use__display_text": "both"}, {"default_value": "", "mandatory": true, "use_output_filename__switch": null, "output_file": false, "possible_values": "", "rank": 4, "switch_use__description": "Both the switch and the value will be passed in the argument list. They will be separated by a space.", "switch_use__formatstring": "%(switch)s %(value)s", "switch": "-i", "acceptedExtensionList": ["*.cod"], "helptext": null, "batch_bundle_files": false, "file_assignment": "batch", "hidden": false, "id": 1582, "switch_use__display_text": "both"}, {"default_value": "output.cod", "mandatory": true, "use_output_filename__switch": null, "output_file": true, "possible_values": "", "rank": 5, "switch_use__description": "Both the switch and the value will be passed in the argument list. They will be separated by a space.", "switch_use__formatstring": "%(switch)s %(value)s", "switch": "-o", "acceptedExtensionList": [], "helptext": null, "batch_bundle_files": false, "file_assignment": "none", "hidden": false, "id": 1583, "switch_use__display_text": "both"}, {"default_value": "0", "mandatory": true, "use_output_filename__switch": null, "output_file": false, "possible_values": "", "rank": 6, "switch_use__description": "Both the switch and the value will be passed in the argument list. They will be separated by a space.", "switch_use__formatstring": "%(switch)s %(value)s", "switch": "-r", "acceptedExtensionList": [], "helptext": null, "batch_bundle_files": false, "file_assignment": "none", "hidden": false, "id": 1584, "switch_use__display_text": "both"}, {"default_value": "8000", "mandatory": true, "use_output_filename__switch": null, "output_file": false, "possible_values": "", "rank": 7, "switch_use__description": "Both the switch and the value will be passed in the argument list. They will be separated by a space.", "switch_use__formatstring": "%(switch)s %(value)s", "switch": "-up", "acceptedExtensionList": [], "helptext": null, "batch_bundle_files": false, "file_assignment": "none", "hidden": false, "id": 1585, "switch_use__display_text": "both"}, {"default_value": "2000", "mandatory": true, "use_output_filename__switch": null, "output_file": false, "possible_values": "", "rank": 8, "switch_use__description": "Both the switch and the value will be passed in the argument list. They will be separated by a space.", "switch_use__formatstring": "%(switch)s %(value)s", "switch": "-down", "acceptedExtensionList": [], "helptext": null, "batch_bundle_files": false, "file_assignment": "none", "hidden": false, "id": 1586, "switch_use__display_text": "both"}], "accepts_input": true, "job_type": "", "enabled": true, "cpus": "", "fs_backend": "nullbackend", "queue": "", "module": "", "max_memory": null, "inputExtensions": ["*.cod", "*.txt"], "path": "", "backend": "nullbackend", "walltime": "", "description": "Annotate a peak list (or a list of regions) with the closest genes."}}