{"tool": {"outputExtensions": [{"must_be_larger_than": 0, "must_exist": true, "file_extension__pattern": "*.cod"}], "display_name": "reflocus_getneighborgenes", "name": "reflocus_getneighborgenes", "parameter_list": [{"default_value": "mm9/annotation/refLocus_sorted.txt", "mandatory": false, "use_output_filename__switch": null, "output_file": false, "possible_values": "", "rank": null, "switch_use__description": "Both the switch and the value will be passed in the argument list. They will be separated by a space.", "switch_use__formatstring": "%(switch)s %(value)s", "switch": "-d", "acceptedExtensionList": [], "helptext": null, "batch_bundle_files": false, "file_assignment": "none", "hidden": false, "id": 1564, "switch_use__display_text": "both"}, {"default_value": "mouse", "mandatory": true, "use_output_filename__switch": null, "output_file": false, "possible_values": {"value": [{"display": "mouse", "value": "mouse"}, {"display": "human", "value": "human"}]}, "rank": null, "switch_use__description": "Both the switch and the value will be passed in the argument list. They will be separated by a space.", "switch_use__formatstring": "%(switch)s %(value)s", "switch": "-s", "acceptedExtensionList": [], "helptext": null, "batch_bundle_files": false, "file_assignment": "none", "hidden": false, "id": 1566, "switch_use__display_text": "both"}, {"default_value": "", "mandatory": true, "use_output_filename__switch": null, "output_file": false, "possible_values": "", "rank": null, "switch_use__description": "Both the switch and the value will be passed in the argument list. They will be separated by a space.", "switch_use__formatstring": "%(switch)s %(value)s", "switch": "-i", "acceptedExtensionList": ["*.cod"], "helptext": null, "batch_bundle_files": false, "file_assignment": "batch", "hidden": false, "id": 1574, "switch_use__display_text": "both"}, {"default_value": "output.cod", "mandatory": true, "use_output_filename__switch": null, "output_file": true, "possible_values": "", "rank": null, "switch_use__description": "Both the switch and the value will be passed in the argument list. They will be separated by a space.", "switch_use__formatstring": "%(switch)s %(value)s", "switch": "-o", "acceptedExtensionList": [], "helptext": null, "batch_bundle_files": false, "file_assignment": "none", "hidden": false, "id": 1575, "switch_use__display_text": "both"}, {"default_value": "1000000", "mandatory": true, "use_output_filename__switch": null, "output_file": false, "possible_values": {"value": [{"display": "1000000", "value": "1000000"}, {"display": "500000", "value": "500000"}]}, "rank": null, "switch_use__description": "Both the switch and the value will be passed in the argument list. They will be separated by a space.", "switch_use__formatstring": "%(switch)s %(value)s", "switch": "-g", "acceptedExtensionList": [], "helptext": null, "batch_bundle_files": false, "file_assignment": "none", "hidden": false, "id": 1576, "switch_use__display_text": "both"}, {"default_value": "3", "mandatory": true, "use_output_filename__switch": null, "output_file": false, "possible_values": {"value": [{"display": "1", "value": "1"}, {"display": "2", "value": "2"}, {"display": "3", "value": "3"}]}, "rank": null, "switch_use__description": "Both the switch and the value will be passed in the argument list. They will be separated by a space.", "switch_use__formatstring": "%(switch)s %(value)s", "switch": "-up", "acceptedExtensionList": [], "helptext": null, "batch_bundle_files": false, "file_assignment": "none", "hidden": false, "id": 1577, "switch_use__display_text": "both"}, {"default_value": "3", "mandatory": true, "use_output_filename__switch": null, "output_file": false, "possible_values": {"value": [{"display": "1", "value": "1"}, {"display": "2", "value": "2"}, {"display": "3", "value": "3"}]}, "rank": null, "switch_use__description": "Both the switch and the value will be passed in the argument list. They will be separated by a space.", "switch_use__formatstring": "%(switch)s %(value)s", "switch": "-down", "acceptedExtensionList": [], "helptext": null, "batch_bundle_files": false, "file_assignment": "none", "hidden": false, "id": 1578, "switch_use__display_text": "both"}], "accepts_input": true, "job_type": null, "enabled": true, "cpus": "", "fs_backend": "nullbackend", "queue": null, "module": null, "max_memory": null, "inputExtensions": ["*.cod"], "path": "", "backend": "nullbackend", "walltime": "", "description": "# annotate a peak list with k-closest neighboring genes:\r\nreflocus_getneighborgenes -d refLocus_sorted.txt -s mouse  -i output_il6_un.cod -o locus_il6_un.cod -g 1000000 -up 3 -down 3\r\n"}}