{"tool": {"outputExtensions": [{"must_be_larger_than": null, "must_exist": false, "file_extension__pattern": "*.xml"}], "display_name": "RefreshParser", "name": "RefreshParser", "parameter_list": [{"default_value": "", "mandatory": false, "use_output_filename__switch": null, "output_file": true, "possible_values": "", "rank": null, "switch_use__description": "Both the switch and the value will be passed in the argument list. They will be separated by a space.", "switch_use__formatstring": "%(switch)s %(value)s", "switch": "-o", "acceptedExtensionList": [], "helptext": "Optional name for output file.", "batch_bundle_files": false, "file_assignment": "none", "hidden": false, "id": 2870, "switch_use__display_text": "both"}, {"default_value": "", "mandatory": true, "use_output_filename__switch": null, "output_file": false, "possible_values": "", "rank": 0, "switch_use__description": "Only the value will be passed in the argument list (ie. the switch won't be used)", "switch_use__formatstring": "%(value)s", "switch": "inputFiles", "acceptedExtensionList": ["*.xml"], "helptext": "The pep.xml file that should be used for input.", "batch_bundle_files": false, "file_assignment": "batch", "hidden": false, "id": 2871, "switch_use__display_text": "valueOnly"}], "accepts_input": true, "job_type": "", "enabled": true, "cpus": "", "fs_backend": "nullbackend", "queue": "", "module": "tpp,yabi-tools/andrew", "max_memory": null, "inputExtensions": ["*.xml"], "path": "ccg_refreshparser_wrapper.py", "backend": "nullbackend", "walltime": "", "description": "Find all proteins corresponding to identified peptides and overwrite results to input file."}}