{"tool": {"outputExtensions": [{"must_be_larger_than": null, "must_exist": null, "file_extension__pattern": "*.masked"}, {"must_be_larger_than": null, "must_exist": true, "file_extension__pattern": "*.cat"}, {"must_be_larger_than": null, "must_exist": null, "file_extension__pattern": "*.log"}, {"must_be_larger_than": null, "must_exist": null, "file_extension__pattern": "*.out"}, {"must_be_larger_than": null, "must_exist": null, "file_extension__pattern": "*.tbl"}], "display_name": "repeatmasker", "name": "repeatmasker", "parameter_list": [{"default_value": "human", "mandatory": false, "use_output_filename__switch": null, "output_file": false, "possible_values": {"value": [{"display": "human", "value": "human"}, {"display": "mouse", "value": "mouse"}, {"display": "rattus", "value": "rattus"}, {"display": "ciona savignyi", "value": "'ciona savignyi'"}, {"display": "arabidopsis", "value": "arabidopsis"}, {"display": "mammal", "value": "mammal"}, {"display": "carnivore", "value": "carnivore"}, {"display": "rodentia", "value": "rodentia"}, {"display": "rat", "value": "rat"}, {"display": "cow", "value": "cow"}, {"display": "pig", "value": "pig"}, {"display": "cat", "value": "cat"}, {"display": "dog", "value": "dog"}, {"display": "chicken", "value": "chicken"}, {"display": "fugu", "value": "fugu"}, {"display": "danio", "value": "danio"}, {"display": "ciona intestinalis", "value": "'ciona intestinalis"}, {"display": "drosophila", "value": "drosophila"}, {"display": "anopheles", "value": "anopheles"}, {"display": "elegans", "value": "elegans"}, {"display": "diatoaea", "value": "diatoaea"}, {"display": "artiodactyl", "value": "artiodactyl"}, {"display": "arabidopsis", "value": "arabidopsis"}, {"display": "rice", "value": "rice"}, {"display": "wheat", "value": "wheat"}, {"display": "barley", "value": "barley"}, {"display": "maize", "value": "maize"}]}, "rank": 1, "switch_use__description": "Both the switch and the value will be passed in the argument list. They will be separated by a space.", "switch_use__formatstring": "%(switch)s %(value)s", "switch": "-species", "acceptedExtensionList": [], "helptext": "Specify the species or clade of the input sequence.", "batch_bundle_files": false, "file_assignment": "none", "hidden": false, "id": 3382, "switch_use__display_text": "both"}, {"default_value": "", "mandatory": false, "use_output_filename__switch": null, "output_file": false, "possible_values": "", "rank": 1, "switch_use__description": "Both the switch and the value will be passed in the argument list. They will be separated by a space.", "switch_use__formatstring": "%(switch)s %(value)s", "switch": "-div", "acceptedExtensionList": [], "helptext": "Masks only those repeats < x percent diverged from consensus seq.", "batch_bundle_files": false, "file_assignment": "none", "hidden": false, "id": 3384, "switch_use__display_text": "both"}, {"default_value": "", "mandatory": false, "use_output_filename__switch": null, "output_file": false, "possible_values": "", "rank": 1, "switch_use__description": "Both the switch and the value will be passed in the argument list. They will be separated by a space.", "switch_use__formatstring": "%(switch)s %(value)s", "switch": "-gc", "acceptedExtensionList": [], "helptext": "Use matrices calculated for given number percentage background GC level.", "batch_bundle_files": false, "file_assignment": "none", "hidden": false, "id": 3385, "switch_use__display_text": "both"}, {"default_value": "", "mandatory": false, "use_output_filename__switch": null, "output_file": false, "possible_values": "", "rank": 1, "switch_use__description": "Both the switch and the value will be passed in the argument list. They will be separated by a space.", "switch_use__formatstring": "%(switch)s %(value)s", "switch": "-frag", "acceptedExtensionList": [], "helptext": "Maximum sequence length masked without fragmenting (default 40000, 300000 for DeCypher).", "batch_bundle_files": false, "file_assignment": "none", "hidden": false, "id": 3386, "switch_use__display_text": "both"}, {"default_value": "", "mandatory": false, "use_output_filename__switch": null, "output_file": false, "possible_values": "", "rank": 1, "switch_use__description": "Both the switch and the value will be passed in the argument list. They will be separated by a space.", "switch_use__formatstring": "%(switch)s %(value)s", "switch": "-maxsize", "acceptedExtensionList": [], "helptext": "Maximum length for which IS- or repeat clipped sequences can be produced (default 4000000). Memory requirements go up with higher maxsize.", "batch_bundle_files": false, "file_assignment": "none", "hidden": false, "id": 3387, "switch_use__display_text": "both"}, {"default_value": "", "mandatory": false, "use_output_filename__switch": null, "output_file": false, "possible_values": "", "rank": 1, "switch_use__description": "Only the switch will be passed in the argument list.", "switch_use__formatstring": "%(switch)s", "switch": "-nolow", "acceptedExtensionList": [], "helptext": "Does not mask low_complexity DNA or simple repeats.", "batch_bundle_files": false, "file_assignment": "none", "hidden": false, "id": 3388, "switch_use__display_text": "switchOnly"}, {"default_value": "", "mandatory": false, "use_output_filename__switch": null, "output_file": false, "possible_values": "", "rank": 1, "switch_use__description": "Only the switch will be passed in the argument list.", "switch_use__formatstring": "%(switch)s", "switch": "-noint", "acceptedExtensionList": [], "helptext": "Only masks low complex/simple repeats (no interspersed repeats).", "batch_bundle_files": false, "file_assignment": "none", "hidden": false, "id": 3389, "switch_use__display_text": "switchOnly"}, {"default_value": "", "mandatory": false, "use_output_filename__switch": null, "output_file": false, "possible_values": "", "rank": 1, "switch_use__description": "Only the switch will be passed in the argument list.", "switch_use__formatstring": "%(switch)s", "switch": "-norna", "acceptedExtensionList": [], "helptext": "Does not mask small RNA (pseudo) genes.", "batch_bundle_files": false, "file_assignment": "none", "hidden": false, "id": 3390, "switch_use__display_text": "switchOnly"}, {"default_value": "", "mandatory": false, "use_output_filename__switch": null, "output_file": false, "possible_values": "", "rank": 1, "switch_use__description": "Only the switch will be passed in the argument list.", "switch_use__formatstring": "%(switch)s", "switch": "-alu", "acceptedExtensionList": [], "helptext": "Only masks Alus (and 7SLRNA, SVA and LTR5)(only for primate DNA).", "batch_bundle_files": false, "file_assignment": "none", "hidden": false, "id": 3391, "switch_use__display_text": "switchOnly"}, {"default_value": "", "mandatory": false, "use_output_filename__switch": null, "output_file": false, "possible_values": "", "rank": 1, "switch_use__description": "Only the switch will be passed in the argument list.", "switch_use__formatstring": "%(switch)s", "switch": "-is_only", "acceptedExtensionList": [], "helptext": "Only clips E coli insertion elements out of fasta and .qual files.", "batch_bundle_files": false, "file_assignment": "none", "hidden": false, "id": 3392, "switch_use__display_text": "switchOnly"}, {"default_value": "", "mandatory": false, "use_output_filename__switch": null, "output_file": false, "possible_values": "", "rank": 1, "switch_use__description": "Only the switch will be passed in the argument list.", "switch_use__formatstring": "%(switch)s", "switch": "-is_clip", "acceptedExtensionList": [], "helptext": "Clips IS elements before analysis (default: IS only reported).", "batch_bundle_files": false, "file_assignment": "none", "hidden": false, "id": 3393, "switch_use__display_text": "switchOnly"}, {"default_value": "", "mandatory": false, "use_output_filename__switch": null, "output_file": false, "possible_values": "", "rank": 1, "switch_use__description": "Only the switch will be passed in the argument list.", "switch_use__formatstring": "%(switch)s", "switch": "-no_is", "acceptedExtensionList": [], "helptext": "Skips bacterial insertion element check.", "batch_bundle_files": false, "file_assignment": "none", "hidden": false, "id": 3394, "switch_use__display_text": "switchOnly"}, {"default_value": "", "mandatory": false, "use_output_filename__switch": null, "output_file": false, "possible_values": "", "rank": 1, "switch_use__description": "Only the switch will be passed in the argument list.", "switch_use__formatstring": "%(switch)s", "switch": "-rodspec", "acceptedExtensionList": [], "helptext": "Only checks for rodent specific repeats (no repeatmasker run).", "batch_bundle_files": false, "file_assignment": "none", "hidden": false, "id": 3395, "switch_use__display_text": "switchOnly"}, {"default_value": "", "mandatory": false, "use_output_filename__switch": null, "output_file": false, "possible_values": "", "rank": 1, "switch_use__description": "Only the switch will be passed in the argument list.", "switch_use__formatstring": "%(switch)s", "switch": "-primspec", "acceptedExtensionList": [], "helptext": "Only checks for primate specific repeats (no repeatmasker run).", "batch_bundle_files": false, "file_assignment": "none", "hidden": false, "id": 3396, "switch_use__display_text": "switchOnly"}, {"default_value": "", "mandatory": false, "use_output_filename__switch": null, "output_file": false, "possible_values": "", "rank": 1, "switch_use__description": "Only the switch will be passed in the argument list.", "switch_use__formatstring": "%(switch)s", "switch": "-nocut", "acceptedExtensionList": [], "helptext": "Skips the steps in which repeats are excised.", "batch_bundle_files": false, "file_assignment": "none", "hidden": false, "id": 3397, "switch_use__display_text": "switchOnly"}, {"default_value": "", "mandatory": false, "use_output_filename__switch": null, "output_file": false, "possible_values": "", "rank": 1, "switch_use__description": "Only the switch will be passed in the argument list.", "switch_use__formatstring": "%(switch)s", "switch": "-inv", "acceptedExtensionList": [], "helptext": "Alignments are presented in the orientation of the repeat (with option -a).\r\n", "batch_bundle_files": false, "file_assignment": "none", "hidden": false, "id": 3399, "switch_use__display_text": "switchOnly"}, {"default_value": "", "mandatory": false, "use_output_filename__switch": null, "output_file": false, "possible_values": "", "rank": 1, "switch_use__description": "Both the switch and the value will be passed in the argument list. They will be separated by a space.", "switch_use__formatstring": "%(switch)s %(value)s", "switch": "-cutoff", "acceptedExtensionList": [], "helptext": "Sets cutoff score for masking repeats when using -lib (default 225).", "batch_bundle_files": false, "file_assignment": "none", "hidden": false, "id": 3400, "switch_use__display_text": "both"}, {"default_value": "", "mandatory": false, "use_output_filename__switch": null, "output_file": false, "possible_values": "", "rank": 1, "switch_use__description": "Only the switch will be passed in the argument list.", "switch_use__formatstring": "%(switch)s", "switch": "-small", "acceptedExtensionList": [], "helptext": "Returns complete .masked sequence in lower case.", "batch_bundle_files": false, "file_assignment": "none", "hidden": false, "id": 3401, "switch_use__display_text": "switchOnly"}, {"default_value": "", "mandatory": false, "use_output_filename__switch": null, "output_file": false, "possible_values": "", "rank": 1, "switch_use__description": "Only the switch will be passed in the argument list.", "switch_use__formatstring": "%(switch)s", "switch": "-xsmall", "acceptedExtensionList": [], "helptext": "Returns repetitive regions in lowercase (rest capitals) rather masked.", "batch_bundle_files": false, "file_assignment": "none", "hidden": false, "id": 3402, "switch_use__display_text": "switchOnly"}, {"default_value": "", "mandatory": false, "use_output_filename__switch": null, "output_file": false, "possible_values": "", "rank": 1, "switch_use__description": "Only the switch will be passed in the argument list.", "switch_use__formatstring": "%(switch)s", "switch": "-x", "acceptedExtensionList": [], "helptext": "Returns repetitive regions masked with Xs rather than Ns.", "batch_bundle_files": false, "file_assignment": "none", "hidden": false, "id": 3403, "switch_use__display_text": "switchOnly"}, {"default_value": "", "mandatory": false, "use_output_filename__switch": null, "output_file": false, "possible_values": "", "rank": 1, "switch_use__description": "Only the switch will be passed in the argument list.", "switch_use__formatstring": "%(switch)s", "switch": "-poly", "acceptedExtensionList": [], "helptext": "Reports simple repeats that may be polymorphic (in file.poly).", "batch_bundle_files": false, "file_assignment": "none", "hidden": false, "id": 3404, "switch_use__display_text": "switchOnly"}, {"default_value": "", "mandatory": false, "use_output_filename__switch": null, "output_file": false, "possible_values": "", "rank": 1, "switch_use__description": "Only the switch will be passed in the argument list.", "switch_use__formatstring": "%(switch)s", "switch": "-gff", "acceptedExtensionList": [], "helptext": "Creates an additional Gene Feature Finding format output.", "batch_bundle_files": false, "file_assignment": "none", "hidden": false, "id": 3406, "switch_use__display_text": "switchOnly"}, {"default_value": "", "mandatory": false, "use_output_filename__switch": null, "output_file": false, "possible_values": "", "rank": 1, "switch_use__description": "Only the switch will be passed in the argument list.", "switch_use__formatstring": "%(switch)s", "switch": "-u", "acceptedExtensionList": [], "helptext": "Creates an additional annotation file not processed by ProcessRepeats.", "batch_bundle_files": false, "file_assignment": "none", "hidden": false, "id": 3407, "switch_use__display_text": "switchOnly"}, {"default_value": "", "mandatory": false, "use_output_filename__switch": null, "output_file": false, "possible_values": "", "rank": 1, "switch_use__description": "Only the switch will be passed in the argument list.", "switch_use__formatstring": "%(switch)s", "switch": "-xm", "acceptedExtensionList": [], "helptext": "Creates an additional output file in cross_match format (for parsing).", "batch_bundle_files": false, "file_assignment": "none", "hidden": false, "id": 3408, "switch_use__display_text": "switchOnly"}, {"default_value": "", "mandatory": false, "use_output_filename__switch": null, "output_file": false, "possible_values": "", "rank": 1, "switch_use__description": "Only the switch will be passed in the argument list.", "switch_use__formatstring": "%(switch)s", "switch": "-fixed", "acceptedExtensionList": [], "helptext": "Creates an (old style) annotation file with fixed width columns.", "batch_bundle_files": false, "file_assignment": "none", "hidden": false, "id": 3409, "switch_use__display_text": "switchOnly"}, {"default_value": "", "mandatory": false, "use_output_filename__switch": null, "output_file": false, "possible_values": "", "rank": 1, "switch_use__description": "Only the switch will be passed in the argument list.", "switch_use__formatstring": "%(switch)s", "switch": "-no_id", "acceptedExtensionList": [], "helptext": "Leaves out final column with unique ID for each element.", "batch_bundle_files": false, "file_assignment": "none", "hidden": false, "id": 3410, "switch_use__display_text": "switchOnly"}, {"default_value": "", "mandatory": false, "use_output_filename__switch": null, "output_file": false, "possible_values": "", "rank": 1, "switch_use__description": "Only the switch will be passed in the argument list.", "switch_use__formatstring": "%(switch)s", "switch": "-excln", "acceptedExtensionList": [], "helptext": "Calculates repeat densities (in .tbl) excluding runs of >=20 N/Xs in the query.", "batch_bundle_files": false, "file_assignment": "none", "hidden": false, "id": 3411, "switch_use__display_text": "switchOnly"}, {"default_value": "", "mandatory": false, "use_output_filename__switch": null, "output_file": false, "possible_values": {"value": [{"display": "-----", "value": ""}, {"display": "crossmatch", "value": "crossmatch"}, {"display": "wublast", "value": "wublast"}, {"display": "decypher", "value": "decypher"}]}, "rank": 1, "switch_use__description": "Both the switch and the value will be passed in the argument list. They will be separated by a space.", "switch_use__formatstring": "%(switch)s %(value)s", "switch": "-engine", "acceptedExtensionList": [], "helptext": "Use an alternate search engine to the default.", "batch_bundle_files": false, "file_assignment": "none", "hidden": false, "id": 3412, "switch_use__display_text": "both"}, {"default_value": "", "mandatory": true, "use_output_filename__switch": null, "output_file": false, "possible_values": "", "rank": 99, "switch_use__description": "Only the value will be passed in the argument list (ie. the switch won't be used)", "switch_use__formatstring": "%(value)s", "switch": "inputFile", "acceptedExtensionList": ["*.fna", "*.ffn", "*.fasta", "*.fa", "*.faa", "*.frn"], "helptext": "The input fasta sequence files.", "batch_bundle_files": false, "file_assignment": "batch", "hidden": false, "id": 3414, "switch_use__display_text": "valueOnly"}, {"default_value": ".", "mandatory": true, "use_output_filename__switch": null, "output_file": false, "possible_values": "", "rank": 1, "switch_use__description": "Both the switch and the value will be passed in the argument list. They will be separated by a space.", "switch_use__formatstring": "%(switch)s %(value)s", "switch": "-dir", "acceptedExtensionList": [], "helptext": "The output directory. Do not change this.", "batch_bundle_files": false, "file_assignment": "none", "hidden": false, "id": 3415, "switch_use__display_text": "both"}], "accepts_input": true, "job_type": "single", "enabled": true, "cpus": "", "fs_backend": "nullbackend", "queue": "normal", "module": "repeatmasker", "max_memory": null, "inputExtensions": ["*.fna", "*.ffn", "*.fasta", "*.fa", "*.faa", "*.frn"], "path": "RepeatMasker", "backend": "nullbackend", "walltime": "", "description": "RepeatMasker is a program that screens DNA sequences for interspersed repeats and low complexity DNA sequences."}}