{"tool": {"outputExtensions": [{"must_be_larger_than": null, "must_exist": true, "file_extension__pattern": "*.bls"}, {"must_be_larger_than": null, "must_exist": false, "file_extension__pattern": "*.xml"}, {"must_be_larger_than": null, "must_exist": false, "file_extension__pattern": "*.txt"}], "display_name": "rpsblast", "name": "rpsblast.xe.ivec.org", "parameter_list": [{"default_value": "T", "mandatory": true, "use_output_filename__switch": null, "output_file": false, "possible_values": {"value": [{"display": "Yes", "value": "T"}, {"display": "No", "value": "F"}]}, "rank": 1, "switch_use__description": "Both the switch and the value will be passed in the argument list. They will be separated by a space.", "switch_use__formatstring": "%(switch)s %(value)s", "switch": "-p", "acceptedExtensionList": [], "helptext": "Query sequence is protein.", "batch_bundle_files": false, "file_assignment": "none", "hidden": false, "id": 2966, "switch_use__display_text": "both"}, {"default_value": "", "mandatory": true, "use_output_filename__switch": null, "output_file": false, "possible_values": {"value": [{"display": "Cdd", "value": "/data/rpsblastdb/Cdd"}]}, "rank": 2, "switch_use__description": "Both the switch and the value will be passed in the argument list. They will be separated by a space.", "switch_use__formatstring": "%(switch)s %(value)s", "switch": "-d", "acceptedExtensionList": [], "helptext": "RPS BLAST Database.", "batch_bundle_files": false, "file_assignment": "none", "hidden": false, "id": 2967, "switch_use__display_text": "both"}, {"default_value": "", "mandatory": true, "use_output_filename__switch": null, "output_file": false, "possible_values": "", "rank": 3, "switch_use__description": "Both the switch and the value will be passed in the argument list. They will be separated by a space.", "switch_use__formatstring": "%(switch)s %(value)s", "switch": "-i", "acceptedExtensionList": ["*.fna", "*.faa", "*.fa"], "helptext": "Input query sequence.", "batch_bundle_files": false, "file_assignment": "batch", "hidden": false, "id": 2968, "switch_use__display_text": "both"}, {"default_value": "output.bls", "mandatory": true, "use_output_filename__switch": null, "output_file": true, "possible_values": "", "rank": null, "switch_use__description": "Both the switch and the value will be passed in the argument list. They will be separated by a space.", "switch_use__formatstring": "%(switch)s %(value)s", "switch": "-o", "acceptedExtensionList": [], "helptext": "Output file for alignment.", "batch_bundle_files": false, "file_assignment": "none", "hidden": false, "id": 2969, "switch_use__display_text": "both"}, {"default_value": "", "mandatory": false, "use_output_filename__switch": null, "output_file": true, "possible_values": "", "rank": null, "switch_use__description": "Both the switch and the value will be passed in the argument list. They will be separated by a space.", "switch_use__formatstring": "%(switch)s %(value)s", "switch": "-O", "acceptedExtensionList": [], "helptext": "SeqAlign file ('Believe the query defline' must be YES).", "batch_bundle_files": false, "file_assignment": "none", "hidden": false, "id": 2970, "switch_use__display_text": "both"}, {"default_value": "", "mandatory": false, "use_output_filename__switch": null, "output_file": false, "possible_values": "", "rank": null, "switch_use__description": "Both the switch and the value will be passed in the argument list. They will be separated by a space.", "switch_use__formatstring": "%(switch)s %(value)s", "switch": "-F", "acceptedExtensionList": [], "helptext": "Filter query sequence with SEG.", "batch_bundle_files": false, "file_assignment": "none", "hidden": false, "id": 2971, "switch_use__display_text": "both"}, {"default_value": "10.0", "mandatory": false, "use_output_filename__switch": null, "output_file": false, "possible_values": "", "rank": null, "switch_use__description": "Both the switch and the value will be passed in the argument list. They will be separated by a space.", "switch_use__formatstring": "%(switch)s %(value)s", "switch": "-e", "acceptedExtensionList": [], "helptext": "Expectation value (E).", "batch_bundle_files": false, "file_assignment": "none", "hidden": false, "id": 2972, "switch_use__display_text": "both"}, {"default_value": "0", "mandatory": false, "use_output_filename__switch": null, "output_file": false, "possible_values": {"value": [{"display": "Pairwise", "value": "0"}, {"display": "Query-anchored showing identities", "value": "1"}, {"display": "Query-anchored no identities", "value": "2"}, {"display": "Flat query-anchored, show identities", "value": "3"}, {"display": "Flat query-anchored, no identities", "value": "4"}, {"display": "Query-anchored no identities and blunt ends", "value": "5"}, {"display": "Flat query-anchored, no identities and blunt ends", "value": "6"}, {"display": "XML Blast output", "value": "7"}, {"display": "Tabular output", "value": "8"}, {"display": "Tabular output with comments", "value": "9"}]}, "rank": null, "switch_use__description": "Both the switch and the value will be passed in the argument list. They will be separated by a space.", "switch_use__formatstring": "%(switch)s %(value)s", "switch": "-m", "acceptedExtensionList": [], "helptext": "Alignment view options.", "batch_bundle_files": false, "file_assignment": "none", "hidden": false, "id": 2973, "switch_use__display_text": "both"}, {"default_value": "15", "mandatory": false, "use_output_filename__switch": null, "output_file": false, "possible_values": "", "rank": null, "switch_use__description": "Both the switch and the value will be passed in the argument list. They will be separated by a space.", "switch_use__formatstring": "%(switch)s %(value)s", "switch": "-X", "acceptedExtensionList": [], "helptext": "X dropoff value for gapped alignment (in bits).", "batch_bundle_files": false, "file_assignment": "none", "hidden": false, "id": 2979, "switch_use__display_text": "both"}, {"default_value": "F", "mandatory": false, "use_output_filename__switch": null, "output_file": false, "possible_values": {"value": [{"display": "Yes", "value": "T"}, {"display": "No", "value": "F"}]}, "rank": null, "switch_use__description": "Both the switch and the value will be passed in the argument list. They will be separated by a space.", "switch_use__formatstring": "%(switch)s %(value)s", "switch": "-I", "acceptedExtensionList": [], "helptext": "Show GI's in deflines.", "batch_bundle_files": false, "file_assignment": "none", "hidden": false, "id": 2980, "switch_use__display_text": "both"}, {"default_value": "500", "mandatory": false, "use_output_filename__switch": null, "output_file": false, "possible_values": "", "rank": null, "switch_use__description": "Both the switch and the value will be passed in the argument list. They will be separated by a space.", "switch_use__formatstring": "%(switch)s %(value)s", "switch": "-v", "acceptedExtensionList": [], "helptext": "Number of database sequences to show one-line descriptions for (V).", "batch_bundle_files": false, "file_assignment": "none", "hidden": false, "id": 2983, "switch_use__display_text": "both"}, {"default_value": "250", "mandatory": false, "use_output_filename__switch": null, "output_file": false, "possible_values": "", "rank": null, "switch_use__description": "Both the switch and the value will be passed in the argument list. They will be separated by a space.", "switch_use__formatstring": "%(switch)s %(value)s", "switch": "-b", "acceptedExtensionList": [], "helptext": "Number of database sequence to show alignments for (B).", "batch_bundle_files": false, "file_assignment": "none", "hidden": false, "id": 2984, "switch_use__display_text": "both"}, {"default_value": "F", "mandatory": false, "use_output_filename__switch": null, "output_file": false, "possible_values": {"value": [{"display": "Yes", "value": "T"}, {"display": "No", "value": "F"}]}, "rank": null, "switch_use__description": "Both the switch and the value will be passed in the argument list. They will be separated by a space.", "switch_use__formatstring": "%(switch)s %(value)s", "switch": "-J", "acceptedExtensionList": [], "helptext": "Believe the query defline.", "batch_bundle_files": false, "file_assignment": "none", "hidden": false, "id": 2987, "switch_use__display_text": "both"}, {"default_value": "0", "mandatory": false, "use_output_filename__switch": null, "output_file": false, "possible_values": "", "rank": null, "switch_use__description": "Both the switch and the value will be passed in the argument list. They will be separated by a space.", "switch_use__formatstring": "%(switch)s %(value)s", "switch": "-z", "acceptedExtensionList": [], "helptext": "Effective length of the database (use zero for the real size).", "batch_bundle_files": false, "file_assignment": "none", "hidden": false, "id": 2989, "switch_use__display_text": "both"}, {"default_value": "0", "mandatory": false, "use_output_filename__switch": null, "output_file": false, "possible_values": "", "rank": null, "switch_use__description": "Both the switch and the value will be passed in the argument list. They will be separated by a space.", "switch_use__formatstring": "%(switch)s %(value)s", "switch": "-P", "acceptedExtensionList": [], "helptext": "0 for multiple hit, 1 for single hit.", "batch_bundle_files": false, "file_assignment": "none", "hidden": false, "id": 2991, "switch_use__display_text": "both"}, {"default_value": "0", "mandatory": false, "use_output_filename__switch": null, "output_file": false, "possible_values": "", "rank": null, "switch_use__description": "Both the switch and the value will be passed in the argument list. They will be separated by a space.", "switch_use__formatstring": "%(switch)s %(value)s", "switch": "-Y", "acceptedExtensionList": [], "helptext": "Effective length of the search space (use zero for the real size).", "batch_bundle_files": false, "file_assignment": "none", "hidden": false, "id": 2992, "switch_use__display_text": "both"}, {"default_value": "F", "mandatory": false, "use_output_filename__switch": null, "output_file": false, "possible_values": {"value": [{"display": "Yes", "value": "T"}, {"display": "No", "value": "F"}]}, "rank": null, "switch_use__description": "Both the switch and the value will be passed in the argument list. They will be separated by a space.", "switch_use__formatstring": "%(switch)s %(value)s", "switch": "-T", "acceptedExtensionList": [], "helptext": "Produce HTML output.", "batch_bundle_files": false, "file_assignment": "none", "hidden": false, "id": 2994, "switch_use__display_text": "both"}, {"default_value": "F", "mandatory": false, "use_output_filename__switch": null, "output_file": false, "possible_values": {"value": [{"display": "Yes", "value": "T"}, {"display": "No", "value": "F"}]}, "rank": null, "switch_use__description": "Both the switch and the value will be passed in the argument list. They will be separated by a space.", "switch_use__formatstring": "%(switch)s %(value)s", "switch": "-U", "acceptedExtensionList": [], "helptext": "Use lower case filtering of FASTA sequence.", "batch_bundle_files": false, "file_assignment": "none", "hidden": false, "id": 2996, "switch_use__display_text": "both"}, {"default_value": "7.0", "mandatory": false, "use_output_filename__switch": null, "output_file": false, "possible_values": "", "rank": null, "switch_use__description": "Both the switch and the value will be passed in the argument list. They will be separated by a space.", "switch_use__formatstring": "%(switch)s %(value)s", "switch": "-y", "acceptedExtensionList": [], "helptext": "Dropoff (X) for blast extensions in bits.", "batch_bundle_files": false, "file_assignment": "none", "hidden": false, "id": 2997, "switch_use__display_text": "both"}, {"default_value": "25", "mandatory": false, "use_output_filename__switch": null, "output_file": false, "possible_values": "", "rank": null, "switch_use__description": "Both the switch and the value will be passed in the argument list. They will be separated by a space.", "switch_use__formatstring": "%(switch)s %(value)s", "switch": "-Z", "acceptedExtensionList": [], "helptext": "X dropoff value for final gapped alignment (in bits).", "batch_bundle_files": false, "file_assignment": "none", "hidden": false, "id": 2998, "switch_use__display_text": "both"}, {"default_value": "22.0", "mandatory": false, "use_output_filename__switch": null, "output_file": false, "possible_values": "", "rank": null, "switch_use__description": "Both the switch and the value will be passed in the argument list. They will be separated by a space.", "switch_use__formatstring": "%(switch)s %(value)s", "switch": "-N", "acceptedExtensionList": [], "helptext": "Number of bits to trigger gapping.", "batch_bundle_files": false, "file_assignment": "none", "hidden": false, "id": 3000, "switch_use__display_text": "both"}, {"default_value": "0,0", "mandatory": false, "use_output_filename__switch": null, "output_file": false, "possible_values": "", "rank": null, "switch_use__description": "Both the switch and the value will be passed in the argument list. They will be separated by a space.", "switch_use__formatstring": "%(switch)s %(value)s", "switch": "-L", "acceptedExtensionList": [], "helptext": "Range restriction on query sequence (Format: start,stop) blastp only.\r\n0 in 'start' refers to the beginning of the sequence.\r\n0 in 'stop' refers to the end of the sequence.", "batch_bundle_files": false, "file_assignment": "none", "hidden": false, "id": 3001, "switch_use__display_text": "both"}], "accepts_input": true, "job_type": "", "enabled": true, "cpus": "1", "fs_backend": "nullbackend", "queue": "", "module": "blast/2.2.19", "max_memory": null, "inputExtensions": ["*.fna", "*.faa", "*.fa"], "path": "rpsblast", "backend": "nullbackend", "walltime": "60:00:00", "description": "RPSBLAST (Reverse PSI-BLAST) searches a query sequence against a database of profiles, or score matrices, prepared by copymat, producing BLAST-like output."}}