{"tool": {"outputExtensions": [{"must_be_larger_than": null, "must_exist": true, "file_extension__pattern": "*.aln"}], "display_name": "tablesorter", "name": "tablesorter_str", "parameter_list": [{"default_value": "", "mandatory": true, "use_output_filename__switch": null, "output_file": false, "possible_values": "", "rank": 1, "switch_use__description": "Only the value will be passed in the argument list (ie. the switch won't be used)", "switch_use__formatstring": "%(value)s", "switch": "inputFile", "acceptedExtensionList": ["*.aln"], "helptext": null, "batch_bundle_files": false, "file_assignment": "batch", "hidden": false, "id": 1545, "switch_use__display_text": "valueOnly"}], "accepts_input": true, "job_type": null, "enabled": true, "cpus": "", "fs_backend": "nullbackend", "queue": null, "module": null, "max_memory": null, "inputExtensions": ["*.aln"], "path": "", "backend": "nullbackend", "walltime": "", "description": "Sort the chromosome location of the input alignment file."}}