{"tool": {"outputExtensions": [{"must_be_larger_than": null, "must_exist": null, "file_extension__pattern": "*.fa"}], "display_name": "transeq", "name": "transeq", "parameter_list": [{"default_value": "", "mandatory": true, "use_output_filename__switch": null, "output_file": false, "possible_values": "", "rank": null, "switch_use__description": "Both the switch and the value will be passed in the argument list. They will be separated by a space.", "switch_use__formatstring": "%(switch)s %(value)s", "switch": "-sequence", "acceptedExtensionList": ["*.seq", "*.fna", "*.faa", "*.fa"], "helptext": "", "batch_bundle_files": false, "file_assignment": "batch", "hidden": false, "id": 2403, "switch_use__display_text": "both"}, {"default_value": "output.fa", "mandatory": true, "use_output_filename__switch": null, "output_file": false, "possible_values": "", "rank": null, "switch_use__description": "Both the switch and the value will be passed in the argument list. They will be separated by a space.", "switch_use__formatstring": "%(switch)s %(value)s", "switch": "-outseq", "acceptedExtensionList": [], "helptext": "", "batch_bundle_files": false, "file_assignment": "none", "hidden": false, "id": 2404, "switch_use__display_text": "both"}, {"default_value": "0", "mandatory": false, "use_output_filename__switch": null, "output_file": false, "possible_values": {"value": [{"display": "Standard", "value": "0"}, {"display": "Standard (with alternative initiation codons)", "value": "1"}, {"display": "Vertebrate Mitochondrial", "value": "2"}, {"display": "Yeast Mitochondrial", "value": "3"}, {"display": "Mold, Protozoan, Coelenterate Mitochondrial and Mycoplasma/Spiroplasma", "value": "4"}, {"display": "Invertebrate Mitochondrial", "value": "5"}, {"display": "Ciliate Macronuclear and Dasycladacean", "value": "6"}, {"display": "Echinoderm Mitochondrial", "value": "9"}, {"display": "Euplotid Nuclear", "value": "10"}, {"display": "Bacterial", "value": "11"}, {"display": "Alternative Yeast Nuclear", "value": "12"}, {"display": "Ascidian Mitochondrial", "value": "13"}, {"display": "Flatworm Mitochondrial", "value": "14"}, {"display": "Blepharisma Macronuclear", "value": "15"}, {"display": "Chlorophycean Mitochondrial", "value": "21"}, {"display": "Scenedesmus obliquus", "value": "22"}, {"display": "Thraustochytrium Mitochondrial", "value": "23"}]}, "rank": null, "switch_use__description": "Both the switch and the value will be passed in the argument list. They will be separated by a space.", "switch_use__formatstring": "%(switch)s %(value)s", "switch": "-table", "acceptedExtensionList": [], "helptext": null, "batch_bundle_files": false, "file_assignment": "none", "hidden": false, "id": 2405, "switch_use__display_text": "both"}, {"default_value": "", "mandatory": false, "use_output_filename__switch": null, "output_file": false, "possible_values": "", "rank": null, "switch_use__description": "Both the switch and the value will be passed in the argument list. They will be separated by a space.", "switch_use__formatstring": "%(switch)s %(value)s", "switch": "-regions", "acceptedExtensionList": [], "helptext": null, "batch_bundle_files": false, "file_assignment": "none", "hidden": false, "id": 2406, "switch_use__display_text": "both"}, {"default_value": "N", "mandatory": false, "use_output_filename__switch": null, "output_file": false, "possible_values": {"value": [{"display": "No", "value": "N"}, {"display": "Yes", "value": "Y"}]}, "rank": null, "switch_use__description": "Both the switch and the value will be passed in the argument list. They will be separated by a space.", "switch_use__formatstring": "%(switch)s %(value)s", "switch": "-trim", "acceptedExtensionList": [], "helptext": null, "batch_bundle_files": false, "file_assignment": "none", "hidden": false, "id": 2407, "switch_use__display_text": "both"}, {"default_value": "N", "mandatory": false, "use_output_filename__switch": null, "output_file": false, "possible_values": {"value": [{"display": "No", "value": "N"}, {"display": "Yes", "value": "Y"}]}, "rank": null, "switch_use__description": "Both the switch and the value will be passed in the argument list. They will be separated by a space.", "switch_use__formatstring": "%(switch)s %(value)s", "switch": "-clean", "acceptedExtensionList": [], "helptext": null, "batch_bundle_files": false, "file_assignment": "none", "hidden": false, "id": 2408, "switch_use__display_text": "both"}, {"default_value": "N", "mandatory": false, "use_output_filename__switch": null, "output_file": false, "possible_values": {"value": [{"display": "No", "value": "N"}, {"display": "Yes", "value": "Y"}]}, "rank": null, "switch_use__description": "Both the switch and the value will be passed in the argument list. They will be separated by a space.", "switch_use__formatstring": "%(switch)s %(value)s", "switch": "-alternative", "acceptedExtensionList": [], "helptext": null, "batch_bundle_files": false, "file_assignment": "none", "hidden": false, "id": 2409, "switch_use__display_text": "both"}], "accepts_input": true, "job_type": "single", "enabled": true, "cpus": "", "fs_backend": "nullbackend", "queue": "normal", "module": "emboss", "max_memory": null, "inputExtensions": ["*.seq", "*.fna", "*.faa", "*.fa"], "path": "transeq", "backend": "nullbackend", "walltime": "", "description": "Translates nucleic acid sequences to the corresponding peptide sequence. It can translate in any of the 3 forward or three reverse sense frames, or in all three forward or reverse frames, or in all six frames."}}