{"tool": {"outputExtensions": [{"must_be_larger_than": null, "must_exist": false, "file_extension__pattern": "*.fa"}], "display_name": "trimseq", "name": "trimseq", "parameter_list": [{"default_value": "", "mandatory": true, "use_output_filename__switch": null, "output_file": false, "possible_values": "", "rank": 1, "switch_use__description": "Both the switch and the value will be passed in the argument list. They will be separated by a space.", "switch_use__formatstring": "%(switch)s %(value)s", "switch": "-sequence", "acceptedExtensionList": ["*.fna", "*.ffn", "*.fasta", "*.fa", "*.faa", "*.screen", "*.frn"], "helptext": "(Gapped) input sequence file.", "batch_bundle_files": false, "file_assignment": "batch", "hidden": false, "id": 3305, "switch_use__display_text": "both"}, {"default_value": "output.fa", "extension_param": "*.fa", "mandatory": true, "use_output_filename__switch": "-sequence", "output_file": true, "possible_values": "", "rank": 2, "switch_use__description": "Both the switch and the value will be passed in the argument list. They will be separated by a space.", "switch_use__formatstring": "%(switch)s %(value)s", "switch": "-outseq", "acceptedExtensionList": [], "helptext": "Output file.", "batch_bundle_files": false, "file_assignment": "none", "hidden": false, "id": 3306, "switch_use__display_text": "both"}, {"default_value": "", "mandatory": false, "use_output_filename__switch": null, "output_file": false, "possible_values": "", "rank": null, "switch_use__description": "Both the switch and the value will be passed in the argument list. They will be separated by a space.", "switch_use__formatstring": "%(switch)s %(value)s", "switch": "-window", "acceptedExtensionList": [], "helptext": "This determines the size of the region\r\nthat is considered when deciding whether the\r\npercentage of ambiguity is greater than the\r\nthreshold. A value of 5 means that a region\r\nof 5 letters in the sequence is shifted\r\nalong the sequence from the ends and\r\ntrimming is done only if there is a greater\r\nor equal percentage of ambiguity than the\r\nthreshold percentage. (Any integer value, default 1).\r\n", "batch_bundle_files": false, "file_assignment": "none", "hidden": false, "id": 3307, "switch_use__display_text": "both"}, {"default_value": "", "mandatory": false, "use_output_filename__switch": null, "output_file": false, "possible_values": "", "rank": null, "switch_use__description": "Both the switch and the value will be passed in the argument list. They will be separated by a space.", "switch_use__formatstring": "%(switch)s %(value)s", "switch": "-percent", "acceptedExtensionList": [], "helptext": "This is the threshold of the\r\npercentage ambiguity in the window required\r\nin order to trim a sequence. (Any numeric\r\nvalue, default 100.0).\r\n", "batch_bundle_files": false, "file_assignment": "none", "hidden": false, "id": 3308, "switch_use__display_text": "both"}, {"default_value": "", "mandatory": false, "use_output_filename__switch": null, "output_file": false, "possible_values": "", "rank": null, "switch_use__description": "Only the switch will be passed in the argument list.", "switch_use__formatstring": "%(switch)s", "switch": "-strict", "acceptedExtensionList": [], "helptext": " In nucleic sequences, trim off not only\r\n N's and X's, but also the nucleotide IUPAC\r\n ambiguity codes M, R, W, S, Y, K, V, H, D\r\n and B. In protein sequences, trim off not\r\n only X's but also B and Z.\r\n", "batch_bundle_files": false, "file_assignment": "none", "hidden": false, "id": 3309, "switch_use__display_text": "switchOnly"}, {"default_value": "", "mandatory": false, "use_output_filename__switch": null, "output_file": false, "possible_values": "", "rank": null, "switch_use__description": "Only the switch will be passed in the argument list.", "switch_use__formatstring": "%(switch)s", "switch": "-star", "acceptedExtensionList": [], "helptext": "In protein sequences, trim off not only X's, but also the *'s.", "batch_bundle_files": false, "file_assignment": "none", "hidden": false, "id": 3310, "switch_use__display_text": "switchOnly"}, {"default_value": "on", "mandatory": false, "use_output_filename__switch": null, "output_file": false, "possible_values": "", "rank": null, "switch_use__description": "Only the switch will be passed in the argument list.", "switch_use__formatstring": "%(switch)s", "switch": "-left", "acceptedExtensionList": [], "helptext": "Trim at the start.", "batch_bundle_files": false, "file_assignment": "none", "hidden": false, "id": 3311, "switch_use__display_text": "switchOnly"}, {"default_value": "on", "mandatory": false, "use_output_filename__switch": null, "output_file": false, "possible_values": "", "rank": null, "switch_use__description": "Only the switch will be passed in the argument list.", "switch_use__formatstring": "%(switch)s", "switch": "-right", "acceptedExtensionList": [], "helptext": "Trim at the end.", "batch_bundle_files": false, "file_assignment": "none", "hidden": false, "id": 3312, "switch_use__display_text": "switchOnly"}], "accepts_input": true, "job_type": "single", "enabled": true, "cpus": "", "fs_backend": "nullbackend", "queue": "normal", "module": "emboss", "max_memory": null, "inputExtensions": ["*.fna", "*.ffn", "*.fasta", "*.fa", "*.faa", "*.screen", "*.frn"], "path": "trimseq", "backend": "nullbackend", "walltime": "", "description": "Remove unwanted characters from start and end of sequence(s)."}}