{"tool": {"outputExtensions": [{"must_be_larger_than": null, "must_exist": false, "file_extension__pattern": "*.txt"}], "display_name": "tRNAscan-SE", "name": "tRNAscan-SE", "parameter_list": [{"default_value": "", "mandatory": true, "use_output_filename__switch": null, "output_file": false, "possible_values": "", "rank": 99, "switch_use__description": "Only the value will be passed in the argument list (ie. the switch won't be used)", "switch_use__formatstring": "%(value)s", "switch": "sequencefile", "acceptedExtensionList": ["*.fna", "*.ffn", "*.fasta", "*.fa", "*.faa", "*.frn"], "helptext": "Input sequence file.", "batch_bundle_files": false, "file_assignment": "batch", "hidden": false, "id": 3213, "switch_use__display_text": "valueOnly"}, {"default_value": "", "mandatory": false, "use_output_filename__switch": null, "output_file": false, "possible_values": "", "rank": 1, "switch_use__description": "Only the switch will be passed in the argument list.", "switch_use__formatstring": "%(switch)s", "switch": "-B", "acceptedExtensionList": [], "helptext": "Search for bacterial tRNAs (use bacterial tRNA model).", "batch_bundle_files": false, "file_assignment": "none", "hidden": false, "id": 3214, "switch_use__display_text": "switchOnly"}, {"default_value": "", "mandatory": false, "use_output_filename__switch": null, "output_file": false, "possible_values": "", "rank": 1, "switch_use__description": "Only the switch will be passed in the argument list.", "switch_use__formatstring": "%(switch)s", "switch": "-A", "acceptedExtensionList": [], "helptext": "Search for archaeal tRNAs  (use archaeal tRNA model).", "batch_bundle_files": false, "file_assignment": "none", "hidden": false, "id": 3215, "switch_use__display_text": "switchOnly"}, {"default_value": "", "mandatory": false, "use_output_filename__switch": null, "output_file": false, "possible_values": "", "rank": 1, "switch_use__description": "Only the switch will be passed in the argument list.", "switch_use__formatstring": "%(switch)s", "switch": "-O", "acceptedExtensionList": [], "helptext": "Search for organellar (mitochondrial/chloroplast) tRNAs.", "batch_bundle_files": false, "file_assignment": "none", "hidden": false, "id": 3216, "switch_use__display_text": "switchOnly"}, {"default_value": "", "mandatory": false, "use_output_filename__switch": null, "output_file": false, "possible_values": "", "rank": 1, "switch_use__description": "Only the switch will be passed in the argument list.", "switch_use__formatstring": "%(switch)s", "switch": "-G", "acceptedExtensionList": [], "helptext": "Use general tRNA model (cytoplasmic tRNAs from all 3 domains included).", "batch_bundle_files": false, "file_assignment": "none", "hidden": false, "id": 3217, "switch_use__display_text": "switchOnly"}, {"default_value": "", "mandatory": false, "use_output_filename__switch": null, "output_file": false, "possible_values": "", "rank": 1, "switch_use__description": "Only the switch will be passed in the argument list.", "switch_use__formatstring": "%(switch)s", "switch": "-C", "acceptedExtensionList": [], "helptext": "Search using Cove analysis only (max sensitivity, very slow).", "batch_bundle_files": false, "file_assignment": "none", "hidden": false, "id": 3218, "switch_use__display_text": "switchOnly"}, {"default_value": "trnascan_output.txt", "mandatory": false, "use_output_filename__switch": null, "output_file": true, "possible_values": "", "rank": 1, "switch_use__description": "Both the switch and the value will be passed in the argument list. They will be separated by a space.", "switch_use__formatstring": "%(switch)s %(value)s", "switch": "-o", "acceptedExtensionList": [], "helptext": "Save final results to output file.", "batch_bundle_files": false, "file_assignment": "none", "hidden": false, "id": 3219, "switch_use__display_text": "both"}, {"default_value": "trnascran_sec.txt", "mandatory": false, "use_output_filename__switch": null, "output_file": true, "possible_values": "", "rank": 1, "switch_use__description": "Both the switch and the value will be passed in the argument list. They will be separated by a space.", "switch_use__formatstring": "%(switch)s %(value)s", "switch": "-f", "acceptedExtensionList": [], "helptext": "Save tRNA secondary structures to output file.", "batch_bundle_files": false, "file_assignment": "none", "hidden": false, "id": 3220, "switch_use__display_text": "both"}, {"default_value": "", "mandatory": false, "use_output_filename__switch": null, "output_file": false, "possible_values": "", "rank": 1, "switch_use__description": "Only the switch will be passed in the argument list.", "switch_use__formatstring": "%(switch)s", "switch": "-a", "acceptedExtensionList": [], "helptext": "Output results in ACeDB output format instead of default tabular format.\r\n", "batch_bundle_files": false, "file_assignment": "none", "hidden": false, "id": 3221, "switch_use__display_text": "switchOnly"}, {"default_value": "trnascan_stats.txt", "mandatory": false, "use_output_filename__switch": null, "output_file": false, "possible_values": "", "rank": 1, "switch_use__description": "Both the switch and the value will be passed in the argument list. They will be separated by a space.", "switch_use__formatstring": "%(switch)s %(value)s", "switch": "-m", "acceptedExtensionList": [], "helptext": "Save statistics summary for run in output file (speed, # tRNAs found in each part of search, etc).\r\n", "batch_bundle_files": false, "file_assignment": "none", "hidden": false, "id": 3222, "switch_use__display_text": "both"}, {"default_value": "", "mandatory": false, "use_output_filename__switch": null, "output_file": false, "possible_values": "", "rank": 1, "switch_use__description": "Only the switch will be passed in the argument list.", "switch_use__formatstring": "%(switch)s", "switch": "-H", "acceptedExtensionList": [], "helptext": "Show both primary and secondary structure components to covariance model bit scores.\r\n", "batch_bundle_files": false, "file_assignment": "none", "hidden": false, "id": 3223, "switch_use__display_text": "switchOnly"}, {"default_value": "", "mandatory": false, "use_output_filename__switch": null, "output_file": false, "possible_values": "", "rank": 1, "switch_use__description": "Only the switch will be passed in the argument list.", "switch_use__formatstring": "%(switch)s", "switch": "-q", "acceptedExtensionList": [], "helptext": "Quiet mode (credits & run option selections suppressed).", "batch_bundle_files": false, "file_assignment": "none", "hidden": false, "id": 3224, "switch_use__display_text": "switchOnly"}], "accepts_input": true, "job_type": "single", "enabled": true, "cpus": "", "fs_backend": "nullbackend", "queue": "normal", "module": "trnascan", "max_memory": null, "inputExtensions": ["*.fna", "*.ffn", "*.fasta", "*.fa", "*.faa", "*.frn"], "path": "tRNAscan-SE", "backend": "nullbackend", "walltime": "", "description": "Scan a sequence file for tRNAs using tRNAscan, EufindtRNA and tRNA covariance models -- default is for use with eukaryotic sequences."}}