{"tool": {"outputExtensions": [], "display_name": "velvetg", "name": "velvetg", "parameter_list": [{"default_value": ".", "mandatory": true, "use_output_filename__switch": null, "output_file": false, "possible_values": "", "rank": 1, "switch_use__description": "Only the value will be passed in the argument list (ie. the switch won't be used)", "switch_use__formatstring": "%(value)s", "switch": "InputDirectory", "acceptedExtensionList": ["*"], "helptext": "Directory produced by velveth.", "batch_bundle_files": false, "file_assignment": "none", "hidden": false, "id": 4111, "switch_use__display_text": "valueOnly"}, {"default_value": "auto", "mandatory": false, "use_output_filename__switch": null, "output_file": false, "possible_values": null, "rank": null, "switch_use__description": "Both the switch and the value will be passed in the argument list. They will be separated by a space.", "switch_use__formatstring": "%(switch)s %(value)s", "switch": "-cov_cutoff", "acceptedExtensionList": [], "helptext": "Removal of low coverage nodes AFTER tour bus or allow the system to infer it. If blank,: no removal, 'auto' will let velvet pick a cov_cutoff, otherwise specify an integer (e.g to trial several cov_cutoff values).", "batch_bundle_files": false, "file_assignment": "none", "hidden": false, "id": 4112, "switch_use__display_text": "both"}, {"default_value": "", "mandatory": false, "use_output_filename__switch": null, "output_file": false, "possible_values": null, "rank": null, "switch_use__description": "Both the switch and the value will be passed in the argument list. They will be separated by a space.", "switch_use__formatstring": "%(switch)s %(value)s", "switch": "-ins_length", "acceptedExtensionList": [], "helptext": "Expected distance between two paired end reads (default: no read pairing)", "batch_bundle_files": false, "file_assignment": "none", "hidden": false, "id": 4113, "switch_use__display_text": "both"}, {"default_value": "", "mandatory": false, "use_output_filename__switch": null, "output_file": false, "possible_values": {"value": [{"display": "no", "value": "no"}, {"display": "yes", "value": "yes"}]}, "rank": null, "switch_use__description": "Both the switch and the value will be passed in the argument list. They will be separated by a space.", "switch_use__formatstring": "%(switch)s %(value)s", "switch": "-read_trkg", "acceptedExtensionList": [], "helptext": "Tracking of short read positions in assembly (default: no tracking)", "batch_bundle_files": false, "file_assignment": "none", "hidden": false, "id": 4114, "switch_use__display_text": "both"}, {"default_value": "", "mandatory": false, "use_output_filename__switch": null, "output_file": false, "possible_values": null, "rank": null, "switch_use__description": "Both the switch and the value will be passed in the argument list. They will be separated by a space.", "switch_use__formatstring": "%(switch)s %(value)s", "switch": "-min_contig_lgth", "acceptedExtensionList": [], "helptext": "Minimum contig length exported to contigs.fa file (default: hash length * 2)", "batch_bundle_files": false, "file_assignment": "none", "hidden": false, "id": 4115, "switch_use__display_text": "both"}, {"default_value": "no", "mandatory": false, "use_output_filename__switch": null, "output_file": false, "possible_values": {"value": [{"display": "no", "value": "no"}, {"display": "yes", "value": "yes"}]}, "rank": null, "switch_use__description": "Both the switch and the value will be passed in the argument list. They will be separated by a space.", "switch_use__formatstring": "%(switch)s %(value)s", "switch": "-amos_file", "acceptedExtensionList": [], "helptext": "Export assembly to AMOS file (default: no export)", "batch_bundle_files": false, "file_assignment": "none", "hidden": false, "id": 4116, "switch_use__display_text": "both"}, {"default_value": "", "mandatory": false, "use_output_filename__switch": null, "output_file": false, "possible_values": null, "rank": null, "switch_use__description": "Both the switch and the value will be passed in the argument list. They will be separated by a space.", "switch_use__formatstring": "%(switch)s %(value)s", "switch": "-exp_cov", "acceptedExtensionList": [], "helptext": "Expected coverage of unique regions or allow the system to infer it (default: no long or paired-end read resolution)", "batch_bundle_files": false, "file_assignment": "none", "hidden": false, "id": 4117, "switch_use__display_text": "both"}, {"default_value": "", "mandatory": false, "use_output_filename__switch": null, "output_file": false, "possible_values": null, "rank": null, "switch_use__description": "Both the switch and the value will be passed in the argument list. They will be separated by a space.", "switch_use__formatstring": "%(switch)s %(value)s", "switch": "-long_cov_cutoff", "acceptedExtensionList": [], "helptext": "Removal of nodes with low long-read coverage AFTER tour bus (default: no removal). ", "batch_bundle_files": false, "file_assignment": "none", "hidden": false, "id": 4118, "switch_use__display_text": "both"}, {"default_value": "", "mandatory": true, "use_output_filename__switch": null, "output_file": false, "possible_values": "", "rank": null, "switch_use__description": "The switch and the value won't be passed in the argument list.", "switch_use__formatstring": "", "switch": "LogFile", "acceptedExtensionList": ["*"], "helptext": "", "batch_bundle_files": true, "file_assignment": "batch", "hidden": false, "id": 4120, "switch_use__display_text": "nothing"}], "accepts_input": true, "job_type": "", "enabled": true, "cpus": "", "fs_backend": "nullbackend", "queue": "", "module": "velvet/1.1.04", "max_memory": null, "inputExtensions": ["*"], "path": "cp ../input/* .; velvetg", "backend": "nullbackend", "walltime": "21600", "description": "Velvetg is the core of Velvet where the de Bruijn graph is built then manipu-\r\nlated. Run velveth first."}}