{"tool": {"outputExtensions": [{"must_be_larger_than": null, "must_exist": false, "file_extension__pattern": "*"}], "display_name": "velveth", "name": "velveth", "parameter_list": [{"default_value": "", "mandatory": true, "use_output_filename__switch": null, "output_file": true, "possible_values": null, "rank": 1, "switch_use__description": "Only the value will be passed in the argument list (ie. the switch won't be used)", "switch_use__formatstring": "%(value)s", "switch": "Assembly Name", "acceptedExtensionList": [], "helptext": "Name of the directory that velvet will put working files in. ", "batch_bundle_files": false, "file_assignment": "none", "hidden": false, "id": 4101, "switch_use__display_text": "valueOnly"}, {"default_value": "21", "mandatory": true, "use_output_filename__switch": null, "output_file": false, "possible_values": null, "rank": 2, "switch_use__description": "Only the value will be passed in the argument list (ie. the switch won't be used)", "switch_use__formatstring": "%(value)s", "switch": "K-mer size", "acceptedExtensionList": [], "helptext": "K-mer size to use (http://www.ebi.ac.uk/~zerbino/velvet/hash_length_choice.html). Should be an odd number. NB: if useing m,M,s format to trial several 's' kmer from m to M, s must be 2 or more (else job will not complete).\r\n", "batch_bundle_files": false, "file_assignment": "none", "hidden": false, "id": 4102, "switch_use__display_text": "valueOnly"}, {"default_value": "fastq", "mandatory": true, "use_output_filename__switch": null, "output_file": false, "possible_values": {"value": [{"display": "fasta", "value": "-fasta"}, {"display": "fastq", "value": "-fastq"}, {"display": "fasta.gz", "value": "-fasta.gz"}, {"display": "fastq.gz", "value": "-fastq.gz"}, {"display": "sam", "value": "-sam"}, {"display": "bam", "value": "-bam"}, {"display": "eland", "value": "-eland"}, {"display": "gerald", "value": "-gerald"}]}, "rank": 3, "switch_use__description": "Only the value will be passed in the argument list (ie. the switch won't be used)", "switch_use__formatstring": "%(value)s", "switch": "Input File Format", "acceptedExtensionList": ["*.fna", "*.ffn", "*.fasta", "*.fa", "*.faa", "*.fastq", "*.frn"], "helptext": "Input file type.", "batch_bundle_files": false, "file_assignment": "none", "hidden": false, "id": 4103, "switch_use__display_text": "valueOnly"}, {"default_value": "", "mandatory": false, "use_output_filename__switch": null, "output_file": false, "possible_values": null, "rank": null, "switch_use__description": "Only the switch will be passed in the argument list.", "switch_use__formatstring": "%(switch)s", "switch": "-strand_specific", "acceptedExtensionList": [], "helptext": "For strand specific transcriptome sequencing data", "batch_bundle_files": false, "file_assignment": "none", "hidden": false, "id": 4104, "switch_use__display_text": "switchOnly"}, {"default_value": "", "mandatory": false, "use_output_filename__switch": null, "output_file": false, "possible_values": "", "rank": null, "switch_use__description": "Both the switch and the value will be passed in the argument list. They will be separated by a space.", "switch_use__formatstring": "%(switch)s %(value)s", "switch": "-short", "acceptedExtensionList": ["*.fna", "*.fa", "*.fasta", "*.ffn", "*.faa", "*.fq", "*.fastq", "*.frn"], "helptext": "Input file to be treated as short reads. May include other input files, but only one of each type via this interface.", "batch_bundle_files": false, "file_assignment": "batch", "hidden": false, "id": 4105, "switch_use__display_text": "both"}, {"default_value": "", "mandatory": false, "use_output_filename__switch": null, "output_file": false, "possible_values": "", "rank": null, "switch_use__description": "Both the switch and the value will be passed in the argument list. They will be separated by a space.", "switch_use__formatstring": "%(switch)s %(value)s", "switch": "-shortPaired", "acceptedExtensionList": ["*.fna", "*.fa", "*.fasta", "*.ffn", "*.faa", "*.fq", "*.fastq", "*.frn"], "helptext": "Short paired reads. ", "batch_bundle_files": false, "file_assignment": "batch", "hidden": false, "id": 4106, "switch_use__display_text": "both"}, {"default_value": "", "mandatory": false, "use_output_filename__switch": null, "output_file": false, "possible_values": "", "rank": null, "switch_use__description": "Both the switch and the value will be passed in the argument list. They will be separated by a space.", "switch_use__formatstring": "%(switch)s %(value)s", "switch": "-short2", "acceptedExtensionList": ["*.fna", "*.fa", "*.fasta", "*.ffn", "*.faa", "*.fq", "*.fastq", "*.frn"], "helptext": "Same as short, but for a separate insert-size library. ", "batch_bundle_files": false, "file_assignment": "batch", "hidden": false, "id": 4107, "switch_use__display_text": "both"}, {"default_value": "", "mandatory": false, "use_output_filename__switch": null, "output_file": false, "possible_values": "", "rank": null, "switch_use__description": "Both the switch and the value will be passed in the argument list. They will be separated by a space.", "switch_use__formatstring": "%(switch)s %(value)s", "switch": "-shortPaired2", "acceptedExtensionList": ["*.fna", "*.fa", "*.fasta", "*.ffn", "*.faa", "*.fq", "*.fastq", "*.frn"], "helptext": "More short paired reads, but for differnt sized insert library. ", "batch_bundle_files": false, "file_assignment": "batch", "hidden": false, "id": 4108, "switch_use__display_text": "both"}, {"default_value": "", "mandatory": false, "use_output_filename__switch": null, "output_file": false, "possible_values": "", "rank": null, "switch_use__description": "Both the switch and the value will be passed in the argument list. They will be separated by a space.", "switch_use__formatstring": "%(switch)s %(value)s", "switch": "-long", "acceptedExtensionList": ["*.fna", "*.fa", "*.fasta", "*.ffn", "*.faa", "*.fq", "*.fastq", "*.frn"], "helptext": "Sanger, 454 or even reference sequence.", "batch_bundle_files": false, "file_assignment": "batch", "hidden": false, "id": 4109, "switch_use__display_text": "both"}, {"default_value": "", "mandatory": false, "use_output_filename__switch": null, "output_file": false, "possible_values": "", "rank": null, "switch_use__description": "Both the switch and the value will be passed in the argument list. They will be separated by a space.", "switch_use__formatstring": "%(switch)s %(value)s", "switch": "-longPaired", "acceptedExtensionList": ["*.fna", "*.fa", "*.fasta", "*.ffn", "*.faa", "*.fq", "*.fastq", "*.frn"], "helptext": "Paired sanger or 454 longer reads.", "batch_bundle_files": false, "file_assignment": "batch", "hidden": false, "id": 4110, "switch_use__display_text": "both"}, {"default_value": "", "mandatory": true, "use_output_filename__switch": null, "output_file": false, "possible_values": "", "rank": 99, "switch_use__description": "Only the value will be passed in the argument list (ie. the switch won't be used)", "switch_use__formatstring": "%(value)s", "switch": "inputFile", "acceptedExtensionList": ["*.fna", "*.ffn", "*.fasta", "*.fa", "*.faa", "*.frn"], "helptext": "Reads file.", "batch_bundle_files": false, "file_assignment": "batch", "hidden": false, "id": 4119, "switch_use__display_text": "valueOnly"}], "accepts_input": true, "job_type": "", "enabled": true, "cpus": "", "fs_backend": "nullbackend", "queue": "", "module": "velvet/1.1.04", "max_memory": null, "inputExtensions": ["*.fna", "*.fa", "*.fasta", "*.ffn", "*.faa", "*.fq", "*.fastq", "*.frn"], "path": "velveth", "backend": "nullbackend", "walltime": "12:00:00", "description": "Velveth helps you construct the dataset for the following program, velvetg. http://www.ebi.ac.uk/~zerbino/velvet/"}}