<?xml version="1.0" ?>
<node name="/casa/synthesis/imager">
  <interface name="edu.nrao.casa.SynthesisImager">
    <method name="incrementController">
      <arg direction="out" type="b"/>
    </method>
    <method name="decrementController">
      <arg direction="out" type="b"/>
    </method>
    <method name="controlUpdate">
      <arg direction="in" type="a{sv}" name="newParams"/>
    </method>
    <method name="interactionComplete"/>
    <method name="changePauseFlag">
      <arg direction="in" type="b" name="pauseState"/>
    </method>
    <method name="changeStopFlag">
      <arg direction="in" type="b" name="stopState"/>
    </method>
    <method name="changeInteractiveMode">
      <arg direction="in" type="b" name="interactiveMode"/>
    </method>
    <signal name="interactionRequired">
      <arg direction="out" type="b" name="required"/>
    </signal>
    <method name="getDescription">
      <arg direction="out" type="s"/>
    </method>
    <method name="getDetails">
      <arg direction="out" type="a{sv}"/>
    </method>
    <signal name="detailUpdate">
      <arg direction="out" type="a{sv}"/>
    </signal>   
    <method name="getSummary">
      <arg direction="out" type="v"/>
    </method>
    <signal name="summaryUpdate">
      <arg direction="out" type="v"/>
    </signal>   
    <signal name="disconnect"/>
  </interface>
</node>
