{"tool": {"outputExtensions": [{"must_be_larger_than": null, "must_exist": false, "file_extension__pattern": "*.txt"}], "display_name": "csplit", "name": "csplit", "parameter_list": [{"default_value": "", "mandatory": true, "use_output_filename__switch": null, "output_file": false, "possible_values": null, "rank": 1, "switch_use__description": "Only the value will be passed in the argument list (ie. the switch won't be used)", "switch_use__formatstring": "%(value)s", "switch": "inputFile", "acceptedExtensionList": ["*"], "helptext": "The input file to split.", "batch_bundle_files": false, "file_assignment": "batch", "hidden": false, "id": 3357, "switch_use__display_text": "valueOnly"}, {"default_value": "", "mandatory": true, "use_output_filename__switch": null, "output_file": false, "possible_values": null, "rank": 2, "switch_use__description": "Only the value will be passed in the argument list (ie. the switch won't be used)", "switch_use__formatstring": "%(value)s", "switch": "PATTERN", "acceptedExtensionList": [], "helptext": "<br/>\r\n<br/>\r\n<b>Each PATTERN may be:</b>\r\n<br/><br/>\r\n<p>INTEGER - Copy up to but not including specified line number</p>\r\n<br/>\r\n<p>/REGEXP/[OFFSET] - Copy up to but not including a matching line</p>\r\n<br/>\r\n<p>%REGEXP%[OFFSET] - Skip to, but not including a matching line</p>\r\n<br/>\r\n<p>A line OFFSET is a required \u2018+\u2019 or \u2018-\u2019 followed by a positive integer.</p>", "batch_bundle_files": false, "file_assignment": "none", "hidden": false, "id": 3358, "switch_use__display_text": "valueOnly"}, {"default_value": "%02d.txt", "mandatory": false, "use_output_filename__switch": null, "output_file": false, "possible_values": "", "rank": 0, "switch_use__description": "Both the switch and the value will be passed in the argument list. They will be separated by a space.", "switch_use__formatstring": "%(switch)s %(value)s", "switch": "-b", "acceptedExtensionList": [], "helptext": "Supply a sprintf format string to use as the suffix format instead of %02d.", "batch_bundle_files": false, "file_assignment": "none", "hidden": false, "id": 3359, "switch_use__display_text": "both"}, {"default_value": "", "mandatory": false, "use_output_filename__switch": null, "output_file": false, "possible_values": null, "rank": 0, "switch_use__description": "Both the switch and the value will be passed in the argument list. They will be separated by a space.", "switch_use__formatstring": "%(switch)s %(value)s", "switch": "-f", "acceptedExtensionList": [], "helptext": "Use supplied prefix instead of \"xx\".", "batch_bundle_files": false, "file_assignment": "none", "hidden": false, "id": 3360, "switch_use__display_text": "both"}, {"default_value": "", "mandatory": false, "use_output_filename__switch": null, "output_file": false, "possible_values": null, "rank": 0, "switch_use__description": "Only the switch will be passed in the argument list.", "switch_use__formatstring": "%(switch)s", "switch": "-k", "acceptedExtensionList": [], "helptext": "Do not remove output files on errors.", "batch_bundle_files": false, "file_assignment": "none", "hidden": false, "id": 3361, "switch_use__display_text": "switchOnly"}, {"default_value": "", "mandatory": false, "use_output_filename__switch": null, "output_file": false, "possible_values": null, "rank": 0, "switch_use__description": "Both the switch and the value will be passed in the argument list. They will be separated by a space.", "switch_use__formatstring": "%(switch)s %(value)s", "switch": "-n", "acceptedExtensionList": [], "helptext": "Use specified number of digits instead of 2.", "batch_bundle_files": false, "file_assignment": "none", "hidden": false, "id": 3362, "switch_use__display_text": "both"}, {"default_value": "", "mandatory": false, "use_output_filename__switch": null, "output_file": false, "possible_values": null, "rank": 0, "switch_use__description": "Only the switch will be passed in the argument list.", "switch_use__formatstring": "%(switch)s", "switch": "-z", "acceptedExtensionList": [], "helptext": "Remove empty output files.", "batch_bundle_files": false, "file_assignment": "none", "hidden": false, "id": 3363, "switch_use__display_text": "switchOnly"}, {"default_value": "", "mandatory": false, "use_output_filename__switch": null, "output_file": false, "possible_values": null, "rank": 3, "switch_use__description": "Only the value will be passed in the argument list (ie. the switch won't be used)", "switch_use__formatstring": "%(value)s", "switch": "repeat", "acceptedExtensionList": [], "helptext": "Optional number indicating how may times the PATTERN should be repeated.\r\n<br/><br/>\r\n<p>{INTEGER} - Repeat the previous pattern specified number of times</p>\r\n<br/>\r\n<p>{*} - Repeat the previous pattern as many times as possible</p>", "batch_bundle_files": false, "file_assignment": "none", "hidden": false, "id": 3364, "switch_use__display_text": "valueOnly"}], "accepts_input": true, "job_type": "", "enabled": true, "cpus": "", "fs_backend": "nullbackend", "queue": "", "module": "", "max_memory": null, "inputExtensions": ["*"], "path": "csplit", "backend": "nullbackend", "walltime": "", "description": "Split a file into sections determined by context lines."}}