{"tool": {"outputExtensions": [{"must_be_larger_than": 26, "must_exist": null, "file_extension__pattern": "*"}], "display_name": "curl", "name": "curl", "parameter_list": [{"default_value": "output.html", "mandatory": false, "use_output_filename__switch": null, "output_file": true, "possible_values": "", "rank": 1, "switch_use__description": "Both the switch and the value will be passed in the argument list. They will be separated by a space.", "switch_use__formatstring": "%(switch)s %(value)s", "switch": "-o", "acceptedExtensionList": [], "helptext": "Name of the output file.", "batch_bundle_files": false, "file_assignment": "none", "hidden": false, "id": 2928, "switch_use__display_text": "both"}, {"default_value": "", "mandatory": false, "use_output_filename__switch": null, "output_file": false, "possible_values": "", "rank": null, "switch_use__description": "Only the switch will be passed in the argument list.", "switch_use__formatstring": "%(switch)s", "switch": "-k", "acceptedExtensionList": [], "helptext": "Allow connections to SSL sites without certs (HTTP/HTTPS only).", "batch_bundle_files": false, "file_assignment": "none", "hidden": false, "id": 2929, "switch_use__display_text": "switchOnly"}, {"default_value": "", "mandatory": true, "use_output_filename__switch": null, "output_file": false, "possible_values": "", "rank": null, "switch_use__description": "Only the value will be passed in the argument list (ie. the switch won't be used)", "switch_use__formatstring": "%(value)s", "switch": "url", "acceptedExtensionList": [], "helptext": "The url that should be fetched by curl.", "batch_bundle_files": false, "file_assignment": "none", "hidden": false, "id": 2930, "switch_use__display_text": "valueOnly"}, {"default_value": "Yes", "mandatory": true, "use_output_filename__switch": null, "output_file": false, "possible_values": "", "rank": null, "switch_use__description": "Only the switch will be passed in the argument list.", "switch_use__formatstring": "%(switch)s", "switch": "-L", "acceptedExtensionList": [], "helptext": "Curl will follow 3xx redirects.", "batch_bundle_files": false, "file_assignment": "none", "hidden": false, "id": 2931, "switch_use__display_text": "switchOnly"}, {"default_value": "", "mandatory": false, "use_output_filename__switch": null, "output_file": false, "possible_values": "", "rank": null, "switch_use__description": "Only the switch will be passed in the argument list.", "switch_use__formatstring": "%(switch)s", "switch": "-i", "acceptedExtensionList": [], "helptext": "Display header information in the result.", "batch_bundle_files": false, "file_assignment": "none", "hidden": false, "id": 2932, "switch_use__display_text": "switchOnly"}], "accepts_input": false, "job_type": "single", "enabled": true, "cpus": "", "fs_backend": "nullbackend", "queue": "normal", "module": "", "max_memory": null, "inputExtensions": [], "path": "curl", "backend": "nullbackend", "walltime": "", "description": "Download content from given url."}}