{"tool": {"outputExtensions": [{"must_be_larger_than": null, "must_exist": true, "file_extension__pattern": "*.txt"}], "display_name": "cut", "name": "cut", "parameter_list": [{"default_value": "", "mandatory": true, "use_output_filename__switch": null, "output_file": false, "possible_values": "", "rank": 99, "switch_use__description": "Only the value will be passed in the argument list (ie. the switch won't be used)", "switch_use__formatstring": "%(value)s", "switch": "inputFiles", "acceptedExtensionList": ["*", "*.txt"], "helptext": "", "batch_bundle_files": false, "file_assignment": "batch", "hidden": false, "id": 2815, "switch_use__display_text": "valueOnly"}, {"default_value": "", "mandatory": false, "use_output_filename__switch": null, "output_file": false, "possible_values": "", "rank": 1, "switch_use__description": "Both the switch and the value will be passed in the argument list. They will be separated by a space.", "switch_use__formatstring": "%(switch)s %(value)s", "switch": "-b", "acceptedExtensionList": [], "helptext": "Select only these bytes.", "batch_bundle_files": false, "file_assignment": "none", "hidden": false, "id": 2816, "switch_use__display_text": "both"}, {"default_value": "", "mandatory": false, "use_output_filename__switch": null, "output_file": false, "possible_values": "", "rank": 2, "switch_use__description": "Both the switch and the value will be passed in the argument list. They will be separated by a space.", "switch_use__formatstring": "%(switch)s %(value)s", "switch": "-c", "acceptedExtensionList": [], "helptext": "Select only these characters.", "batch_bundle_files": false, "file_assignment": "none", "hidden": false, "id": 2817, "switch_use__display_text": "both"}, {"default_value": "", "mandatory": false, "use_output_filename__switch": null, "output_file": false, "possible_values": "", "rank": 3, "switch_use__description": "Both the switch and the value will be passed in the argument list. They will be separated by a space.", "switch_use__formatstring": "%(switch)s %(value)s", "switch": "-f", "acceptedExtensionList": [], "helptext": "Select only these fields;  also print any line that contains no delimiter character, unless the -s option is specified. Fieldlist is made up of one range, or many ranges separated by commas. Each range is one of:\r\nN      N\u2019th byte, character or field, counted from 1\r\nN-     from N\u2019th byte, character or field, to end of line\r\nN-M    from N\u2019th to M\u2019th (included) byte, character or field\r\n-M     from first to M\u2019th (included) byte, character or field\r\n", "batch_bundle_files": false, "file_assignment": "none", "hidden": false, "id": 2818, "switch_use__display_text": "both"}, {"default_value": "", "mandatory": false, "use_output_filename__switch": null, "output_file": false, "possible_values": "", "rank": 4, "switch_use__description": "Only the switch will be passed in the argument list.", "switch_use__formatstring": "%(switch)s", "switch": "-s", "acceptedExtensionList": [], "helptext": "Do not print lines not containing delimiters.", "batch_bundle_files": false, "file_assignment": "none", "hidden": false, "id": 2819, "switch_use__display_text": "switchOnly"}, {"default_value": "", "mandatory": false, "use_output_filename__switch": null, "output_file": false, "possible_values": "", "rank": 5, "switch_use__description": "Both the switch and the value will be passed in the argument list. They will be separated by a space.", "switch_use__formatstring": "%(switch)s %(value)s", "switch": "-d", "acceptedExtensionList": [], "helptext": "Use this value as field delimiter instead of TAB.", "batch_bundle_files": false, "file_assignment": "none", "hidden": false, "id": 2820, "switch_use__display_text": "both"}, {"default_value": "cut_output.txt", "mandatory": true, "use_output_filename__switch": null, "output_file": true, "possible_values": "", "rank": 99, "switch_use__description": "Use this to redirect the output of stdout into a file.", "switch_use__formatstring": ">%(value)s", "switch": "outputFile", "acceptedExtensionList": [], "helptext": "", "batch_bundle_files": false, "file_assignment": "none", "hidden": true, "id": 3931, "switch_use__display_text": "redirect"}], "accepts_input": true, "job_type": "", "enabled": true, "cpus": "", "fs_backend": "nullbackend", "queue": "", "module": "", "max_memory": null, "inputExtensions": ["*", "*.txt"], "path": "cut", "backend": "nullbackend", "walltime": "", "description": "Print selected parts of lines from each input file to standard output."}}