{"tool": {"outputExtensions": [{"must_be_larger_than": null, "must_exist": false, "file_extension__pattern": "*"}], "display_name": "top lines", "name": "head", "parameter_list": [{"default_value": "", "mandatory": true, "use_output_filename__switch": null, "output_file": false, "possible_values": "", "rank": 98, "switch_use__description": "Only the value will be passed in the argument list (ie. the switch won't be used)", "switch_use__formatstring": "%(value)s", "switch": "inputFile", "acceptedExtensionList": ["*"], "helptext": "", "batch_bundle_files": false, "file_assignment": "batch", "hidden": false, "id": 3731, "switch_use__display_text": "valueOnly"}, {"default_value": "10", "mandatory": true, "use_output_filename__switch": null, "output_file": false, "possible_values": "", "rank": 1, "switch_use__description": "Both the switch and the value will be passed in the argument list. They will be separated by a space.", "switch_use__formatstring": "%(switch)s %(value)s", "switch": "-n", "acceptedExtensionList": [], "helptext": "The number of lines that should be read from the top of the input file.", "batch_bundle_files": false, "file_assignment": "none", "hidden": false, "id": 3732, "switch_use__display_text": "both"}, {"default_value": "output.txt", "extension_param": "*.txt", "mandatory": false, "use_output_filename__switch": "inputFile", "output_file": true, "possible_values": "", "rank": 99, "switch_use__description": "Use this to redirect the output of stdout into a file.", "switch_use__formatstring": ">%(value)s", "switch": "outputFile", "acceptedExtensionList": [], "helptext": "", "batch_bundle_files": false, "file_assignment": "none", "hidden": true, "id": 3733, "switch_use__display_text": "redirect"}], "accepts_input": true, "job_type": "single", "enabled": true, "cpus": "", "fs_backend": "nullbackend", "queue": "normal", "module": "", "max_memory": null, "inputExtensions": ["*"], "path": "head", "backend": "nullbackend", "walltime": "", "description": "Print the first lines of a file up to the specified number, default 10."}}