{"tool": {"outputExtensions": [], "display_name": "hostname", "name": "hostname", "parameter_list": [{"default_value": "", "mandatory": false, "use_output_filename__switch": null, "output_file": false, "possible_values": "", "rank": null, "switch_use__description": "Only the switch will be passed in the argument list.", "switch_use__formatstring": "%(switch)s", "switch": "-h", "acceptedExtensionList": [], "helptext": null, "batch_bundle_files": false, "file_assignment": "none", "hidden": false, "id": 1591, "switch_use__display_text": "switchOnly"}], "accepts_input": false, "job_type": "", "enabled": true, "cpus": "", "fs_backend": "nullbackend", "queue": "", "module": "", "max_memory": null, "inputExtensions": [], "path": "hostname", "backend": "nullbackend", "walltime": "", "description": "hostname"}}