<?xml version="1.0" encoding="UTF-8" standalone="no"?>
<tool>
    <toolname>Exorcist</toolname>
    <package>audio.processing.userpresets</package>
    <version>0.1-SNAPSHOT</version>
    <inportnum>1</inportnum>
    <outportnum>1</outportnum>
    <inparam/>
    <outparam/>
    <input>
        <node index="0">
            <type>triana.types.audio.MultipleAudio</type>
        </node>
    </input>
    <output>
        <node index="0">
            <type>triana.types.audio.MultipleAudio</type>
        </node>
    </output>
    <parameters>
        <param name="guiY" type="gui">
            <value>4.407894736842105</value>
        </param>
        <param name="guiX" type="gui">
            <value>2.1403508771929824</value>
        </param>
        <param name="popUpDescription" type="unknown">
            <value>No description for tool</value>
        </param>
    </parameters>
    <tasks>
        <task>
            <toolname>Reverse</toolname>
            <package>audio.processing.tools</package>
            <version>0.1</version>
            <proxy type="Java">
                <param paramname="unitName">
                    <value>Reverse</value>
                </param>
                <param paramname="unitPackage">
                    <value>audio.processing.tools</value>
                </param>
            </proxy>
            <inportnum>1</inportnum>
            <outportnum>1</outportnum>
            <inparam/>
            <outparam/>
            <input>
                <type>triana.types.audio.MultipleAudio</type>
            </input>
            <output>
                <type>triana.types.audio.MultipleAudio</type>
            </output>
            <parameters>
                <param name="guiY" type="gui">
                    <value>0.0789473684210531</value>
                </param>
                <param name="guiX" type="gui">
                    <value>0.0</value>
                </param>
                <param name="outputType0" type="unknown">
                    <value>triana.types.audio.MultipleAudio</value>
                </param>
            </parameters>
        </task>
        <task>
            <toolname>Phaser</toolname>
            <package>audio.processing.modulation</package>
            <version>0.1</version>
            <proxy type="Java">
                <param paramname="unitName">
                    <value>VariableDelay</value>
                </param>
                <param paramname="unitPackage">
                    <value>audio.processing.modulation</value>
                </param>
            </proxy>
            <inportnum>1</inportnum>
            <outportnum>1</outportnum>
            <inparam/>
            <outparam/>
            <input>
                <type>triana.types.audio.MultipleAudio</type>
            </input>
            <output>
                <type>triana.types.audio.MultipleAudio</type>
            </output>
            <parameters>
                <param name="delayInMs" type="userAccessible">
                    <value>2.000</value>
                </param>
                <param name="LFOType" type="userAccessible">
                    <value>sinusoidal</value>
                </param>
                <param name="feedback" type="userAccessible">
                    <value>50</value>
                </param>
                <param name="outputType0" type="unknown">
                    <value>triana.types.audio.MultipleAudio</value>
                </param>
                <param name="amplitude" type="userAccessible">
                    <value>38</value>
                </param>
                <param name="filterType" type="userAccessible">
                    <value>allpass</value>
                </param>
                <param name="summingType" type="userAccessible">
                    <value>Type 1</value>
                </param>
                <param name="oscillationPeriod" type="userAccessible">
                    <value>88200</value>
                </param>
                <param name="chunked" type="userAccessible">
                    <value>false</value>
                </param>
                <param name="guiY" type="gui">
                    <value>0.0</value>
                </param>
                <param name="guiX" type="gui">
                    <value>1.105263157894737</value>
                </param>
            </parameters>
        </task>
        <taskgraph>
            <toolname>Large Hall</toolname>
            <package>audio.processing.reverb</package>
            <version>0.1</version>
            <inportnum>1</inportnum>
            <outportnum>1</outportnum>
            <inparam/>
            <outparam/>
            <input>
                <node index="0">
                    <type>triana.types.audio.MultipleAudio</type>
                </node>
            </input>
            <output>
                <node index="0">
                    <type>triana.types.audio.MultipleAudio</type>
                </node>
            </output>
            <parameters>
                <param name="guiY" type="gui">
                    <value>0.02631578947368407</value>
                </param>
                <param name="guiX" type="gui">
                    <value>2.2017543859649122</value>
                </param>
                <param name="popUpDescription" type="unknown">
                    <value>No description for tool</value>
                </param>
            </parameters>
            <tasks>
                <task>
                    <toolname>CombDelay3</toolname>
                    <package>audio.processing.delay</package>
                    <version>0.1</version>
                    <proxy type="Java">
                        <param paramname="unitName">
                            <value>CombDelay</value>
                        </param>
                        <param paramname="unitPackage">
                            <value>audio.processing.delay</value>
                        </param>
                    </proxy>
                    <inportnum>1</inportnum>
                    <outportnum>1</outportnum>
                    <inparam/>
                    <outparam/>
                    <input>
                        <type>triana.types.audio.MultipleAudio</type>
                    </input>
                    <output>
                        <type>triana.types.audio.MultipleAudio</type>
                    </output>
                    <parameters>
                        <param name="delayInMs" type="userAccessible">
                            <value>62.266</value>
                        </param>
                        <param name="feedback" type="userAccessible">
                            <value>83</value>
                        </param>
                        <param name="outputType0" type="unknown">
                            <value>triana.types.audio.MultipleAudio</value>
                        </param>
                        <param name="filterType" type="userAccessible">
                            <value>Standard Feedback Filter</value>
                        </param>
                        <param name="chunked" type="userAccessible">
                            <value>false</value>
                        </param>
                        <param name="guiY" type="gui">
                            <value>4.526315789473684</value>
                        </param>
                        <param name="guiX" type="gui">
                            <value>1.3070175438596492</value>
                        </param>
                    </parameters>
                </task>
                <task>
                    <toolname>CombDelay2</toolname>
                    <package>audio.processing.delay</package>
                    <version>0.1</version>
                    <proxy type="Java">
                        <param paramname="unitName">
                            <value>CombDelay</value>
                        </param>
                        <param paramname="unitPackage">
                            <value>audio.processing.delay</value>
                        </param>
                    </proxy>
                    <inportnum>1</inportnum>
                    <outportnum>1</outportnum>
                    <inparam/>
                    <outparam/>
                    <input>
                        <type>triana.types.audio.MultipleAudio</type>
                    </input>
                    <output>
                        <type>triana.types.audio.MultipleAudio</type>
                    </output>
                    <parameters>
                        <param name="delayInMs" type="userAccessible">
                            <value>94.236</value>
                        </param>
                        <param name="feedback" type="userAccessible">
                            <value>80</value>
                        </param>
                        <param name="outputType0" type="unknown">
                            <value>triana.types.audio.MultipleAudio</value>
                        </param>
                        <param name="filterType" type="userAccessible">
                            <value>Standard Feedback Filter</value>
                        </param>
                        <param name="chunked" type="userAccessible">
                            <value>false</value>
                        </param>
                        <param name="guiY" type="gui">
                            <value>2.9736842105263155</value>
                        </param>
                        <param name="guiX" type="gui">
                            <value>1.3070175438596492</value>
                        </param>
                    </parameters>
                </task>
                <task>
                    <toolname>CombDelay</toolname>
                    <package>audio.processing.delay</package>
                    <version>0.1</version>
                    <proxy type="Java">
                        <param paramname="unitName">
                            <value>CombDelay</value>
                        </param>
                        <param paramname="unitPackage">
                            <value>audio.processing.delay</value>
                        </param>
                    </proxy>
                    <inportnum>1</inportnum>
                    <outportnum>1</outportnum>
                    <inparam/>
                    <outparam/>
                    <input>
                        <type>triana.types.audio.MultipleAudio</type>
                    </input>
                    <output>
                        <type>triana.types.audio.MultipleAudio</type>
                    </output>
                    <parameters>
                        <param name="delayInMs" type="userAccessible">
                            <value>72.015</value>
                        </param>
                        <param name="feedback" type="userAccessible">
                            <value>89</value>
                        </param>
                        <param name="outputType0" type="unknown">
                            <value>triana.types.audio.MultipleAudio</value>
                        </param>
                        <param name="filterType" type="userAccessible">
                            <value>Standard Feedback Filter</value>
                        </param>
                        <param name="chunked" type="userAccessible">
                            <value>false</value>
                        </param>
                        <param name="guiY" type="gui">
                            <value>0.0</value>
                        </param>
                        <param name="guiX" type="gui">
                            <value>1.2982456140350878</value>
                        </param>
                    </parameters>
                </task>
                <task>
                    <toolname>Fader</toolname>
                    <package>audio.processing.tools</package>
                    <version>0.1</version>
                    <proxy type="Java">
                        <param paramname="unitName">
                            <value>Fader</value>
                        </param>
                        <param paramname="unitPackage">
                            <value>audio.processing.tools</value>
                        </param>
                    </proxy>
                    <inportnum>1</inportnum>
                    <outportnum>4</outportnum>
                    <inparam/>
                    <outparam/>
                    <input>
                        <type>triana.types.audio.MultipleAudio</type>
                    </input>
                    <output>
                        <type>triana.types.audio.MultipleAudio</type>
                    </output>
                    <parameters>
                        <param name="outputType3" type="unknown">
                            <value>triana.types.audio.MultipleAudio</value>
                        </param>
                        <param name="outputType2" type="unknown">
                            <value>triana.types.audio.MultipleAudio</value>
                        </param>
                        <param name="outputType1" type="unknown">
                            <value>triana.types.audio.MultipleAudio</value>
                        </param>
                        <param name="outputType0" type="unknown">
                            <value>triana.types.audio.MultipleAudio</value>
                        </param>
                        <param name="volumeInDB" type="userAccessible">
                            <value>0</value>
                        </param>
                        <param name="guiY" type="gui">
                            <value>1.9736842105263157</value>
                        </param>
                        <param name="guiX" type="gui">
                            <value>0.0</value>
                        </param>
                    </parameters>
                </task>
                <task>
                    <toolname>AllPass</toolname>
                    <package>audio.processing.delay</package>
                    <version>0.1</version>
                    <proxy type="Java">
                        <param paramname="unitName">
                            <value>AllPass</value>
                        </param>
                        <param paramname="unitPackage">
                            <value>audio.processing.delay</value>
                        </param>
                    </proxy>
                    <inportnum>1</inportnum>
                    <outportnum>1</outportnum>
                    <inparam/>
                    <outparam/>
                    <input>
                        <type>triana.types.audio.MultipleAudio</type>
                    </input>
                    <output>
                        <type>triana.types.audio.MultipleAudio</type>
                    </output>
                    <parameters>
                        <param name="feedback" type="userAccessible">
                            <value>70</value>
                        </param>
                        <param name="guiY" type="gui">
                            <value>2.131578947368421</value>
                        </param>
                        <param name="guiX" type="gui">
                            <value>3.956140350877193</value>
                        </param>
                        <param name="chunked" type="userAccessible">
                            <value>false</value>
                        </param>
                        <param name="delayInMs" type="userAccessible">
                            <value>5.000</value>
                        </param>
                    </parameters>
                </task>
                <task>
                    <toolname>CombDelay1</toolname>
                    <package>audio.processing.delay</package>
                    <version>0.1</version>
                    <proxy type="Java">
                        <param paramname="unitName">
                            <value>CombDelay</value>
                        </param>
                        <param paramname="unitPackage">
                            <value>audio.processing.delay</value>
                        </param>
                    </proxy>
                    <inportnum>1</inportnum>
                    <outportnum>1</outportnum>
                    <inparam/>
                    <outparam/>
                    <input>
                        <type>triana.types.audio.MultipleAudio</type>
                    </input>
                    <output>
                        <type>triana.types.audio.MultipleAudio</type>
                    </output>
                    <parameters>
                        <param name="delayInMs" type="userAccessible">
                            <value>106.546</value>
                        </param>
                        <param name="feedback" type="userAccessible">
                            <value>73</value>
                        </param>
                        <param name="outputType0" type="unknown">
                            <value>triana.types.audio.MultipleAudio</value>
                        </param>
                        <param name="filterType" type="userAccessible">
                            <value>Standard Feedback Filter</value>
                        </param>
                        <param name="chunked" type="userAccessible">
                            <value>false</value>
                        </param>
                        <param name="guiY" type="gui">
                            <value>1.5263157894736843</value>
                        </param>
                        <param name="guiX" type="gui">
                            <value>1.2982456140350878</value>
                        </param>
                    </parameters>
                </task>
                <task>
                    <toolname>AllPass1</toolname>
                    <package>audio.processing.delay</package>
                    <version>0.1</version>
                    <proxy type="Java">
                        <param paramname="unitName">
                            <value>AllPass</value>
                        </param>
                        <param paramname="unitPackage">
                            <value>audio.processing.delay</value>
                        </param>
                    </proxy>
                    <inportnum>1</inportnum>
                    <outportnum>1</outportnum>
                    <inparam/>
                    <outparam/>
                    <input>
                        <type>triana.types.audio.MultipleAudio</type>
                    </input>
                    <output>
                        <type>triana.types.audio.MultipleAudio</type>
                    </output>
                    <parameters>
                        <param name="feedback" type="userAccessible">
                            <value>70</value>
                        </param>
                        <param name="guiY" type="gui">
                            <value>2.131578947368421</value>
                        </param>
                        <param name="guiX" type="gui">
                            <value>5.149122807017544</value>
                        </param>
                        <param name="chunked" type="userAccessible">
                            <value>false</value>
                        </param>
                        <param name="delayInMs" type="userAccessible">
                            <value>1.700</value>
                        </param>
                    </parameters>
                </task>
                <task>
                    <toolname>NodeMixer</toolname>
                    <package>audio.processing.tools</package>
                    <version>0.1</version>
                    <proxy type="Java">
                        <param paramname="unitName">
                            <value>NodeMixer</value>
                        </param>
                        <param paramname="unitPackage">
                            <value>audio.processing.tools</value>
                        </param>
                    </proxy>
                    <inportnum>4</inportnum>
                    <outportnum>1</outportnum>
                    <inparam/>
                    <outparam/>
                    <input>
                        <type>triana.types.audio.MultipleAudio</type>
                    </input>
                    <output>
                        <type>triana.types.audio.MultipleAudio</type>
                    </output>
                    <parameters>
                        <param name="guiY" type="gui">
                            <value>1.894736842105263</value>
                        </param>
                        <param name="guiX" type="gui">
                            <value>2.8157894736842106</value>
                        </param>
                        <param name="normal" type="userAccessible">
                            <value>100</value>
                        </param>
                    </parameters>
                </task>
                <connections>
                    <connection type="NonRunnable">
                        <source node="3" taskname="Fader"/>
                        <target node="0" taskname="CombDelay3"/>
                    </connection>
                    <connection type="NonRunnable">
                        <source node="0" taskname="CombDelay3"/>
                        <target node="3" taskname="NodeMixer"/>
                    </connection>
                    <connection type="NonRunnable">
                        <source node="2" taskname="Fader"/>
                        <target node="0" taskname="CombDelay2"/>
                    </connection>
                    <connection type="NonRunnable">
                        <source node="0" taskname="CombDelay2"/>
                        <target node="2" taskname="NodeMixer"/>
                    </connection>
                    <connection type="NonRunnable">
                        <source node="0" taskname="Fader"/>
                        <target node="0" taskname="CombDelay"/>
                    </connection>
                    <connection type="NonRunnable">
                        <source node="0" taskname="CombDelay"/>
                        <target node="0" taskname="NodeMixer"/>
                    </connection>
                    <connection type="NonRunnable">
                        <source node="1" taskname="Fader"/>
                        <target node="0" taskname="CombDelay1"/>
                    </connection>
                    <connection type="NonRunnable">
                        <source node="0" taskname="NodeMixer"/>
                        <target node="0" taskname="AllPass"/>
                    </connection>
                    <connection type="NonRunnable">
                        <source node="0" taskname="AllPass"/>
                        <target node="0" taskname="AllPass1"/>
                    </connection>
                    <connection type="NonRunnable">
                        <source node="0" taskname="CombDelay1"/>
                        <target node="1" taskname="NodeMixer"/>
                    </connection>
                </connections>
                <groupnodemapping>
                    <input>
                        <node externalnode="0" node="0" taskname="Fader"/>
                    </input>
                    <output>
                        <node externalnode="0" node="0" taskname="AllPass1"/>
                    </output>
                </groupnodemapping>
            </tasks>
        </taskgraph>
        <task>
            <toolname>Reverse1</toolname>
            <package>audio.processing.tools</package>
            <version>0.1</version>
            <proxy type="Java">
                <param paramname="unitName">
                    <value>Reverse</value>
                </param>
                <param paramname="unitPackage">
                    <value>audio.processing.tools</value>
                </param>
            </proxy>
            <inportnum>1</inportnum>
            <outportnum>1</outportnum>
            <inparam/>
            <outparam/>
            <input>
                <type>triana.types.audio.MultipleAudio</type>
            </input>
            <output>
                <type>triana.types.audio.MultipleAudio</type>
            </output>
            <parameters>
                <param name="guiY" type="gui">
                    <value>0.0</value>
                </param>
                <param name="guiX" type="gui">
                    <value>3.3157894736842106</value>
                </param>
            </parameters>
        </task>
        <connections>
            <connection type="NonRunnable">
                <source node="0" taskname="Reverse"/>
                <target node="0" taskname="Phaser"/>
            </connection>
            <connection type="NonRunnable">
                <source node="0" taskname="Phaser"/>
                <target node="0" taskname="Large Hall"/>
            </connection>
            <connection type="NonRunnable">
                <source node="0" taskname="Large Hall"/>
                <target node="0" taskname="Reverse1"/>
            </connection>
        </connections>
        <groupnodemapping>
            <input>
                <node externalnode="0" node="0" taskname="Reverse"/>
            </input>
            <output>
                <node externalnode="0" node="0" taskname="Reverse1"/>
            </output>
        </groupnodemapping>
    </tasks>
</tool>
